#include "lvgl.h"
#include "analog_hour_hand_flat.h"

#ifndef LV_ATTRIBUTE_MEM_ALIGN
#define LV_ATTRIBUTE_MEM_ALIGN
#endif

#ifndef LV_ATTRIBUTE_IMAGE_ANALOG_HOUR_HAND_FLAT
#define LV_ATTRIBUTE_IMAGE_ANALOG_HOUR_HAND_FLAT
#endif

const LV_ATTRIBUTE_MEM_ALIGN LV_ATTRIBUTE_LARGE_CONST LV_ATTRIBUTE_IMAGE_ANALOG_HOUR_HAND_FLAT uint8_t analog_hour_hand_flat_map[] = {
  0x00, 0x00, 0x00, 0x00, 0x00, 0x00, 0x00, 0x00, 0x00, 0x00, 0x00, 0x00,
  0x00, 0x00, 0x00, 0x00, 0x00, 0x00, 0x00, 0x00, 0x00, 0x00, 0x00, 0x00,
  0x00, 0x00, 0x00, 0x00, 0x00, 0x00, 0x00, 0x00, 0x00, 0x00, 0x00, 0x00,
  0x00, 0x00, 0x00, 0x00, 0x00, 0x00, 0x00, 0x00, 0x00, 0x00, 0x00, 0x00,
  0x00, 0x00, 0x00, 0x00, 0x00, 0x00, 0x00, 0x00, 0x00, 0x00, 0x00, 0x00,
  0x00, 0x00, 0x00, 0x00, 0x00, 0x00, 0x00, 0x00, 0x00, 0x00, 0x00, 0x00,
  0x00, 0x00, 0x00, 0x00, 0x00, 0x00, 0x00, 0x00, 0x00, 0x00, 0x00, 0x00,
  0x00, 0x00, 0x00, 0x00, 0x00, 0x00, 0x00, 0x00, 0x00, 0x00, 0x00, 0x00,
  0x00, 0x00, 0x00, 0x00, 0x00, 0x00, 0x00, 0x00, 0x00, 0x00, 0x00, 0x00,
  0x00, 0x00, 0x00, 0x00, 0x00, 0x00, 0x00, 0x00, 0x00, 0x00, 0x00, 0x00,
  0x00, 0x00, 0x00, 0x00, 0x00, 0x00, 0x00, 0x00, 0x00, 0x00, 0x00, 0x00,
  0x00, 0x00, 0x00, 0x00, 0x00, 0x00, 0x00, 0x00, 0x00, 0x00, 0x00, 0x00,
  0x00, 0x00, 0x00, 0x00, 0x00, 0x00, 0x00, 0x00, 0x00, 0x00, 0x00, 0x00,
  0x00, 0x00, 0x00, 0x00, 0x00, 0x00, 0x00, 0x00, 0x00, 0x00, 0x00, 0x00,
  0x00, 0x00, 0x00, 0x00, 0x00, 0x00, 0x00, 0x00, 0x00, 0x00, 0x00, 0x00,
  0x00, 0x00, 0x00, 0x00, 0x00, 0x00, 0x00, 0x00, 0x00, 0x00, 0x00, 0x00,
  0x00, 0x00, 0x00, 0x00, 0x00, 0x00, 0x00, 0x00, 0x00, 0x00, 0x00, 0x00,
  0x00, 0x00, 0x00, 0x00, 0x00, 0x00, 0x00, 0x00, 0x00, 0x00, 0x00, 0x00,
  0x00, 0x00, 0x00, 0x00, 0x00, 0x00, 0x00, 0x00, 0x00, 0x00, 0x00, 0x00,
  0x00, 0x00, 0x00, 0x00, 0x00, 0x00, 0x00, 0x00, 0x00, 0x00, 0x00, 0x00,
  0x00, 0x00, 0x00, 0x00, 0x00, 0x00, 0x00, 0x00, 0x00, 0x00, 0x00, 0x00,
  0x00, 0x00, 0x00, 0x00, 0x00, 0x00, 0x00, 0x00, 0x00, 0x00, 0x00, 0x00,
  0x00, 0x00, 0x00, 0x00, 0x00, 0x00, 0x00, 0x00, 0x00, 0x00, 0x00, 0x00,
  0x00, 0x00, 0x00, 0x00, 0x00, 0x00, 0x00, 0x00, 0x00, 0x00, 0x00, 0x00,
  0x00, 0x00, 0x00, 0x00, 0x00, 0x00, 0x00, 0x00, 0x00, 0x00, 0x00, 0x00,
  0x00, 0x00, 0x00, 0x00, 0x00, 0x00, 0x00, 0x00, 0x00, 0x00, 0x00, 0x00,
  0x00, 0x00, 0x00, 0x00, 0x00, 0x00, 0x00, 0x00, 0x00, 0x00, 0x00, 0x00,
  0x00, 0x00, 0x00, 0x00, 0x00, 0x00, 0x00, 0x00, 0x00, 0x00, 0x00, 0x00,
  0x00, 0x00, 0x00, 0x00, 0x00, 0x00, 0x00, 0x00, 0x00, 0x00, 0x00, 0x00,
  0x00, 0x00, 0x00, 0x00, 0x00, 0x00, 0x00, 0x00, 0x00, 0x00, 0x00, 0x00,
  0x00, 0x00, 0x00, 0x00, 0x00, 0x00, 0x00, 0x00, 0x00, 0x00, 0x00, 0x00,
  0x00, 0x00, 0x00, 0x00, 0x00, 0x00, 0x00, 0x00, 0x00, 0x00, 0x00, 0x00,
  0x00, 0x00, 0x00, 0x00, 0x00, 0x00, 0x00, 0x00, 0x00, 0x00, 0x00, 0x00,
  0x00, 0x00, 0x00, 0x00, 0x00, 0x00, 0x00, 0x00, 0x00, 0x00, 0x00, 0x00,
  0x00, 0x00, 0x00, 0x00, 0x00, 0x00, 0x00, 0x00, 0x00, 0x00, 0x00, 0x00,
  0x00, 0x00, 0x00, 0x00, 0x00, 0x00, 0x00, 0x00, 0x00, 0x00, 0x00, 0x00,
  0x00, 0x00, 0x00, 0x00, 0x00, 0x00, 0x00, 0x00, 0x00, 0x00, 0x00, 0x00,
  0x00, 0x00, 0x00, 0x00, 0x00, 0x00, 0x00, 0x00, 0x00, 0x00, 0x00, 0x00,
  0x00, 0x00, 0x00, 0x00, 0x00, 0x00, 0x00, 0x00, 0x00, 0x00, 0x00, 0x00,
  0x00, 0x00, 0x00, 0x00, 0x00, 0x00, 0x00, 0x00, 0x00, 0x00, 0x00, 0x00,
  0x00, 0x00, 0x00, 0x00, 0x00, 0x00, 0x00, 0x00, 0x00, 0x00, 0x00, 0x00,
  0x00, 0x00, 0x00, 0x00, 0x00, 0x00, 0x00, 0x00, 0x00, 0x00, 0x00, 0x00,
  0x00, 0x00, 0x00, 0x00, 0x00, 0x00, 0x00, 0x00, 0x00, 0x00, 0x00, 0x00,
  0x00, 0x00, 0x00, 0x00, 0x00, 0x00, 0x00, 0x00, 0x00, 0x00, 0x00, 0x00,
  0x00, 0x00, 0x00, 0x00, 0x00, 0x00, 0x00, 0x00, 0x00, 0x00, 0x00, 0x00,
  0x00, 0x00, 0x00, 0x00, 0x00, 0x00, 0x00, 0x00, 0x00, 0x00, 0x00, 0x00,
  0x00, 0x00, 0x00, 0x00, 0x00, 0x00, 0x00, 0x00, 0x00, 0x00, 0x00, 0x00,
  0x00, 0x00, 0x00, 0x00, 0x00, 0x00, 0x00, 0x00, 0x00, 0x00, 0x00, 0x00,
  0x00, 0x00, 0x00, 0x00, 0x00, 0x00, 0x00, 0x00, 0x00, 0x00, 0x00, 0x00,
  0x00, 0x00, 0x00, 0x00, 0x00, 0x00, 0x00, 0x00, 0x00, 0x00, 0x00, 0x00,
  0x00, 0x00, 0x00, 0x00, 0x00, 0x00, 0x00, 0x00, 0x00, 0x00, 0x00, 0x00,
  0x00, 0x00, 0x00, 0x00, 0x00, 0x00, 0x00, 0x00, 0x00, 0x00, 0x00, 0x00,
  0x00, 0x00, 0x00, 0x00, 0x00, 0x00, 0x00, 0x00, 0x00, 0x00, 0x00, 0x00,
  0x00, 0x00, 0x00, 0x00, 0x00, 0x00, 0x00, 0x00, 0x00, 0x00, 0x00, 0x00,
  0x00, 0x00, 0x00, 0x00, 0x00, 0x00, 0x00, 0x00, 0x00, 0x00, 0x00, 0x00,
  0x00, 0x00, 0x00, 0x00, 0x00, 0x00, 0x00, 0x00, 0x00, 0x00, 0x00, 0x00,
  0x00, 0x00, 0x00, 0x00, 0x00, 0x00, 0x00, 0x00, 0x00, 0x00, 0x00, 0x00,
  0x00, 0x00, 0x00, 0x00, 0x00, 0x00, 0x00, 0x00, 0x00, 0x00, 0x00, 0x00,
  0x00, 0x00, 0x00, 0x00, 0x00, 0x00, 0x00, 0x00, 0x00, 0x00, 0x00, 0x00,
  0x00, 0x00, 0x00, 0x00, 0x00, 0x00, 0x00, 0x00, 0x00, 0x00, 0x00, 0x00,
  0x00, 0x00, 0x00, 0x00, 0x00, 0x00, 0x00, 0x00, 0x00, 0x00, 0x00, 0x00,
  0x00, 0x00, 0x00, 0x00, 0x00, 0x00, 0x00, 0x00, 0x00, 0x00, 0x00, 0x00,
  0x00, 0x00, 0x00, 0x00, 0x00, 0x00, 0x00, 0x00, 0x00, 0x00, 0x00, 0x00,
  0x00, 0x00, 0x00, 0x00, 0x00, 0x00, 0x00, 0x00, 0x00, 0x00, 0x00, 0x00,
  0x00, 0x00, 0x00, 0x00, 0x00, 0x00, 0x00, 0x00, 0x00, 0x00, 0x00, 0x00,
  0x00, 0x00, 0x00, 0x00, 0x00, 0x00, 0x00, 0x00, 0x00, 0x00, 0x00, 0x00,
  0x00, 0x00, 0x00, 0x00, 0x00, 0x00, 0x00, 0x00, 0x00, 0x00, 0x00, 0x00,
  0x00, 0x00, 0x00, 0x00, 0x00, 0x00, 0x00, 0x00, 0x00, 0x00, 0x00, 0x00,
  0x00, 0x00, 0x00, 0x00, 0x00, 0x00, 0x00, 0x00, 0x00, 0x00, 0x00, 0x00,
  0x00, 0x00, 0x00, 0x00, 0x00, 0x00, 0x00, 0x00, 0x00, 0x00, 0x00, 0x00,
  0x00, 0x00, 0x00, 0x00, 0x00, 0x00, 0x00, 0x00, 0x00, 0x00, 0x00, 0x00,
  0x00, 0x00, 0x00, 0x00, 0x00, 0x00, 0x00, 0x00, 0x00, 0x00, 0x00, 0x00,
  0x00, 0x00, 0x00, 0x00, 0x00, 0x00, 0x00, 0x00, 0x00, 0x00, 0x00, 0x00,
  0x00, 0x00, 0x00, 0x00, 0x00, 0x00, 0x00, 0x00, 0x00, 0x00, 0x00, 0x00,
  0x00, 0x00, 0x00, 0x00, 0x00, 0x00, 0x00, 0x00, 0x00, 0x00, 0x00, 0x00,
  0x00, 0x00, 0x00, 0x00, 0x00, 0x00, 0x00, 0x00, 0x00, 0x00, 0x00, 0x00,
  0x00, 0x00, 0x00, 0x00, 0x00, 0x00, 0x00, 0x00, 0x00, 0x00, 0x00, 0x00,
  0x00, 0x00, 0x00, 0x00, 0x00, 0x00, 0x00, 0x00, 0x00, 0x00, 0x00, 0x00,
  0x00, 0x00, 0x00, 0x00, 0x00, 0x00, 0x00, 0x00, 0x00, 0x00, 0x00, 0x00,
  0x00, 0x00, 0x00, 0x00, 0x00, 0x00, 0x00, 0x00, 0x00, 0x00, 0x00, 0x00,
  0x00, 0x00, 0x00, 0x00, 0x00, 0x00, 0x00, 0x00, 0x00, 0x00, 0x00, 0x00,
  0x00, 0x00, 0x00, 0x00, 0x00, 0x00, 0x00, 0x00, 0x00, 0x00, 0x00, 0x00,
  0x00, 0x00, 0x00, 0x00, 0x00, 0x00, 0x00, 0x00, 0x00, 0x00, 0x00, 0x00,
  0x00, 0x00, 0x00, 0x00, 0x00, 0x00, 0x00, 0x00, 0x00, 0x00, 0x00, 0x00,
  0x00, 0x00, 0x00, 0x00, 0x00, 0x00, 0x00, 0x00, 0x00, 0x00, 0x00, 0x00,
  0x00, 0x00, 0x00, 0x00, 0x00, 0x00, 0x00, 0x00, 0x00, 0x00, 0x00, 0x00,
  0x00, 0x00, 0x00, 0x00, 0x00, 0x00, 0x00, 0x00, 0x00, 0x00, 0x00, 0x00,
  0x00, 0x00, 0x00, 0x00, 0x00, 0x00, 0x00, 0x00, 0x00, 0x00, 0x00, 0x00,
  0x00, 0x00, 0x00, 0x00, 0x00, 0x00, 0x00, 0x00, 0x00, 0x00, 0x00, 0x00,
  0x00, 0x00, 0x00, 0x00, 0x00, 0x00, 0x00, 0x00, 0x00, 0x00, 0x00, 0x00,
  0x00, 0x00, 0x00, 0x00, 0x00, 0x00, 0x00, 0x00, 0x00, 0x00, 0x00, 0x00,
  0x00, 0x00, 0x00, 0x00, 0x00, 0x00, 0x00, 0x00, 0x00, 0x00, 0x00, 0x00,
  0x00, 0x00, 0x00, 0x00, 0x00, 0x00, 0x00, 0x00, 0x00, 0x00, 0x00, 0x00,
  0x00, 0x00, 0x00, 0x00, 0x00, 0x00, 0x00, 0x00, 0x00, 0x00, 0x00, 0x00,
  0x00, 0x00, 0x00, 0x00, 0x00, 0x00, 0x00, 0x00, 0x00, 0x00, 0x00, 0x00,
  0x00, 0x00, 0x00, 0x00, 0x00, 0x00, 0x00, 0x00, 0x00, 0x00, 0x00, 0x00,
  0x00, 0x00, 0x00, 0x00, 0x00, 0x00, 0x00, 0x00, 0x00, 0x00, 0x00, 0x00,
  0x00, 0x00, 0x00, 0x00, 0x00, 0x00, 0x00, 0x00, 0x00, 0x00, 0x00, 0x00,
  0x00, 0x00, 0x00, 0x00, 0x00, 0x00, 0x00, 0x00, 0x00, 0x00, 0x00, 0x00,
  0x00, 0x00, 0x00, 0x00, 0x00, 0x00, 0x00, 0x00, 0x00, 0x00, 0x00, 0x00,
  0x00, 0x00, 0x00, 0x00, 0x00, 0x00, 0x00, 0x00, 0x00, 0x00, 0x00, 0x00,
  0x00, 0x00, 0x00, 0x00, 0x00, 0x00, 0x00, 0x00, 0x00, 0x00, 0x00, 0x00,
  0x00, 0x00, 0x00, 0x00, 0x00, 0x00, 0x00, 0x00, 0x00, 0x00, 0x00, 0x00,
  0x00, 0x00, 0x00, 0x00, 0x00, 0x00, 0x00, 0x00, 0x00, 0x00, 0x00, 0x00,
  0x00, 0x00, 0x00, 0x00, 0x00, 0x00, 0x00, 0x00, 0x00, 0x00, 0x00, 0x00,
  0x00, 0x00, 0x00, 0x00, 0x00, 0x00, 0x00, 0x00, 0x00, 0x00, 0x00, 0x00,
  0x00, 0x00, 0x00, 0x00, 0x00, 0x00, 0x00, 0x00, 0x00, 0x00, 0x00, 0x00,
  0x00, 0x00, 0x00, 0x00, 0x00, 0x00, 0x00, 0x00, 0x00, 0x00, 0x00, 0x00,
  0x00, 0x00, 0x00, 0x00, 0x00, 0x00, 0x00, 0x00, 0x00, 0x00, 0x00, 0x00,
  0x00, 0x00, 0x00, 0x00, 0x00, 0x00, 0x00, 0x00, 0x00, 0x00, 0x00, 0x00,
  0x00, 0x00, 0x00, 0x00, 0x00, 0x00, 0x00, 0x00, 0x00, 0x00, 0x00, 0x00,
  0x00, 0x00, 0x00, 0x00, 0x00, 0x00, 0x00, 0x00, 0x00, 0x00, 0x00, 0x00,
  0x00, 0x00, 0x00, 0x00, 0x00, 0x00, 0x00, 0x00, 0x00, 0x00, 0x00, 0x00,
  0x00, 0x00, 0x00, 0x00, 0x00, 0x00, 0x00, 0x00, 0x00, 0x00, 0x00, 0x00,
  0x00, 0x00, 0x00, 0x00, 0x00, 0x00, 0x00, 0x00, 0x00, 0x00, 0x00, 0x00,
  0x00, 0x00, 0x00, 0x00, 0x00, 0x00, 0x00, 0x00, 0x00, 0x00, 0x00, 0x00,
  0x00, 0x00, 0x00, 0x00, 0x00, 0x00, 0x00, 0x00, 0x00, 0x00, 0x00, 0x00,
  0x00, 0x00, 0x00, 0x00, 0x00, 0x00, 0x00, 0x00, 0x00, 0x00, 0x00, 0x00,
  0x00, 0x00, 0x00, 0x00, 0x00, 0x00, 0x00, 0x00, 0x00, 0x00, 0x00, 0x00,
  0x00, 0x00, 0x00, 0x00, 0x00, 0x00, 0x00, 0x00, 0x00, 0x00, 0x00, 0x00,
  0x00, 0x00, 0x00, 0x00, 0x00, 0x00, 0x00, 0x00, 0x00, 0x00, 0x00, 0x00,
  0x00, 0x00, 0x00, 0x00, 0x00, 0x00, 0x00, 0x00, 0x00, 0x00, 0x00, 0x00,
  0x00, 0x00, 0x00, 0x00, 0x00, 0x00, 0x00, 0x00, 0x00, 0x00, 0x00, 0x00,
  0x00, 0x00, 0x00, 0x00, 0x00, 0x00, 0x00, 0x00, 0x00, 0x00, 0x00, 0x00,
  0x00, 0x00, 0x00, 0x00, 0x00, 0x00, 0x00, 0x00, 0x00, 0x00, 0x00, 0x00,
  0x00, 0x00, 0x00, 0x00, 0x00, 0x00, 0x00, 0x00, 0x00, 0x00, 0x00, 0x00,
  0x00, 0x00, 0x00, 0x00, 0x00, 0x00, 0x00, 0x00, 0x00, 0x00, 0x00, 0x00,
  0x00, 0x00, 0x00, 0x00, 0x00, 0x00, 0x00, 0x00, 0x00, 0x00, 0x00, 0x00,
  0x00, 0x00, 0x00, 0x00, 0x00, 0x00, 0x00, 0x00, 0x00, 0x00, 0x00, 0x00,
  0x00, 0x00, 0x00, 0x00, 0x00, 0x00, 0x00, 0x00, 0x00, 0x00, 0x00, 0x00,
  0x00, 0x00, 0x00, 0x00, 0x00, 0x00, 0x00, 0x00, 0x00, 0x00, 0x00, 0x00,
  0x00, 0x00, 0x00, 0x00, 0x00, 0x00, 0x00, 0x00, 0x00, 0x00, 0x00, 0x00,
  0x00, 0x00, 0x00, 0x00, 0x00, 0x00, 0x00, 0x00, 0x00, 0x00, 0x00, 0x00,
  0x00, 0x00, 0x00, 0x00, 0x00, 0x00, 0x00, 0x00, 0x00, 0x00, 0x00, 0x00,
  0x00, 0x00, 0x00, 0x00, 0x00, 0x00, 0x00, 0x00, 0x00, 0x00, 0x00, 0x00,
  0x00, 0x00, 0x00, 0x00, 0x00, 0x00, 0x00, 0x00, 0x00, 0x00, 0x00, 0x00,
  0x00, 0x00, 0x00, 0x00, 0x00, 0x00, 0x00, 0x00, 0x00, 0x00, 0x00, 0x00,
  0x00, 0x00, 0x00, 0x00, 0x00, 0x00, 0x00, 0x00, 0x00, 0x00, 0x00, 0x00,
  0x00, 0x00, 0x00, 0x00, 0x00, 0x00, 0x00, 0x00, 0x00, 0x00, 0x00, 0x00,
  0x00, 0x00, 0x00, 0x00, 0x00, 0x00, 0x00, 0x00, 0x00, 0x00, 0x00, 0x00,
  0x00, 0x00, 0x00, 0x00, 0x00, 0x00, 0x00, 0x00, 0x00, 0x00, 0x00, 0x00,
  0x00, 0x00, 0x00, 0x00, 0x00, 0x00, 0x00, 0x00, 0x00, 0x00, 0x00, 0x00,
  0x00, 0x00, 0x00, 0x00, 0x00, 0x00, 0x00, 0x00, 0x00, 0x00, 0x00, 0x00,
  0x00, 0x00, 0x00, 0x00, 0x00, 0x00, 0x00, 0x00, 0x00, 0x00, 0x00, 0x00,
  0x00, 0x00, 0x00, 0x00, 0x00, 0x00, 0x00, 0x00, 0x00, 0x00, 0x00, 0x00,
  0x00, 0x00, 0x00, 0x00, 0x00, 0x00, 0x00, 0x00, 0x00, 0x00, 0x00, 0x00,
  0x00, 0x00, 0x00, 0x00, 0x00, 0x00, 0x00, 0x00, 0x00, 0x00, 0x00, 0x00,
  0x00, 0x00, 0x00, 0x00, 0x00, 0x00, 0x00, 0x00, 0x00, 0x00, 0x00, 0x00,
  0x00, 0x00, 0x00, 0x00, 0x00, 0x00, 0x00, 0x00, 0x00, 0x00, 0x00, 0x00,
  0x00, 0x00, 0x00, 0x00, 0x00, 0x00, 0x00, 0x00, 0x00, 0x00, 0x00, 0x00,
  0x00, 0x00, 0x00, 0x00, 0x00, 0x00, 0x00, 0x00, 0x00, 0x00, 0x00, 0x00,
  0x00, 0x00, 0x00, 0x00, 0x00, 0x00, 0x00, 0x00, 0x00, 0x00, 0x00, 0x00,
  0x00, 0x00, 0x00, 0x00, 0x00, 0x00, 0x00, 0x00, 0x00, 0x00, 0x00, 0x00,
  0x00, 0x00, 0x00, 0x00, 0x00, 0x00, 0x00, 0x00, 0x00, 0x00, 0x00, 0x00,
  0x00, 0x00, 0x00, 0x00, 0x00, 0x00, 0x00, 0x00, 0x00, 0x00, 0x00, 0x00,
  0x00, 0x00, 0x00, 0x00, 0x00, 0x00, 0x00, 0x00, 0x00, 0x00, 0x00, 0x00,
  0x00, 0x00, 0x00, 0x00, 0x00, 0x00, 0x00, 0x00, 0x00, 0x00, 0x00, 0x00,
  0x00, 0x00, 0x00, 0x00, 0x00, 0x00, 0x00, 0x00, 0x00, 0x00, 0x00, 0x00,
  0x00, 0x00, 0x00, 0x00, 0x00, 0x00, 0x00, 0x00, 0x00, 0x00, 0x00, 0x00,
  0x00, 0x00, 0x00, 0x00, 0x00, 0x00, 0x00, 0x00, 0x00, 0x00, 0x00, 0x00,
  0x00, 0x00, 0x00, 0x00, 0x00, 0x00, 0x00, 0x00, 0x00, 0x00, 0x00, 0x00,
  0x00, 0x00, 0x00, 0x00, 0x00, 0x00, 0x00, 0x00, 0x00, 0x00, 0x00, 0x00,
  0x00, 0x00, 0x00, 0x00, 0x00, 0x00, 0x00, 0x00, 0x00, 0x00, 0x00, 0x00,
  0x00, 0x00, 0x00, 0x00, 0x00, 0x00, 0x00, 0x00, 0x00, 0x00, 0x00, 0x00,
  0x00, 0x00, 0x00, 0x00, 0x00, 0x00, 0x00, 0x00, 0x00, 0x00, 0x00, 0x00,
  0x00, 0x00, 0x00, 0x00, 0x00, 0x00, 0x00, 0x00, 0x00, 0x00, 0x00, 0x00,
  0x00, 0x00, 0x00, 0x00, 0x00, 0x00, 0x00, 0x00, 0x00, 0x00, 0x00, 0x00,
  0x00, 0x00, 0x00, 0x00, 0x00, 0x00, 0x00, 0x00, 0x00, 0x00, 0x00, 0x00,
  0x00, 0x00, 0x00, 0x00, 0x00, 0x00, 0x00, 0x00, 0x00, 0x00, 0x00, 0x00,
  0x00, 0x00, 0x00, 0x00, 0x00, 0x00, 0x00, 0x00, 0x00, 0x00, 0x00, 0x00,
  0x00, 0x00, 0x00, 0x00, 0x00, 0x00, 0x00, 0x00, 0x00, 0x00, 0x00, 0x00,
  0x00, 0x00, 0x00, 0x00, 0x00, 0x00, 0x00, 0x00, 0x00, 0x00, 0x00, 0x00,
  0x00, 0x00, 0x00, 0x00, 0x00, 0x00, 0x00, 0x00, 0x00, 0x00, 0x00, 0x00,
  0x00, 0x00, 0x00, 0x00, 0x00, 0x00, 0x00, 0x00, 0x00, 0x00, 0x00, 0x00,
  0x00, 0x00, 0x00, 0x00, 0x00, 0x00, 0x00, 0x00, 0x00, 0x00, 0x00, 0x00,
  0x00, 0x00, 0x00, 0x00, 0x00, 0x00, 0x00, 0x00, 0x00, 0x00, 0x00, 0x00,
  0x00, 0x00, 0x00, 0x00, 0x00, 0x00, 0x00, 0x00, 0x00, 0x00, 0x00, 0x00,
  0x00, 0x00, 0x00, 0x00, 0x00, 0x00, 0x00, 0x00, 0x00, 0x00, 0x00, 0x00,
  0x00, 0x00, 0x00, 0x00, 0x00, 0x00, 0x00, 0x00, 0x00, 0x00, 0x00, 0x00,
  0x00, 0x00, 0x00, 0x00, 0x00, 0x00, 0x00, 0x00, 0x00, 0x00, 0x00, 0x00,
  0x00, 0x00, 0x00, 0x00, 0x00, 0x00, 0x00, 0x00, 0x00, 0x00, 0x00, 0x00,
  0x00, 0x00, 0x00, 0x00, 0x00, 0x00, 0x00, 0x00, 0x00, 0x00, 0x00, 0x00,
  0x00, 0x00, 0x00, 0x00, 0x00, 0x00, 0x00, 0x00, 0x00, 0x00, 0x00, 0x00,
  0x00, 0x00, 0x00, 0x00, 0x00, 0x00, 0x00, 0x00, 0x00, 0x00, 0x00, 0x00,
  0x00, 0x00, 0x00, 0x00, 0x00, 0x00, 0x00, 0x00, 0x00, 0x00, 0x00, 0x00,
  0x00, 0x00, 0x00, 0x00, 0x00, 0x00, 0x00, 0x00, 0x00, 0x00, 0x00, 0x00,
  0x00, 0x00, 0x00, 0x00, 0x00, 0x00, 0x00, 0x00, 0x00, 0x00, 0x00, 0x00,
  0x00, 0x00, 0x00, 0x00, 0x00, 0x00, 0x00, 0x00, 0x00, 0x00, 0x00, 0x00,
  0x00, 0x00, 0x00, 0x00, 0x00, 0x00, 0x00, 0x00, 0x00, 0x00, 0x00, 0x00,
  0x00, 0x00, 0x00, 0x00, 0x00, 0x00, 0x00, 0x00, 0x00, 0x00, 0x00, 0x00,
  0x00, 0x00, 0x00, 0x00, 0x00, 0x00, 0x00, 0x00, 0x00, 0x00, 0x00, 0x00,
  0x00, 0x00, 0x00, 0x00, 0x00, 0x00, 0x00, 0x00, 0x00, 0x00, 0x00, 0x00,
  0x00, 0x00, 0x00, 0x00, 0x00, 0x00, 0x00, 0x00, 0x00, 0x00, 0x00, 0x00,
  0x00, 0x00, 0x00, 0x00, 0x00, 0x00, 0x00, 0x00, 0x00, 0x00, 0x00, 0x00,
  0x00, 0x00, 0x00, 0x00, 0x00, 0x00, 0x00, 0x00, 0x00, 0x00, 0x00, 0x00,
  0x00, 0x00, 0x00, 0x00, 0x00, 0x00, 0x00, 0x00, 0x00, 0x00, 0x00, 0x00,
  0x00, 0x00, 0x00, 0x00, 0x00, 0x00, 0x00, 0x00, 0x00, 0x00, 0x00, 0x00,
  0x00, 0x00, 0x00, 0x00, 0x00, 0x00, 0x00, 0x00, 0x00, 0x00, 0x00, 0x00,
  0x00, 0x00, 0x00, 0x00, 0x00, 0x00, 0x00, 0x00, 0x00, 0x00, 0x00, 0x00,
  0x00, 0x00, 0x00, 0x00, 0x00, 0x00, 0x00, 0x00, 0x00, 0x00, 0x00, 0x00,
  0x00, 0x00, 0x00, 0x00, 0x00, 0x00, 0x00, 0x00, 0x00, 0x00, 0x00, 0x00,
  0x00, 0x00, 0x00, 0x00, 0x00, 0x00, 0x00, 0x00, 0x00, 0x00, 0x00, 0x00,
  0x00, 0x00, 0x00, 0x00, 0x00, 0x00, 0x00, 0x00, 0x00, 0x00, 0x00, 0x00,
  0x00, 0x00, 0x00, 0x00, 0x00, 0x00, 0x00, 0x00, 0x00, 0x00, 0x00, 0x00,
  0x00, 0x00, 0x00, 0x00, 0x00, 0x00, 0x00, 0x00, 0x00, 0x00, 0x00, 0x00,
  0x00, 0x00, 0x00, 0x00, 0x00, 0x00, 0x00, 0x00, 0x00, 0x00, 0x00, 0x00,
  0x00, 0x00, 0x00, 0x00, 0x00, 0x00, 0x00, 0x00, 0x00, 0x00, 0x00, 0x00,
  0x00, 0x00, 0x00, 0x00, 0x00, 0x00, 0x00, 0x00, 0x00, 0x00, 0x00, 0x00,
  0x00, 0x00, 0x00, 0x00, 0x00, 0x00, 0x00, 0x00, 0x00, 0x00, 0x00, 0x00,
  0x00, 0x00, 0x00, 0x00, 0x00, 0x00, 0x00, 0x00, 0xcf, 0xc2, 0xbc, 0x50,
  0xcf, 0xc2, 0xbc, 0x50, 0x00, 0x00, 0x00, 0x00, 0x00, 0x00, 0x00, 0x00,
  0x00, 0x00, 0x00, 0x00, 0x00, 0x00, 0x00, 0x00, 0x00, 0x00, 0x00, 0x00,
  0x00, 0x00, 0x00, 0x00, 0x00, 0x00, 0x00, 0x00, 0x00, 0x00, 0x00, 0x00,
  0x00, 0x00, 0x00, 0x00, 0x00, 0x00, 0x00, 0x00, 0x00, 0x00, 0x00, 0x00,
  0x00, 0x00, 0x00, 0x00, 0x00, 0x00, 0x00, 0x00, 0x00, 0x00, 0x00, 0x00,
  0x00, 0x00, 0x00, 0x00, 0x00, 0x00, 0x00, 0x00, 0x00, 0x00, 0x00, 0x00,
  0x00, 0x00, 0x00, 0x00, 0x00, 0x00, 0x00, 0x00, 0x00, 0x00, 0x00, 0x00,
  0x00, 0x00, 0x00, 0x00, 0x00, 0x00, 0x00, 0x00, 0x00, 0x00, 0x00, 0x00,
  0x00, 0x00, 0x00, 0x00, 0x00, 0x00, 0x00, 0x00, 0x00, 0x00, 0x00, 0x00,
  0x00, 0x00, 0x00, 0x00, 0x00, 0x00, 0x00, 0x00, 0x00, 0x00, 0x00, 0x00,
  0x00, 0x00, 0x00, 0x00, 0x00, 0x00, 0x00, 0x00, 0x00, 0x00, 0x00, 0x00,
  0x00, 0x00, 0x00, 0x00, 0x00, 0x00, 0x00, 0x00, 0x00, 0x00, 0x00, 0x00,
  0x00, 0x00, 0x00, 0x00, 0x00, 0x00, 0x00, 0x00, 0x00, 0x00, 0x00, 0x00,
  0x00, 0x00, 0x00, 0x00, 0x00, 0x00, 0x00, 0x00, 0x00, 0x00, 0x00, 0x00,
  0x00, 0x00, 0x00, 0x00, 0x00, 0x00, 0x00, 0x00, 0x00, 0x00, 0x00, 0x00,
  0x00, 0x00, 0x00, 0x00, 0x00, 0x00, 0x00, 0x00, 0x00, 0x00, 0x00, 0x00,
  0x00, 0x00, 0x00, 0x00, 0x00, 0x00, 0x00, 0x00, 0x00, 0x00, 0x00, 0x00,
  0x00, 0x00, 0x00, 0x00, 0x00, 0x00, 0x00, 0x00, 0x00, 0x00, 0x00, 0x00,
  0x00, 0x00, 0x00, 0x00, 0x00, 0x00, 0x00, 0x00, 0x00, 0x00, 0x00, 0x00,
  0x00, 0x00, 0x00, 0x00, 0xcc, 0xbb, 0xbb, 0x0f, 0xcf, 0xc3, 0xba, 0xe0,
  0xd0, 0xc3, 0xba, 0xe2, 0xd2, 0xc3, 0xb4, 0x11, 0x00, 0x00, 0x00, 0x00,
  0x00, 0x00, 0x00, 0x00, 0x00, 0x00, 0x00, 0x00, 0x00, 0x00, 0x00, 0x00,
  0x00, 0x00, 0x00, 0x00, 0x00, 0x00, 0x00, 0x00, 0x00, 0x00, 0x00, 0x00,
  0x00, 0x00, 0x00, 0x00, 0x00, 0x00, 0x00, 0x00, 0x00, 0x00, 0x00, 0x00,
  0x00, 0x00, 0x00, 0x00, 0x00, 0x00, 0x00, 0x00, 0x00, 0x00, 0x00, 0x00,
  0x00, 0x00, 0x00, 0x00, 0x00, 0x00, 0x00, 0x00, 0x00, 0x00, 0x00, 0x00,
  0x00, 0x00, 0x00, 0x00, 0x00, 0x00, 0x00, 0x00, 0x00, 0x00, 0x00, 0x00,
  0x00, 0x00, 0x00, 0x00, 0x00, 0x00, 0x00, 0x00, 0x00, 0x00, 0x00, 0x00,
  0x00, 0x00, 0x00, 0x00, 0x00, 0x00, 0x00, 0x00, 0x00, 0x00, 0x00, 0x00,
  0x00, 0x00, 0x00, 0x00, 0x00, 0x00, 0x00, 0x00, 0x00, 0x00, 0x00, 0x00,
  0x00, 0x00, 0x00, 0x00, 0x00, 0x00, 0x00, 0x00, 0x00, 0x00, 0x00, 0x00,
  0x00, 0x00, 0x00, 0x00, 0x00, 0x00, 0x00, 0x00, 0x00, 0x00, 0x00, 0x00,
  0x00, 0x00, 0x00, 0x00, 0x00, 0x00, 0x00, 0x00, 0x00, 0x00, 0x00, 0x00,
  0x00, 0x00, 0x00, 0x00, 0x00, 0x00, 0x00, 0x00, 0x00, 0x00, 0x00, 0x00,
  0x00, 0x00, 0x00, 0x00, 0x00, 0x00, 0x00, 0x00, 0x00, 0x00, 0x00, 0x00,
  0x00, 0x00, 0x00, 0x00, 0x00, 0x00, 0x00, 0x00, 0x00, 0x00, 0x00, 0x00,
  0x00, 0x00, 0x00, 0x00, 0x00, 0x00, 0x00, 0x00, 0x00, 0x00, 0x00, 0x00,
  0x00, 0x00, 0x00, 0x00, 0x00, 0x00, 0x00, 0x00, 0x00, 0x00, 0x00, 0x00,
  0x00, 0x00, 0x00, 0x00, 0x00, 0x00, 0x00, 0x00, 0x00, 0x00, 0x00, 0x00,
  0x00, 0x00, 0x00, 0x00, 0xce, 0xc3, 0xba, 0x98, 0xcf, 0xc3, 0xba, 0xfa,
  0xcf, 0xc3, 0xba, 0xfa, 0xd0, 0xc2, 0xba, 0x97, 0x00, 0x00, 0x00, 0x00,
  0x00, 0x00, 0x00, 0x00, 0x00, 0x00, 0x00, 0x00, 0x00, 0x00, 0x00, 0x00,
  0x00, 0x00, 0x00, 0x00, 0x00, 0x00, 0x00, 0x00, 0x00, 0x00, 0x00, 0x00,
  0x00, 0x00, 0x00, 0x00, 0x00, 0x00, 0x00, 0x00, 0x00, 0x00, 0x00, 0x00,
  0x00, 0x00, 0x00, 0x00, 0x00, 0x00, 0x00, 0x00, 0x00, 0x00, 0x00, 0x00,
  0x00, 0x00, 0x00, 0x00, 0x00, 0x00, 0x00, 0x00, 0x00, 0x00, 0x00, 0x00,
  0x00, 0x00, 0x00, 0x00, 0x00, 0x00, 0x00, 0x00, 0x00, 0x00, 0x00, 0x00,
  0x00, 0x00, 0x00, 0x00, 0x00, 0x00, 0x00, 0x00, 0x00, 0x00, 0x00, 0x00,
  0x00, 0x00, 0x00, 0x00, 0x00, 0x00, 0x00, 0x00, 0x00, 0x00, 0x00, 0x00,
  0x00, 0x00, 0x00, 0x00, 0x00, 0x00, 0x00, 0x00, 0x00, 0x00, 0x00, 0x00,
  0x00, 0x00, 0x00, 0x00, 0x00, 0x00, 0x00, 0x00, 0x00, 0x00, 0x00, 0x00,
  0x00, 0x00, 0x00, 0x00, 0x00, 0x00, 0x00, 0x00, 0x00, 0x00, 0x00, 0x00,
  0x00, 0x00, 0x00, 0x00, 0x00, 0x00, 0x00, 0x00, 0x00, 0x00, 0x00, 0x00,
  0x00, 0x00, 0x00, 0x00, 0x00, 0x00, 0x00, 0x00, 0x00, 0x00, 0x00, 0x00,
  0x00, 0x00, 0x00, 0x00, 0x00, 0x00, 0x00, 0x00, 0x00, 0x00, 0x00, 0x00,
  0x00, 0x00, 0x00, 0x00, 0x00, 0x00, 0x00, 0x00, 0x00, 0x00, 0x00, 0x00,
  0x00, 0x00, 0x00, 0x00, 0x00, 0x00, 0x00, 0x00, 0x00, 0x00, 0x00, 0x00,
  0x00, 0x00, 0x00, 0x00, 0x00, 0x00, 0x00, 0x00, 0x00, 0x00, 0x00, 0x00,
  0x00, 0x00, 0x00, 0x00, 0x00, 0x00, 0x00, 0x00, 0x00, 0x00, 0x00, 0x00,
  0xce, 0xc1, 0xb9, 0x3e, 0xcf, 0xc3, 0xb9, 0xf9, 0xcf, 0xc3, 0xba, 0xfa,
  0xcf, 0xc3, 0xba, 0xfa, 0xcf, 0xc3, 0xb9, 0xf9, 0xce, 0xc2, 0xba, 0x43,
  0x00, 0x00, 0x00, 0x00, 0x00, 0x00, 0x00, 0x00, 0x00, 0x00, 0x00, 0x00,
  0x00, 0x00, 0x00, 0x00, 0x00, 0x00, 0x00, 0x00, 0x00, 0x00, 0x00, 0x00,
  0x00, 0x00, 0x00, 0x00, 0x00, 0x00, 0x00, 0x00, 0x00, 0x00, 0x00, 0x00,
  0x00, 0x00, 0x00, 0x00, 0x00, 0x00, 0x00, 0x00, 0x00, 0x00, 0x00, 0x00,
  0x00, 0x00, 0x00, 0x00, 0x00, 0x00, 0x00, 0x00, 0x00, 0x00, 0x00, 0x00,
  0x00, 0x00, 0x00, 0x00, 0x00, 0x00, 0x00, 0x00, 0x00, 0x00, 0x00, 0x00,
  0x00, 0x00, 0x00, 0x00, 0x00, 0x00, 0x00, 0x00, 0x00, 0x00, 0x00, 0x00,
  0x00, 0x00, 0x00, 0x00, 0x00, 0x00, 0x00, 0x00, 0x00, 0x00, 0x00, 0x00,
  0x00, 0x00, 0x00, 0x00, 0x00, 0x00, 0x00, 0x00, 0x00, 0x00, 0x00, 0x00,
  0x00, 0x00, 0x00, 0x00, 0x00, 0x00, 0x00, 0x00, 0x00, 0x00, 0x00, 0x00,
  0x00, 0x00, 0x00, 0x00, 0x00, 0x00, 0x00, 0x00, 0x00, 0x00, 0x00, 0x00,
  0x00, 0x00, 0x00, 0x00, 0x00, 0x00, 0x00, 0x00, 0x00, 0x00, 0x00, 0x00,
  0x00, 0x00, 0x00, 0x00, 0x00, 0x00, 0x00, 0x00, 0x00, 0x00, 0x00, 0x00,
  0x00, 0x00, 0x00, 0x00, 0x00, 0x00, 0x00, 0x00, 0x00, 0x00, 0x00, 0x00,
  0x00, 0x00, 0x00, 0x00, 0x00, 0x00, 0x00, 0x00, 0x00, 0x00, 0x00, 0x00,
  0x00, 0x00, 0x00, 0x00, 0x00, 0x00, 0x00, 0x00, 0x00, 0x00, 0x00, 0x00,
  0x00, 0x00, 0x00, 0x00, 0x00, 0x00, 0x00, 0x00, 0x00, 0x00, 0x00, 0x00,
  0x00, 0x00, 0x00, 0x00, 0x00, 0x00, 0x00, 0x00, 0xc6, 0xc6, 0xaa, 0x09,
  0xce, 0xc3, 0xb9, 0xd7, 0xcf, 0xc3, 0xba, 0xfa, 0xcf, 0xc3, 0xba, 0xfa,
  0xcf, 0xc3, 0xba, 0xfa, 0xcf, 0xc3, 0xba, 0xfa, 0xcf, 0xc2, 0xba, 0xd6,
  0xc6, 0xc6, 0xaa, 0x09, 0x00, 0x00, 0x00, 0x00, 0x00, 0x00, 0x00, 0x00,
  0x00, 0x00, 0x00, 0x00, 0x00, 0x00, 0x00, 0x00, 0x00, 0x00, 0x00, 0x00,
  0x00, 0x00, 0x00, 0x00, 0x00, 0x00, 0x00, 0x00, 0x00, 0x00, 0x00, 0x00,
  0x00, 0x00, 0x00, 0x00, 0x00, 0x00, 0x00, 0x00, 0x00, 0x00, 0x00, 0x00,
  0x00, 0x00, 0x00, 0x00, 0x00, 0x00, 0x00, 0x00, 0x00, 0x00, 0x00, 0x00,
  0x00, 0x00, 0x00, 0x00, 0x00, 0x00, 0x00, 0x00, 0x00, 0x00, 0x00, 0x00,
  0x00, 0x00, 0x00, 0x00, 0x00, 0x00, 0x00, 0x00, 0x00, 0x00, 0x00, 0x00,
  0x00, 0x00, 0x00, 0x00, 0x00, 0x00, 0x00, 0x00, 0x00, 0x00, 0x00, 0x00,
  0x00, 0x00, 0x00, 0x00, 0x00, 0x00, 0x00, 0x00, 0x00, 0x00, 0x00, 0x00,
  0x00, 0x00, 0x00, 0x00, 0x00, 0x00, 0x00, 0x00, 0x00, 0x00, 0x00, 0x00,
  0x00, 0x00, 0x00, 0x00, 0x00, 0x00, 0x00, 0x00, 0x00, 0x00, 0x00, 0x00,
  0x00, 0x00, 0x00, 0x00, 0x00, 0x00, 0x00, 0x00, 0x00, 0x00, 0x00, 0x00,
  0x00, 0x00, 0x00, 0x00, 0x00, 0x00, 0x00, 0x00, 0x00, 0x00, 0x00, 0x00,
  0x00, 0x00, 0x00, 0x00, 0x00, 0x00, 0x00, 0x00, 0x00, 0x00, 0x00, 0x00,
  0x00, 0x00, 0x00, 0x00, 0x00, 0x00, 0x00, 0x00, 0x00, 0x00, 0x00, 0x00,
  0x00, 0x00, 0x00, 0x00, 0x00, 0x00, 0x00, 0x00, 0x00, 0x00, 0x00, 0x00,
  0x00, 0x00, 0x00, 0x00, 0x00, 0x00, 0x00, 0x00, 0x00, 0x00, 0x00, 0x00,
  0x00, 0x00, 0x00, 0x00, 0x00, 0x00, 0x00, 0x00, 0xcf, 0xc4, 0xba, 0x86,
  0xcf, 0xc3, 0xba, 0xfa, 0xcf, 0xc3, 0xba, 0xfa, 0xcf, 0xc3, 0xba, 0xfa,
  0xcf, 0xc3, 0xba, 0xfa, 0xcf, 0xc3, 0xba, 0xfa, 0xcf, 0xc3, 0xba, 0xfa,
  0xcf, 0xc4, 0xba, 0x85, 0x00, 0x00, 0x00, 0x00, 0x00, 0x00, 0x00, 0x00,
  0x00, 0x00, 0x00, 0x00, 0x00, 0x00, 0x00, 0x00, 0x00, 0x00, 0x00, 0x00,
  0x00, 0x00, 0x00, 0x00, 0x00, 0x00, 0x00, 0x00, 0x00, 0x00, 0x00, 0x00,
  0x00, 0x00, 0x00, 0x00, 0x00, 0x00, 0x00, 0x00, 0x00, 0x00, 0x00, 0x00,
  0x00, 0x00, 0x00, 0x00, 0x00, 0x00, 0x00, 0x00, 0x00, 0x00, 0x00, 0x00,
  0x00, 0x00, 0x00, 0x00, 0x00, 0x00, 0x00, 0x00, 0x00, 0x00, 0x00, 0x00,
  0x00, 0x00, 0x00, 0x00, 0x00, 0x00, 0x00, 0x00, 0x00, 0x00, 0x00, 0x00,
  0x00, 0x00, 0x00, 0x00, 0x00, 0x00, 0x00, 0x00, 0x00, 0x00, 0x00, 0x00,
  0x00, 0x00, 0x00, 0x00, 0x00, 0x00, 0x00, 0x00, 0x00, 0x00, 0x00, 0x00,
  0x00, 0x00, 0x00, 0x00, 0x00, 0x00, 0x00, 0x00, 0x00, 0x00, 0x00, 0x00,
  0x00, 0x00, 0x00, 0x00, 0x00, 0x00, 0x00, 0x00, 0x00, 0x00, 0x00, 0x00,
  0x00, 0x00, 0x00, 0x00, 0x00, 0x00, 0x00, 0x00, 0x00, 0x00, 0x00, 0x00,
  0x00, 0x00, 0x00, 0x00, 0x00, 0x00, 0x00, 0x00, 0x00, 0x00, 0x00, 0x00,
  0x00, 0x00, 0x00, 0x00, 0x00, 0x00, 0x00, 0x00, 0x00, 0x00, 0x00, 0x00,
  0x00, 0x00, 0x00, 0x00, 0x00, 0x00, 0x00, 0x00, 0x00, 0x00, 0x00, 0x00,
  0x00, 0x00, 0x00, 0x00, 0x00, 0x00, 0x00, 0x00, 0x00, 0x00, 0x00, 0x00,
  0x00, 0x00, 0x00, 0x00, 0x00, 0x00, 0x00, 0x00, 0x00, 0x00, 0x00, 0x00,
  0x00, 0x00, 0x00, 0x00, 0xcd, 0xc2, 0xbc, 0x2e, 0xcf, 0xc3, 0xb9, 0xf5,
  0xcf, 0xc3, 0xba, 0xfa, 0xcf, 0xc3, 0xba, 0xfa, 0xcf, 0xc3, 0xba, 0xfa,
  0xcf, 0xc3, 0xba, 0xfa, 0xcf, 0xc3, 0xba, 0xfa, 0xcf, 0xc3, 0xba, 0xfa,
  0xcf, 0xc3, 0xba, 0xf6, 0xd1, 0xc2, 0xb8, 0x32, 0x00, 0x00, 0x00, 0x00,
  0x00, 0x00, 0x00, 0x00, 0x00, 0x00, 0x00, 0x00, 0x00, 0x00, 0x00, 0x00,
  0x00, 0x00, 0x00, 0x00, 0x00, 0x00, 0x00, 0x00, 0x00, 0x00, 0x00, 0x00,
  0x00, 0x00, 0x00, 0x00, 0x00, 0x00, 0x00, 0x00, 0x00, 0x00, 0x00, 0x00,
  0x00, 0x00, 0x00, 0x00, 0x00, 0x00, 0x00, 0x00, 0x00, 0x00, 0x00, 0x00,
  0x00, 0x00, 0x00, 0x00, 0x00, 0x00, 0x00, 0x00, 0x00, 0x00, 0x00, 0x00,
  0x00, 0x00, 0x00, 0x00, 0x00, 0x00, 0x00, 0x00, 0x00, 0x00, 0x00, 0x00,
  0x00, 0x00, 0x00, 0x00, 0x00, 0x00, 0x00, 0x00, 0x00, 0x00, 0x00, 0x00,
  0x00, 0x00, 0x00, 0x00, 0x00, 0x00, 0x00, 0x00, 0x00, 0x00, 0x00, 0x00,
  0x00, 0x00, 0x00, 0x00, 0x00, 0x00, 0x00, 0x00, 0x00, 0x00, 0x00, 0x00,
  0x00, 0x00, 0x00, 0x00, 0x00, 0x00, 0x00, 0x00, 0x00, 0x00, 0x00, 0x00,
  0x00, 0x00, 0x00, 0x00, 0x00, 0x00, 0x00, 0x00, 0x00, 0x00, 0x00, 0x00,
  0x00, 0x00, 0x00, 0x00, 0x00, 0x00, 0x00, 0x00, 0x00, 0x00, 0x00, 0x00,
  0x00, 0x00, 0x00, 0x00, 0x00, 0x00, 0x00, 0x00, 0x00, 0x00, 0x00, 0x00,
  0x00, 0x00, 0x00, 0x00, 0x00, 0x00, 0x00, 0x00, 0x00, 0x00, 0x00, 0x00,
  0x00, 0x00, 0x00, 0x00, 0x00, 0x00, 0x00, 0x00, 0x00, 0x00, 0x00, 0x00,
  0x00, 0x00, 0x00, 0x00, 0x00, 0x00, 0x00, 0x00, 0x00, 0x00, 0x00, 0x00,
  0xbf, 0xbf, 0xbf, 0x04, 0xcf, 0xc3, 0xba, 0xc8, 0xcf, 0xc3, 0xba, 0xfa,
  0xcf, 0xc3, 0xba, 0xfa, 0xcf, 0xc3, 0xba, 0xfa, 0xcf, 0xc3, 0xba, 0xfa,
  0xcf, 0xc3, 0xba, 0xfa, 0xcf, 0xc3, 0xba, 0xfa, 0xcf, 0xc3, 0xba, 0xfa,
  0xcf, 0xc3, 0xba, 0xfa, 0xd0, 0xc3, 0xb9, 0xcc, 0xcc, 0xcc, 0xcc, 0x05,
  0x00, 0x00, 0x00, 0x00, 0x00, 0x00, 0x00, 0x00, 0x00, 0x00, 0x00, 0x00,
  0x00, 0x00, 0x00, 0x00, 0x00, 0x00, 0x00, 0x00, 0x00, 0x00, 0x00, 0x00,
  0x00, 0x00, 0x00, 0x00, 0x00, 0x00, 0x00, 0x00, 0x00, 0x00, 0x00, 0x00,
  0x00, 0x00, 0x00, 0x00, 0x00, 0x00, 0x00, 0x00, 0x00, 0x00, 0x00, 0x00,
  0x00, 0x00, 0x00, 0x00, 0x00, 0x00, 0x00, 0x00, 0x00, 0x00, 0x00, 0x00,
  0x00, 0x00, 0x00, 0x00, 0x00, 0x00, 0x00, 0x00, 0x00, 0x00, 0x00, 0x00,
  0x00, 0x00, 0x00, 0x00, 0x00, 0x00, 0x00, 0x00, 0x00, 0x00, 0x00, 0x00,
  0x00, 0x00, 0x00, 0x00, 0x00, 0x00, 0x00, 0x00, 0x00, 0x00, 0x00, 0x00,
  0x00, 0x00, 0x00, 0x00, 0x00, 0x00, 0x00, 0x00, 0x00, 0x00, 0x00, 0x00,
  0x00, 0x00, 0x00, 0x00, 0x00, 0x00, 0x00, 0x00, 0x00, 0x00, 0x00, 0x00,
  0x00, 0x00, 0x00, 0x00, 0x00, 0x00, 0x00, 0x00, 0x00, 0x00, 0x00, 0x00,
  0x00, 0x00, 0x00, 0x00, 0x00, 0x00, 0x00, 0x00, 0x00, 0x00, 0x00, 0x00,
  0x00, 0x00, 0x00, 0x00, 0x00, 0x00, 0x00, 0x00, 0x00, 0x00, 0x00, 0x00,
  0x00, 0x00, 0x00, 0x00, 0x00, 0x00, 0x00, 0x00, 0x00, 0x00, 0x00, 0x00,
  0x00, 0x00, 0x00, 0x00, 0x00, 0x00, 0x00, 0x00, 0x00, 0x00, 0x00, 0x00,
  0x00, 0x00, 0x00, 0x00, 0x00, 0x00, 0x00, 0x00, 0x00, 0x00, 0x00, 0x00,
  0xcf, 0xc2, 0xb9, 0x75, 0xcf, 0xc3, 0xba, 0xfa, 0xcf, 0xc3, 0xba, 0xfa,
  0xcf, 0xc3, 0xba, 0xfa, 0xcf, 0xc3, 0xba, 0xfa, 0xcf, 0xc3, 0xba, 0xfa,
  0xcf, 0xc3, 0xba, 0xfa, 0xcf, 0xc3, 0xba, 0xfa, 0xcf, 0xc3, 0xba, 0xfa,
  0xcf, 0xc3, 0xba, 0xfa, 0xcf, 0xc3, 0xba, 0xfa, 0xcf, 0xc1, 0xb9, 0x74,
  0x00, 0x00, 0x00, 0x00, 0x00, 0x00, 0x00, 0x00, 0x00, 0x00, 0x00, 0x00,
  0x00, 0x00, 0x00, 0x00, 0x00, 0x00, 0x00, 0x00, 0x00, 0x00, 0x00, 0x00,
  0x00, 0x00, 0x00, 0x00, 0x00, 0x00, 0x00, 0x00, 0x00, 0x00, 0x00, 0x00,
  0x00, 0x00, 0x00, 0x00, 0x00, 0x00, 0x00, 0x00, 0x00, 0x00, 0x00, 0x00,
  0x00, 0x00, 0x00, 0x00, 0x00, 0x00, 0x00, 0x00, 0x00, 0x00, 0x00, 0x00,
  0x00, 0x00, 0x00, 0x00, 0x00, 0x00, 0x00, 0x00, 0x00, 0x00, 0x00, 0x00,
  0x00, 0x00, 0x00, 0x00, 0x00, 0x00, 0x00, 0x00, 0x00, 0x00, 0x00, 0x00,
  0x00, 0x00, 0x00, 0x00, 0x00, 0x00, 0x00, 0x00, 0x00, 0x00, 0x00, 0x00,
  0x00, 0x00, 0x00, 0x00, 0x00, 0x00, 0x00, 0x00, 0x00, 0x00, 0x00, 0x00,
  0x00, 0x00, 0x00, 0x00, 0x00, 0x00, 0x00, 0x00, 0x00, 0x00, 0x00, 0x00,
  0x00, 0x00, 0x00, 0x00, 0x00, 0x00, 0x00, 0x00, 0x00, 0x00, 0x00, 0x00,
  0x00, 0x00, 0x00, 0x00, 0x00, 0x00, 0x00, 0x00, 0x00, 0x00, 0x00, 0x00,
  0x00, 0x00, 0x00, 0x00, 0x00, 0x00, 0x00, 0x00, 0x00, 0x00, 0x00, 0x00,
  0x00, 0x00, 0x00, 0x00, 0x00, 0x00, 0x00, 0x00, 0x00, 0x00, 0x00, 0x00,
  0x00, 0x00, 0x00, 0x00, 0x00, 0x00, 0x00, 0x00, 0x00, 0x00, 0x00, 0x00,
  0x00, 0x00, 0x00, 0x00, 0x00, 0x00, 0x00, 0x00, 0xcd, 0xc6, 0xb8, 0x24,
  0xcf, 0xc3, 0xba, 0xf1, 0xcf, 0xc3, 0xba, 0xfa, 0xcf, 0xc3, 0xba, 0xfa,
  0xcf, 0xc3, 0xba, 0xfa, 0xcf, 0xc3, 0xba, 0xfa, 0xcf, 0xc3, 0xba, 0xfa,
  0xcf, 0xc3, 0xba, 0xfa, 0xcf, 0xc3, 0xba, 0xfa, 0xcf, 0xc3, 0xba, 0xfa,
  0xcf, 0xc3, 0xba, 0xfa, 0xcf, 0xc3, 0xba, 0xfa, 0xcf, 0xc3, 0xba, 0xf1,
  0xd3, 0xc5, 0xbd, 0x23, 0x00, 0x00, 0x00, 0x00, 0x00, 0x00, 0x00, 0x00,
  0x00, 0x00, 0x00, 0x00, 0x00, 0x00, 0x00, 0x00, 0x00, 0x00, 0x00, 0x00,
  0x00, 0x00, 0x00, 0x00, 0x00, 0x00, 0x00, 0x00, 0x00, 0x00, 0x00, 0x00,
  0x00, 0x00, 0x00, 0x00, 0x00, 0x00, 0x00, 0x00, 0x00, 0x00, 0x00, 0x00,
  0x00, 0x00, 0x00, 0x00, 0x00, 0x00, 0x00, 0x00, 0x00, 0x00, 0x00, 0x00,
  0x00, 0x00, 0x00, 0x00, 0x00, 0x00, 0x00, 0x00, 0x00, 0x00, 0x00, 0x00,
  0x00, 0x00, 0x00, 0x00, 0x00, 0x00, 0x00, 0x00, 0x00, 0x00, 0x00, 0x00,
  0x00, 0x00, 0x00, 0x00, 0x00, 0x00, 0x00, 0x00, 0x00, 0x00, 0x00, 0x00,
  0x00, 0x00, 0x00, 0x00, 0x00, 0x00, 0x00, 0x00, 0x00, 0x00, 0x00, 0x00,
  0x00, 0x00, 0x00, 0x00, 0x00, 0x00, 0x00, 0x00, 0x00, 0x00, 0x00, 0x00,
  0x00, 0x00, 0x00, 0x00, 0x00, 0x00, 0x00, 0x00, 0x00, 0x00, 0x00, 0x00,
  0x00, 0x00, 0x00, 0x00, 0x00, 0x00, 0x00, 0x00, 0x00, 0x00, 0x00, 0x00,
  0x00, 0x00, 0x00, 0x00, 0x00, 0x00, 0x00, 0x00, 0x00, 0x00, 0x00, 0x00,
  0x00, 0x00, 0x00, 0x00, 0x00, 0x00, 0x00, 0x00, 0x00, 0x00, 0x00, 0x00,
  0x00, 0x00, 0x00, 0x00, 0x00, 0x00, 0x00, 0x00, 0x00, 0x00, 0x00, 0x00,
  0x00, 0x00, 0x00, 0x00, 0xff, 0xff, 0xff, 0x01, 0xd0, 0xc3, 0xb9, 0xb7,
  0xcf, 0xc3, 0xba, 0xfa, 0xcf, 0xc3, 0xba, 0xfa, 0xcf, 0xc3, 0xba, 0xfa,
  0xcf, 0xc3, 0xba, 0xfa, 0xcf, 0xc3, 0xba, 0xfa, 0xcf, 0xc3, 0xba, 0xfa,
  0xcf, 0xc3, 0xba, 0xfa, 0xcf, 0xc3, 0xba, 0xfa, 0xcf, 0xc3, 0xba, 0xfa,
  0xcf, 0xc3, 0xba, 0xfa, 0xcf, 0xc3, 0xba, 0xfa, 0xcf, 0xc3, 0xba, 0xfa,
  0xd0, 0xc3, 0xba, 0xbc, 0xff, 0xff, 0xff, 0x01, 0x00, 0x00, 0x00, 0x00,
  0x00, 0x00, 0x00, 0x00, 0x00, 0x00, 0x00, 0x00, 0x00, 0x00, 0x00, 0x00,
  0x00, 0x00, 0x00, 0x00, 0x00, 0x00, 0x00, 0x00, 0x00, 0x00, 0x00, 0x00,
  0x00, 0x00, 0x00, 0x00, 0x00, 0x00, 0x00, 0x00, 0x00, 0x00, 0x00, 0x00,
  0x00, 0x00, 0x00, 0x00, 0x00, 0x00, 0x00, 0x00, 0x00, 0x00, 0x00, 0x00,
  0x00, 0x00, 0x00, 0x00, 0x00, 0x00, 0x00, 0x00, 0x00, 0x00, 0x00, 0x00,
  0x00, 0x00, 0x00, 0x00, 0x00, 0x00, 0x00, 0x00, 0x00, 0x00, 0x00, 0x00,
  0x00, 0x00, 0x00, 0x00, 0x00, 0x00, 0x00, 0x00, 0x00, 0x00, 0x00, 0x00,
  0x00, 0x00, 0x00, 0x00, 0x00, 0x00, 0x00, 0x00, 0x00, 0x00, 0x00, 0x00,
  0x00, 0x00, 0x00, 0x00, 0x00, 0x00, 0x00, 0x00, 0x00, 0x00, 0x00, 0x00,
  0x00, 0x00, 0x00, 0x00, 0x00, 0x00, 0x00, 0x00, 0x00, 0x00, 0x00, 0x00,
  0x00, 0x00, 0x00, 0x00, 0x00, 0x00, 0x00, 0x00, 0x00, 0x00, 0x00, 0x00,
  0x00, 0x00, 0x00, 0x00, 0x00, 0x00, 0x00, 0x00, 0x00, 0x00, 0x00, 0x00,
  0x00, 0x00, 0x00, 0x00, 0x00, 0x00, 0x00, 0x00, 0x00, 0x00, 0x00, 0x00,
  0x00, 0x00, 0x00, 0x00, 0x00, 0x00, 0x00, 0x00, 0x00, 0x00, 0x00, 0x00,
  0x00, 0x00, 0x00, 0x00, 0xce, 0xc4, 0xb9, 0x63, 0xcf, 0xc3, 0xba, 0xfa,
  0xcf, 0xc3, 0xba, 0xfa, 0xcf, 0xc3, 0xba, 0xfa, 0xcf, 0xc3, 0xba, 0xfa,
  0xcf, 0xc3, 0xba, 0xfa, 0xcf, 0xc3, 0xba, 0xfa, 0xcf, 0xc3, 0xba, 0xfa,
  0xcf, 0xc3, 0xba, 0xfa, 0xcf, 0xc3, 0xba, 0xfa, 0xcf, 0xc3, 0xba, 0xfa,
  0xcf, 0xc3, 0xba, 0xfa, 0xcf, 0xc3, 0xba, 0xfa, 0xcf, 0xc3, 0xba, 0xfa,
  0xcf, 0xc3, 0xba, 0xfa, 0xd0, 0xc3, 0xb9, 0x62, 0x00, 0x00, 0x00, 0x00,
  0x00, 0x00, 0x00, 0x00, 0x00, 0x00, 0x00, 0x00, 0x00, 0x00, 0x00, 0x00,
  0x00, 0x00, 0x00, 0x00, 0x00, 0x00, 0x00, 0x00, 0x00, 0x00, 0x00, 0x00,
  0x00, 0x00, 0x00, 0x00, 0x00, 0x00, 0x00, 0x00, 0x00, 0x00, 0x00, 0x00,
  0x00, 0x00, 0x00, 0x00, 0x00, 0x00, 0x00, 0x00, 0x00, 0x00, 0x00, 0x00,
  0x00, 0x00, 0x00, 0x00, 0x00, 0x00, 0x00, 0x00, 0x00, 0x00, 0x00, 0x00,
  0x00, 0x00, 0x00, 0x00, 0x00, 0x00, 0x00, 0x00, 0x00, 0x00, 0x00, 0x00,
  0x00, 0x00, 0x00, 0x00, 0x00, 0x00, 0x00, 0x00, 0x00, 0x00, 0x00, 0x00,
  0x00, 0x00, 0x00, 0x00, 0x00, 0x00, 0x00, 0x00, 0x00, 0x00, 0x00, 0x00,
  0x00, 0x00, 0x00, 0x00, 0x00, 0x00, 0x00, 0x00, 0x00, 0x00, 0x00, 0x00,
  0x00, 0x00, 0x00, 0x00, 0x00, 0x00, 0x00, 0x00, 0x00, 0x00, 0x00, 0x00,
  0x00, 0x00, 0x00, 0x00, 0x00, 0x00, 0x00, 0x00, 0x00, 0x00, 0x00, 0x00,
  0x00, 0x00, 0x00, 0x00, 0x00, 0x00, 0x00, 0x00, 0x00, 0x00, 0x00, 0x00,
  0x00, 0x00, 0x00, 0x00, 0x00, 0x00, 0x00, 0x00, 0x00, 0x00, 0x00, 0x00,
  0x00, 0x00, 0x00, 0x00, 0x00, 0x00, 0x00, 0x00, 0x00, 0x00, 0x00, 0x00,
  0xca, 0xbf, 0xb5, 0x18, 0xcf, 0xc3, 0xba, 0xe9, 0xcf, 0xc3, 0xba, 0xfa,
  0xcf, 0xc3, 0xba, 0xfa, 0xcf, 0xc3, 0xba, 0xfa, 0xcf, 0xc3, 0xba, 0xfa,
  0xcf, 0xc3, 0xba, 0xfa, 0xcf, 0xc3, 0xba, 0xfa, 0xcf, 0xc3, 0xba, 0xfa,
  0xcf, 0xc3, 0xba, 0xfa, 0xcf, 0xc3, 0xba, 0xfa, 0xcf, 0xc3, 0xba, 0xfa,
  0xcf, 0xc3, 0xba, 0xfa, 0xcf, 0xc3, 0xba, 0xfa, 0xcf, 0xc3, 0xba, 0xfa,
  0xcf, 0xc3, 0xba, 0xfa, 0xcf, 0xc3, 0xba, 0xeb, 0xce, 0xc4, 0xba, 0x1a,
  0x00, 0x00, 0x00, 0x00, 0x00, 0x00, 0x00, 0x00, 0x00, 0x00, 0x00, 0x00,
  0x00, 0x00, 0x00, 0x00, 0x00, 0x00, 0x00, 0x00, 0x00, 0x00, 0x00, 0x00,
  0x00, 0x00, 0x00, 0x00, 0x00, 0x00, 0x00, 0x00, 0x00, 0x00, 0x00, 0x00,
  0x00, 0x00, 0x00, 0x00, 0x00, 0x00, 0x00, 0x00, 0x00, 0x00, 0x00, 0x00,
  0x00, 0x00, 0x00, 0x00, 0x00, 0x00, 0x00, 0x00, 0x00, 0x00, 0x00, 0x00,
  0x00, 0x00, 0x00, 0x00, 0x00, 0x00, 0x00, 0x00, 0x00, 0x00, 0x00, 0x00,
  0x00, 0x00, 0x00, 0x00, 0x00, 0x00, 0x00, 0x00, 0x00, 0x00, 0x00, 0x00,
  0x00, 0x00, 0x00, 0x00, 0x00, 0x00, 0x00, 0x00, 0x00, 0x00, 0x00, 0x00,
  0x00, 0x00, 0x00, 0x00, 0x00, 0x00, 0x00, 0x00, 0x00, 0x00, 0x00, 0x00,
  0x00, 0x00, 0x00, 0x00, 0x00, 0x00, 0x00, 0x00, 0x00, 0x00, 0x00, 0x00,
  0x00, 0x00, 0x00, 0x00, 0x00, 0x00, 0x00, 0x00, 0x00, 0x00, 0x00, 0x00,
  0x00, 0x00, 0x00, 0x00, 0x00, 0x00, 0x00, 0x00, 0x00, 0x00, 0x00, 0x00,
  0x00, 0x00, 0x00, 0x00, 0x00, 0x00, 0x00, 0x00, 0x00, 0x00, 0x00, 0x00,
  0x00, 0x00, 0x00, 0x00, 0x00, 0x00, 0x00, 0x00, 0x00, 0x00, 0x00, 0x00,
  0xcf, 0xc3, 0xb9, 0xaa, 0xcf, 0xc3, 0xba, 0xfa, 0xcf, 0xc3, 0xba, 0xfa,
  0xcf, 0xc3, 0xba, 0xfa, 0xcf, 0xc3, 0xba, 0xfa, 0xcf, 0xc3, 0xba, 0xfa,
  0xcf, 0xc3, 0xba, 0xfa, 0xcf, 0xc3, 0xba, 0xfa, 0xcf, 0xc3, 0xba, 0xfa,
  0xcf, 0xc3, 0xba, 0xfa, 0xcf, 0xc3, 0xba, 0xfa, 0xcf, 0xc3, 0xba, 0xfa,
  0xcf, 0xc3, 0xba, 0xfa, 0xcf, 0xc3, 0xba, 0xfa, 0xcf, 0xc3, 0xba, 0xfa,
  0xcf, 0xc3, 0xba, 0xfa, 0xcf, 0xc3, 0xba, 0xfa, 0xcf, 0xc3, 0xb9, 0xaa,
  0x00, 0x00, 0x00, 0x00, 0x00, 0x00, 0x00, 0x00, 0x00, 0x00, 0x00, 0x00,
  0x00, 0x00, 0x00, 0x00, 0x00, 0x00, 0x00, 0x00, 0x00, 0x00, 0x00, 0x00,
  0x00, 0x00, 0x00, 0x00, 0x00, 0x00, 0x00, 0x00, 0x00, 0x00, 0x00, 0x00,
  0x00, 0x00, 0x00, 0x00, 0x00, 0x00, 0x00, 0x00, 0x00, 0x00, 0x00, 0x00,
  0x00, 0x00, 0x00, 0x00, 0x00, 0x00, 0x00, 0x00, 0x00, 0x00, 0x00, 0x00,
  0x00, 0x00, 0x00, 0x00, 0x00, 0x00, 0x00, 0x00, 0x00, 0x00, 0x00, 0x00,
  0x00, 0x00, 0x00, 0x00, 0x00, 0x00, 0x00, 0x00, 0x00, 0x00, 0x00, 0x00,
  0x00, 0x00, 0x00, 0x00, 0x00, 0x00, 0x00, 0x00, 0x00, 0x00, 0x00, 0x00,
  0x00, 0x00, 0x00, 0x00, 0x00, 0x00, 0x00, 0x00, 0x00, 0x00, 0x00, 0x00,
  0x00, 0x00, 0x00, 0x00, 0x00, 0x00, 0x00, 0x00, 0x00, 0x00, 0x00, 0x00,
  0x00, 0x00, 0x00, 0x00, 0x00, 0x00, 0x00, 0x00, 0x00, 0x00, 0x00, 0x00,
  0x00, 0x00, 0x00, 0x00, 0x00, 0x00, 0x00, 0x00, 0x00, 0x00, 0x00, 0x00,
  0x00, 0x00, 0x00, 0x00, 0x00, 0x00, 0x00, 0x00, 0x00, 0x00, 0x00, 0x00,
  0x00, 0x00, 0x00, 0x00, 0x00, 0x00, 0x00, 0x00, 0xcf, 0xc2, 0xbc, 0x50,
  0xcf, 0xc3, 0xba, 0xfa, 0xcf, 0xc3, 0xba, 0xfa, 0xcf, 0xc3, 0xba, 0xfa,
  0xcf, 0xc3, 0xba, 0xfa, 0xcf, 0xc3, 0xba, 0xfa, 0xcf, 0xc3, 0xba, 0xfa,
  0xcf, 0xc3, 0xba, 0xfa, 0xcf, 0xc3, 0xba, 0xfa, 0xcf, 0xc3, 0xba, 0xfa,
  0xcf, 0xc3, 0xba, 0xfa, 0xcf, 0xc3, 0xba, 0xfa, 0xcf, 0xc3, 0xba, 0xfa,
  0xcf, 0xc3, 0xba, 0xfa, 0xcf, 0xc3, 0xba, 0xfa, 0xcf, 0xc3, 0xba, 0xfa,
  0xcf, 0xc3, 0xba, 0xfa, 0xcf, 0xc3, 0xba, 0xfa, 0xcf, 0xc3, 0xba, 0xfa,
  0xcf, 0xc2, 0xbc, 0x50, 0x00, 0x00, 0x00, 0x00, 0x00, 0x00, 0x00, 0x00,
  0x00, 0x00, 0x00, 0x00, 0x00, 0x00, 0x00, 0x00, 0x00, 0x00, 0x00, 0x00,
  0x00, 0x00, 0x00, 0x00, 0x00, 0x00, 0x00, 0x00, 0x00, 0x00, 0x00, 0x00,
  0x00, 0x00, 0x00, 0x00, 0x00, 0x00, 0x00, 0x00, 0x00, 0x00, 0x00, 0x00,
  0x00, 0x00, 0x00, 0x00, 0x00, 0x00, 0x00, 0x00, 0x00, 0x00, 0x00, 0x00,
  0x00, 0x00, 0x00, 0x00, 0x00, 0x00, 0x00, 0x00, 0x00, 0x00, 0x00, 0x00,
  0x00, 0x00, 0x00, 0x00, 0x00, 0x00, 0x00, 0x00, 0x00, 0x00, 0x00, 0x00,
  0x00, 0x00, 0x00, 0x00, 0x00, 0x00, 0x00, 0x00, 0x00, 0x00, 0x00, 0x00,
  0x00, 0x00, 0x00, 0x00, 0x00, 0x00, 0x00, 0x00, 0x00, 0x00, 0x00, 0x00,
  0x00, 0x00, 0x00, 0x00, 0x00, 0x00, 0x00, 0x00, 0x00, 0x00, 0x00, 0x00,
  0x00, 0x00, 0x00, 0x00, 0x00, 0x00, 0x00, 0x00, 0x00, 0x00, 0x00, 0x00,
  0x00, 0x00, 0x00, 0x00, 0x00, 0x00, 0x00, 0x00, 0x00, 0x00, 0x00, 0x00,
  0x00, 0x00, 0x00, 0x00, 0x00, 0x00, 0x00, 0x00, 0x00, 0x00, 0x00, 0x00,
  0x00, 0x00, 0x00, 0x00, 0xcc, 0xbb, 0xbb, 0x0f, 0xcf, 0xc3, 0xba, 0xe0,
  0xcf, 0xc3, 0xba, 0xfa, 0xcf, 0xc3, 0xba, 0xfa, 0xcf, 0xc3, 0xba, 0xfa,
  0xcf, 0xc3, 0xba, 0xfa, 0xcf, 0xc3, 0xba, 0xfa, 0xcf, 0xc3, 0xba, 0xfa,
  0xcf, 0xc3, 0xba, 0xfa, 0xcf, 0xc3, 0xba, 0xfa, 0xcf, 0xc3, 0xba, 0xfa,
  0xcf, 0xc3, 0xba, 0xfa, 0xcf, 0xc3, 0xba, 0xfa, 0xcf, 0xc3, 0xba, 0xfa,
  0xcf, 0xc3, 0xba, 0xfa, 0xcf, 0xc3, 0xba, 0xfa, 0xcf, 0xc3, 0xba, 0xfa,
  0xcf, 0xc3, 0xba, 0xfa, 0xcf, 0xc3, 0xba, 0xfa, 0xcf, 0xc3, 0xba, 0xfa,
  0xd0, 0xc3, 0xba, 0xe2, 0xd2, 0xc3, 0xb4, 0x11, 0x00, 0x00, 0x00, 0x00,
  0x00, 0x00, 0x00, 0x00, 0x00, 0x00, 0x00, 0x00, 0x00, 0x00, 0x00, 0x00,
  0x00, 0x00, 0x00, 0x00, 0x00, 0x00, 0x00, 0x00, 0x00, 0x00, 0x00, 0x00,
  0x00, 0x00, 0x00, 0x00, 0x00, 0x00, 0x00, 0x00, 0x00, 0x00, 0x00, 0x00,
  0x00, 0x00, 0x00, 0x00, 0x00, 0x00, 0x00, 0x00, 0x00, 0x00, 0x00, 0x00,
  0x00, 0x00, 0x00, 0x00, 0x00, 0x00, 0x00, 0x00, 0x00, 0x00, 0x00, 0x00,
  0x00, 0x00, 0x00, 0x00, 0x00, 0x00, 0x00, 0x00, 0x00, 0x00, 0x00, 0x00,
  0x00, 0x00, 0x00, 0x00, 0x00, 0x00, 0x00, 0x00, 0x00, 0x00, 0x00, 0x00,
  0x00, 0x00, 0x00, 0x00, 0x00, 0x00, 0x00, 0x00, 0x00, 0x00, 0x00, 0x00,
  0x00, 0x00, 0x00, 0x00, 0x00, 0x00, 0x00, 0x00, 0x00, 0x00, 0x00, 0x00,
  0x00, 0x00, 0x00, 0x00, 0x00, 0x00, 0x00, 0x00, 0x00, 0x00, 0x00, 0x00,
  0x00, 0x00, 0x00, 0x00, 0x00, 0x00, 0x00, 0x00, 0x00, 0x00, 0x00, 0x00,
  0x00, 0x00, 0x00, 0x00, 0x00, 0x00, 0x00, 0x00, 0x00, 0x00, 0x00, 0x00,
  0x00, 0x00, 0x00, 0x00, 0xce, 0xc3, 0xba, 0x98, 0xcf, 0xc3, 0xba, 0xfa,
  0xcf, 0xc3, 0xba, 0xfa, 0xcf, 0xc3, 0xba, 0xfa, 0xcf, 0xc3, 0xba, 0xfa,
  0xcf, 0xc3, 0xba, 0xfa, 0xcf, 0xc3, 0xba, 0xfa, 0xcf, 0xc3, 0xba, 0xfa,
  0xcf, 0xc3, 0xba, 0xfa, 0xcf, 0xc3, 0xba, 0xfa, 0xcf, 0xc3, 0xba, 0xfa,
  0xcf, 0xc3, 0xba, 0xfa, 0xcf, 0xc3, 0xba, 0xfa, 0xcf, 0xc3, 0xba, 0xfa,
  0xcf, 0xc3, 0xba, 0xfa, 0xcf, 0xc3, 0xba, 0xfa, 0xcf, 0xc3, 0xba, 0xfa,
  0xcf, 0xc3, 0xba, 0xfa, 0xcf, 0xc3, 0xba, 0xfa, 0xcf, 0xc3, 0xba, 0xfa,
  0xcf, 0xc3, 0xba, 0xfa, 0xd0, 0xc2, 0xba, 0x97, 0x00, 0x00, 0x00, 0x00,
  0x00, 0x00, 0x00, 0x00, 0x00, 0x00, 0x00, 0x00, 0x00, 0x00, 0x00, 0x00,
  0x00, 0x00, 0x00, 0x00, 0x00, 0x00, 0x00, 0x00, 0x00, 0x00, 0x00, 0x00,
  0x00, 0x00, 0x00, 0x00, 0x00, 0x00, 0x00, 0x00, 0x00, 0x00, 0x00, 0x00,
  0x00, 0x00, 0x00, 0x00, 0x00, 0x00, 0x00, 0x00, 0x00, 0x00, 0x00, 0x00,
  0x00, 0x00, 0x00, 0x00, 0x00, 0x00, 0x00, 0x00, 0x00, 0x00, 0x00, 0x00,
  0x00, 0x00, 0x00, 0x00, 0x00, 0x00, 0x00, 0x00, 0x00, 0x00, 0x00, 0x00,
  0x00, 0x00, 0x00, 0x00, 0x00, 0x00, 0x00, 0x00, 0x00, 0x00, 0x00, 0x00,
  0x00, 0x00, 0x00, 0x00, 0x00, 0x00, 0x00, 0x00, 0x00, 0x00, 0x00, 0x00,
  0x00, 0x00, 0x00, 0x00, 0x00, 0x00, 0x00, 0x00, 0x00, 0x00, 0x00, 0x00,
  0x00, 0x00, 0x00, 0x00, 0x00, 0x00, 0x00, 0x00, 0x00, 0x00, 0x00, 0x00,
  0x00, 0x00, 0x00, 0x00, 0x00, 0x00, 0x00, 0x00, 0x00, 0x00, 0x00, 0x00,
  0x00, 0x00, 0x00, 0x00, 0x00, 0x00, 0x00, 0x00, 0x00, 0x00, 0x00, 0x00,
  0xce, 0xc1, 0xb9, 0x3e, 0xcf, 0xc3, 0xb9, 0xf9, 0xcf, 0xc3, 0xba, 0xfa,
  0xcf, 0xc3, 0xba, 0xfa, 0xcf, 0xc3, 0xba, 0xfa, 0xcf, 0xc3, 0xba, 0xfa,
  0xcf, 0xc3, 0xba, 0xfa, 0xcf, 0xc3, 0xba, 0xfa, 0xcf, 0xc3, 0xba, 0xfa,
  0xcf, 0xc3, 0xba, 0xfa, 0xcf, 0xc3, 0xba, 0xfa, 0xcf, 0xc3, 0xba, 0xfa,
  0xcf, 0xc3, 0xba, 0xfa, 0xcf, 0xc3, 0xba, 0xfa, 0xcf, 0xc3, 0xba, 0xfa,
  0xcf, 0xc3, 0xba, 0xfa, 0xcf, 0xc3, 0xba, 0xfa, 0xcf, 0xc3, 0xba, 0xfa,
  0xcf, 0xc3, 0xba, 0xfa, 0xcf, 0xc3, 0xba, 0xfa, 0xcf, 0xc3, 0xba, 0xfa,
  0xcf, 0xc3, 0xba, 0xfa, 0xcf, 0xc3, 0xb9, 0xf9, 0xce, 0xc2, 0xba, 0x43,
  0x00, 0x00, 0x00, 0x00, 0x00, 0x00, 0x00, 0x00, 0x00, 0x00, 0x00, 0x00,
  0x00, 0x00, 0x00, 0x00, 0x00, 0x00, 0x00, 0x00, 0x00, 0x00, 0x00, 0x00,
  0x00, 0x00, 0x00, 0x00, 0x00, 0x00, 0x00, 0x00, 0x00, 0x00, 0x00, 0x00,
  0x00, 0x00, 0x00, 0x00, 0x00, 0x00, 0x00, 0x00, 0x00, 0x00, 0x00, 0x00,
  0x00, 0x00, 0x00, 0x00, 0x00, 0x00, 0x00, 0x00, 0x00, 0x00, 0x00, 0x00,
  0x00, 0x00, 0x00, 0x00, 0x00, 0x00, 0x00, 0x00, 0x00, 0x00, 0x00, 0x00,
  0x00, 0x00, 0x00, 0x00, 0x00, 0x00, 0x00, 0x00, 0x00, 0x00, 0x00, 0x00,
  0x00, 0x00, 0x00, 0x00, 0x00, 0x00, 0x00, 0x00, 0x00, 0x00, 0x00, 0x00,
  0x00, 0x00, 0x00, 0x00, 0x00, 0x00, 0x00, 0x00, 0x00, 0x00, 0x00, 0x00,
  0x00, 0x00, 0x00, 0x00, 0x00, 0x00, 0x00, 0x00, 0x00, 0x00, 0x00, 0x00,
  0x00, 0x00, 0x00, 0x00, 0x00, 0x00, 0x00, 0x00, 0x00, 0x00, 0x00, 0x00,
  0x00, 0x00, 0x00, 0x00, 0x00, 0x00, 0x00, 0x00, 0xc6, 0xc6, 0xaa, 0x09,
  0xce, 0xc3, 0xb9, 0xd7, 0xcf, 0xc3, 0xba, 0xfa, 0xcf, 0xc3, 0xba, 0xfa,
  0xcf, 0xc3, 0xba, 0xfa, 0xcf, 0xc3, 0xba, 0xfa, 0xcf, 0xc3, 0xba, 0xfa,
  0xcf, 0xc3, 0xba, 0xfa, 0xcf, 0xc3, 0xba, 0xfa, 0xcf, 0xc3, 0xba, 0xfa,
  0xcf, 0xc3, 0xba, 0xfa, 0xcf, 0xc3, 0xba, 0xfa, 0xcf, 0xc3, 0xba, 0xfa,
  0xcf, 0xc3, 0xba, 0xfa, 0xcf, 0xc3, 0xba, 0xfa, 0xcf, 0xc3, 0xba, 0xfa,
  0xcf, 0xc3, 0xba, 0xfa, 0xcf, 0xc3, 0xba, 0xfa, 0xcf, 0xc3, 0xba, 0xfa,
  0xcf, 0xc3, 0xba, 0xfa, 0xcf, 0xc3, 0xba, 0xfa, 0xcf, 0xc3, 0xba, 0xfa,
  0xcf, 0xc3, 0xba, 0xfa, 0xcf, 0xc3, 0xba, 0xfa, 0xcf, 0xc2, 0xba, 0xd6,
  0xc6, 0xc6, 0xaa, 0x09, 0x00, 0x00, 0x00, 0x00, 0x00, 0x00, 0x00, 0x00,
  0x00, 0x00, 0x00, 0x00, 0x00, 0x00, 0x00, 0x00, 0x00, 0x00, 0x00, 0x00,
  0x00, 0x00, 0x00, 0x00, 0x00, 0x00, 0x00, 0x00, 0x00, 0x00, 0x00, 0x00,
  0x00, 0x00, 0x00, 0x00, 0x00, 0x00, 0x00, 0x00, 0x00, 0x00, 0x00, 0x00,
  0x00, 0x00, 0x00, 0x00, 0x00, 0x00, 0x00, 0x00, 0x00, 0x00, 0x00, 0x00,
  0x00, 0x00, 0x00, 0x00, 0x00, 0x00, 0x00, 0x00, 0x00, 0x00, 0x00, 0x00,
  0x00, 0x00, 0x00, 0x00, 0x00, 0x00, 0x00, 0x00, 0x00, 0x00, 0x00, 0x00,
  0x00, 0x00, 0x00, 0x00, 0x00, 0x00, 0x00, 0x00, 0x00, 0x00, 0x00, 0x00,
  0x00, 0x00, 0x00, 0x00, 0x00, 0x00, 0x00, 0x00, 0x00, 0x00, 0x00, 0x00,
  0x00, 0x00, 0x00, 0x00, 0x00, 0x00, 0x00, 0x00, 0x00, 0x00, 0x00, 0x00,
  0x00, 0x00, 0x00, 0x00, 0x00, 0x00, 0x00, 0x00, 0x00, 0x00, 0x00, 0x00,
  0x00, 0x00, 0x00, 0x00, 0x00, 0x00, 0x00, 0x00, 0xcf, 0xc4, 0xba, 0x86,
  0xcf, 0xc3, 0xba, 0xfa, 0xcf, 0xc3, 0xba, 0xfa, 0xcf, 0xc3, 0xba, 0xfa,
  0xcf, 0xc3, 0xba, 0xfa, 0xcf, 0xc3, 0xba, 0xfa, 0xcf, 0xc3, 0xba, 0xfa,
  0xcf, 0xc3, 0xba, 0xfa, 0xcf, 0xc3, 0xba, 0xfa, 0xcf, 0xc3, 0xba, 0xfa,
  0xcf, 0xc3, 0xba, 0xfa, 0xcf, 0xc3, 0xba, 0xfa, 0xcf, 0xc3, 0xba, 0xfa,
  0xcf, 0xc3, 0xba, 0xfa, 0xcf, 0xc3, 0xba, 0xfa, 0xcf, 0xc3, 0xba, 0xfa,
  0xcf, 0xc3, 0xba, 0xfa, 0xcf, 0xc3, 0xba, 0xfa, 0xcf, 0xc3, 0xba, 0xfa,
  0xcf, 0xc3, 0xba, 0xfa, 0xcf, 0xc3, 0xba, 0xfa, 0xcf, 0xc3, 0xba, 0xfa,
  0xcf, 0xc3, 0xba, 0xfa, 0xcf, 0xc3, 0xba, 0xfa, 0xcf, 0xc3, 0xba, 0xfa,
  0xcf, 0xc4, 0xba, 0x85, 0x00, 0x00, 0x00, 0x00, 0x00, 0x00, 0x00, 0x00,
  0x00, 0x00, 0x00, 0x00, 0x00, 0x00, 0x00, 0x00, 0x00, 0x00, 0x00, 0x00,
  0x00, 0x00, 0x00, 0x00, 0x00, 0x00, 0x00, 0x00, 0x00, 0x00, 0x00, 0x00,
  0x00, 0x00, 0x00, 0x00, 0x00, 0x00, 0x00, 0x00, 0x00, 0x00, 0x00, 0x00,
  0x00, 0x00, 0x00, 0x00, 0x00, 0x00, 0x00, 0x00, 0x00, 0x00, 0x00, 0x00,
  0x00, 0x00, 0x00, 0x00, 0x00, 0x00, 0x00, 0x00, 0x00, 0x00, 0x00, 0x00,
  0x00, 0x00, 0x00, 0x00, 0x00, 0x00, 0x00, 0x00, 0x00, 0x00, 0x00, 0x00,
  0x00, 0x00, 0x00, 0x00, 0x00, 0x00, 0x00, 0x00, 0x00, 0x00, 0x00, 0x00,
  0x00, 0x00, 0x00, 0x00, 0x00, 0x00, 0x00, 0x00, 0x00, 0x00, 0x00, 0x00,
  0x00, 0x00, 0x00, 0x00, 0x00, 0x00, 0x00, 0x00, 0x00, 0x00, 0x00, 0x00,
  0x00, 0x00, 0x00, 0x00, 0x00, 0x00, 0x00, 0x00, 0x00, 0x00, 0x00, 0x00,
  0x00, 0x00, 0x00, 0x00, 0xcd, 0xc2, 0xbc, 0x2e, 0xcf, 0xc3, 0xb9, 0xf5,
  0xcf, 0xc3, 0xba, 0xfa, 0xcf, 0xc3, 0xba, 0xfa, 0xcf, 0xc3, 0xba, 0xfa,
  0xcf, 0xc3, 0xba, 0xfa, 0xcf, 0xc3, 0xba, 0xfa, 0xcf, 0xc3, 0xba, 0xfa,
  0xcf, 0xc3, 0xba, 0xfa, 0xcf, 0xc3, 0xba, 0xfa, 0xcf, 0xc3, 0xba, 0xfa,
  0xcf, 0xc3, 0xba, 0xfa, 0xcf, 0xc3, 0xba, 0xfa, 0xcf, 0xc3, 0xba, 0xfa,
  0xcf, 0xc3, 0xba, 0xfa, 0xcf, 0xc3, 0xba, 0xfa, 0xcf, 0xc3, 0xba, 0xfa,
  0xcf, 0xc3, 0xba, 0xfa, 0xcf, 0xc3, 0xba, 0xfa, 0xcf, 0xc3, 0xba, 0xfa,
  0xcf, 0xc3, 0xba, 0xfa, 0xcf, 0xc3, 0xba, 0xfa, 0xcf, 0xc3, 0xba, 0xfa,
  0xcf, 0xc3, 0xba, 0xfa, 0xcf, 0xc3, 0xba, 0xfa, 0xcf, 0xc3, 0xba, 0xfa,
  0xcf, 0xc3, 0xba, 0xf6, 0xd1, 0xc2, 0xb8, 0x32, 0x00, 0x00, 0x00, 0x00,
  0x00, 0x00, 0x00, 0x00, 0x00, 0x00, 0x00, 0x00, 0x00, 0x00, 0x00, 0x00,
  0x00, 0x00, 0x00, 0x00, 0x00, 0x00, 0x00, 0x00, 0x00, 0x00, 0x00, 0x00,
  0x00, 0x00, 0x00, 0x00, 0x00, 0x00, 0x00, 0x00, 0x00, 0x00, 0x00, 0x00,
  0x00, 0x00, 0x00, 0x00, 0x00, 0x00, 0x00, 0x00, 0x00, 0x00, 0x00, 0x00,
  0x00, 0x00, 0x00, 0x00, 0x00, 0x00, 0x00, 0x00, 0x00, 0x00, 0x00, 0x00,
  0x00, 0x00, 0x00, 0x00, 0x00, 0x00, 0x00, 0x00, 0x00, 0x00, 0x00, 0x00,
  0x00, 0x00, 0x00, 0x00, 0x00, 0x00, 0x00, 0x00, 0x00, 0x00, 0x00, 0x00,
  0x00, 0x00, 0x00, 0x00, 0x00, 0x00, 0x00, 0x00, 0x00, 0x00, 0x00, 0x00,
  0x00, 0x00, 0x00, 0x00, 0x00, 0x00, 0x00, 0x00, 0x00, 0x00, 0x00, 0x00,
  0x00, 0x00, 0x00, 0x00, 0x00, 0x00, 0x00, 0x00, 0x00, 0x00, 0x00, 0x00,
  0xbf, 0xbf, 0xbf, 0x04, 0xcf, 0xc3, 0xba, 0xc8, 0xcf, 0xc3, 0xba, 0xfa,
  0xcf, 0xc3, 0xba, 0xfa, 0xcf, 0xc3, 0xba, 0xfa, 0xcf, 0xc3, 0xba, 0xfa,
  0xcf, 0xc3, 0xba, 0xfa, 0xcf, 0xc3, 0xba, 0xfa, 0xcf, 0xc3, 0xba, 0xfa,
  0xcf, 0xc3, 0xba, 0xfa, 0xcf, 0xc3, 0xba, 0xfa, 0xcf, 0xc3, 0xba, 0xfa,
  0xcf, 0xc3, 0xba, 0xfa, 0xcf, 0xc3, 0xba, 0xfa, 0xcf, 0xc3, 0xba, 0xfa,
  0xcf, 0xc3, 0xba, 0xfa, 0xcf, 0xc3, 0xba, 0xfa, 0xcf, 0xc3, 0xba, 0xfa,
  0xcf, 0xc3, 0xba, 0xfa, 0xcf, 0xc3, 0xba, 0xfa, 0xcf, 0xc3, 0xba, 0xfa,
  0xcf, 0xc3, 0xba, 0xfa, 0xcf, 0xc3, 0xba, 0xfa, 0xcf, 0xc3, 0xba, 0xfa,
  0xcf, 0xc3, 0xba, 0xfa, 0xcf, 0xc3, 0xba, 0xfa, 0xcf, 0xc3, 0xba, 0xfa,
  0xcf, 0xc3, 0xba, 0xfa, 0xd0, 0xc3, 0xb9, 0xcc, 0xcc, 0xcc, 0xcc, 0x05,
  0x00, 0x00, 0x00, 0x00, 0x00, 0x00, 0x00, 0x00, 0x00, 0x00, 0x00, 0x00,
  0x00, 0x00, 0x00, 0x00, 0x00, 0x00, 0x00, 0x00, 0x00, 0x00, 0x00, 0x00,
  0x00, 0x00, 0x00, 0x00, 0x00, 0x00, 0x00, 0x00, 0x00, 0x00, 0x00, 0x00,
  0x00, 0x00, 0x00, 0x00, 0x00, 0x00, 0x00, 0x00, 0x00, 0x00, 0x00, 0x00,
  0x00, 0x00, 0x00, 0x00, 0x00, 0x00, 0x00, 0x00, 0x00, 0x00, 0x00, 0x00,
  0x00, 0x00, 0x00, 0x00, 0x00, 0x00, 0x00, 0x00, 0x00, 0x00, 0x00, 0x00,
  0x00, 0x00, 0x00, 0x00, 0x00, 0x00, 0x00, 0x00, 0x00, 0x00, 0x00, 0x00,
  0x00, 0x00, 0x00, 0x00, 0x00, 0x00, 0x00, 0x00, 0x00, 0x00, 0x00, 0x00,
  0x00, 0x00, 0x00, 0x00, 0x00, 0x00, 0x00, 0x00, 0x00, 0x00, 0x00, 0x00,
  0x00, 0x00, 0x00, 0x00, 0x00, 0x00, 0x00, 0x00, 0x00, 0x00, 0x00, 0x00,
  0xcf, 0xc2, 0xb9, 0x75, 0xcf, 0xc3, 0xba, 0xfa, 0xcf, 0xc3, 0xba, 0xfa,
  0xcf, 0xc3, 0xba, 0xfa, 0xcf, 0xc3, 0xba, 0xfa, 0xcf, 0xc3, 0xba, 0xfa,
  0xcf, 0xc3, 0xba, 0xfa, 0xcf, 0xc3, 0xba, 0xfa, 0xcf, 0xc3, 0xba, 0xfa,
  0xcf, 0xc3, 0xba, 0xfa, 0xcf, 0xc3, 0xba, 0xfa, 0xcf, 0xc3, 0xba, 0xfa,
  0xcf, 0xc3, 0xba, 0xfa, 0xcf, 0xc3, 0xba, 0xfa, 0xcf, 0xc3, 0xba, 0xfa,
  0xcf, 0xc3, 0xba, 0xfa, 0xcf, 0xc3, 0xba, 0xfa, 0xcf, 0xc3, 0xba, 0xfa,
  0xcf, 0xc3, 0xba, 0xfa, 0xcf, 0xc3, 0xba, 0xfa, 0xcf, 0xc3, 0xba, 0xfa,
  0xcf, 0xc3, 0xba, 0xfa, 0xcf, 0xc3, 0xba, 0xfa, 0xcf, 0xc3, 0xba, 0xfa,
  0xcf, 0xc3, 0xba, 0xfa, 0xcf, 0xc3, 0xba, 0xfa, 0xcf, 0xc3, 0xba, 0xfa,
  0xcf, 0xc3, 0xba, 0xfa, 0xcf, 0xc3, 0xba, 0xfa, 0xcf, 0xc1, 0xb9, 0x74,
  0x00, 0x00, 0x00, 0x00, 0x00, 0x00, 0x00, 0x00, 0x00, 0x00, 0x00, 0x00,
  0x00, 0x00, 0x00, 0x00, 0x00, 0x00, 0x00, 0x00, 0x00, 0x00, 0x00, 0x00,
  0x00, 0x00, 0x00, 0x00, 0x00, 0x00, 0x00, 0x00, 0x00, 0x00, 0x00, 0x00,
  0x00, 0x00, 0x00, 0x00, 0x00, 0x00, 0x00, 0x00, 0x00, 0x00, 0x00, 0x00,
  0x00, 0x00, 0x00, 0x00, 0x00, 0x00, 0x00, 0x00, 0x00, 0x00, 0x00, 0x00,
  0x00, 0x00, 0x00, 0x00, 0x00, 0x00, 0x00, 0x00, 0x00, 0x00, 0x00, 0x00,
  0x00, 0x00, 0x00, 0x00, 0x00, 0x00, 0x00, 0x00, 0x00, 0x00, 0x00, 0x00,
  0x00, 0x00, 0x00, 0x00, 0x00, 0x00, 0x00, 0x00, 0x00, 0x00, 0x00, 0x00,
  0x00, 0x00, 0x00, 0x00, 0x00, 0x00, 0x00, 0x00, 0x00, 0x00, 0x00, 0x00,
  0x00, 0x00, 0x00, 0x00, 0x00, 0x00, 0x00, 0x00, 0xcd, 0xc6, 0xb8, 0x24,
  0xcf, 0xc3, 0xba, 0xf1, 0xcf, 0xc3, 0xba, 0xfa, 0xcf, 0xc3, 0xba, 0xfa,
  0xcf, 0xc3, 0xba, 0xfa, 0xcf, 0xc3, 0xba, 0xfa, 0xcf, 0xc3, 0xba, 0xfa,
  0xcf, 0xc3, 0xba, 0xfa, 0xcf, 0xc3, 0xba, 0xfa, 0xcf, 0xc3, 0xba, 0xfa,
  0xcf, 0xc3, 0xba, 0xfa, 0xcf, 0xc3, 0xba, 0xfa, 0xcf, 0xc3, 0xba, 0xfa,
  0xcf, 0xc3, 0xba, 0xfa, 0xcf, 0xc3, 0xba, 0xfa, 0xcf, 0xc3, 0xba, 0xfa,
  0xcf, 0xc3, 0xba, 0xfa, 0xcf, 0xc3, 0xba, 0xfa, 0xcf, 0xc3, 0xba, 0xfa,
  0xcf, 0xc3, 0xba, 0xfa, 0xcf, 0xc3, 0xba, 0xfa, 0xcf, 0xc3, 0xba, 0xfa,
  0xcf, 0xc3, 0xba, 0xfa, 0xcf, 0xc3, 0xba, 0xfa, 0xcf, 0xc3, 0xba, 0xfa,
  0xcf, 0xc3, 0xba, 0xfa, 0xcf, 0xc3, 0xba, 0xfa, 0xcf, 0xc3, 0xba, 0xfa,
  0xcf, 0xc3, 0xba, 0xfa, 0xcf, 0xc3, 0xba, 0xfa, 0xcf, 0xc3, 0xba, 0xf1,
  0xd3, 0xc5, 0xbd, 0x23, 0x00, 0x00, 0x00, 0x00, 0x00, 0x00, 0x00, 0x00,
  0x00, 0x00, 0x00, 0x00, 0x00, 0x00, 0x00, 0x00, 0x00, 0x00, 0x00, 0x00,
  0x00, 0x00, 0x00, 0x00, 0x00, 0x00, 0x00, 0x00, 0x00, 0x00, 0x00, 0x00,
  0x00, 0x00, 0x00, 0x00, 0x00, 0x00, 0x00, 0x00, 0x00, 0x00, 0x00, 0x00,
  0x00, 0x00, 0x00, 0x00, 0x00, 0x00, 0x00, 0x00, 0x00, 0x00, 0x00, 0x00,
  0x00, 0x00, 0x00, 0x00, 0x00, 0x00, 0x00, 0x00, 0x00, 0x00, 0x00, 0x00,
  0x00, 0x00, 0x00, 0x00, 0x00, 0x00, 0x00, 0x00, 0x00, 0x00, 0x00, 0x00,
  0x00, 0x00, 0x00, 0x00, 0x00, 0x00, 0x00, 0x00, 0x00, 0x00, 0x00, 0x00,
  0x00, 0x00, 0x00, 0x00, 0x00, 0x00, 0x00, 0x00, 0x00, 0x00, 0x00, 0x00,
  0x00, 0x00, 0x00, 0x00, 0xff, 0xff, 0xff, 0x01, 0xd0, 0xc3, 0xb9, 0xb7,
  0xcf, 0xc3, 0xba, 0xfa, 0xcf, 0xc3, 0xba, 0xfa, 0xcf, 0xc3, 0xba, 0xfa,
  0xcf, 0xc3, 0xba, 0xfa, 0xcf, 0xc3, 0xba, 0xfa, 0xcf, 0xc3, 0xba, 0xfa,
  0xcf, 0xc3, 0xba, 0xfa, 0xcf, 0xc3, 0xba, 0xfa, 0xcf, 0xc3, 0xba, 0xfa,
  0xcf, 0xc3, 0xba, 0xfa, 0xcf, 0xc3, 0xba, 0xfa, 0xcf, 0xc3, 0xba, 0xfa,
  0xcf, 0xc3, 0xba, 0xfa, 0xcf, 0xc3, 0xba, 0xfa, 0xcf, 0xc3, 0xba, 0xfa,
  0xcf, 0xc3, 0xba, 0xfa, 0xcf, 0xc3, 0xba, 0xfa, 0xcf, 0xc3, 0xba, 0xfa,
  0xcf, 0xc3, 0xba, 0xfa, 0xcf, 0xc3, 0xba, 0xfa, 0xcf, 0xc3, 0xba, 0xfa,
  0xcf, 0xc3, 0xba, 0xfa, 0xcf, 0xc3, 0xba, 0xfa, 0xcf, 0xc3, 0xba, 0xfa,
  0xcf, 0xc3, 0xba, 0xfa, 0xcf, 0xc3, 0xba, 0xfa, 0xcf, 0xc3, 0xba, 0xfa,
  0xcf, 0xc3, 0xba, 0xfa, 0xcf, 0xc3, 0xba, 0xfa, 0xcf, 0xc3, 0xba, 0xfa,
  0xd0, 0xc3, 0xba, 0xbc, 0xff, 0xff, 0xff, 0x01, 0x00, 0x00, 0x00, 0x00,
  0x00, 0x00, 0x00, 0x00, 0x00, 0x00, 0x00, 0x00, 0x00, 0x00, 0x00, 0x00,
  0x00, 0x00, 0x00, 0x00, 0x00, 0x00, 0x00, 0x00, 0x00, 0x00, 0x00, 0x00,
  0x00, 0x00, 0x00, 0x00, 0x00, 0x00, 0x00, 0x00, 0x00, 0x00, 0x00, 0x00,
  0x00, 0x00, 0x00, 0x00, 0x00, 0x00, 0x00, 0x00, 0x00, 0x00, 0x00, 0x00,
  0x00, 0x00, 0x00, 0x00, 0x00, 0x00, 0x00, 0x00, 0x00, 0x00, 0x00, 0x00,
  0x00, 0x00, 0x00, 0x00, 0x00, 0x00, 0x00, 0x00, 0x00, 0x00, 0x00, 0x00,
  0x00, 0x00, 0x00, 0x00, 0x00, 0x00, 0x00, 0x00, 0x00, 0x00, 0x00, 0x00,
  0x00, 0x00, 0x00, 0x00, 0x00, 0x00, 0x00, 0x00, 0x00, 0x00, 0x00, 0x00,
  0x00, 0x00, 0x00, 0x00, 0xce, 0xc4, 0xb9, 0x63, 0xcf, 0xc3, 0xba, 0xfa,
  0xcf, 0xc3, 0xba, 0xfa, 0xcf, 0xc3, 0xba, 0xfa, 0xcf, 0xc3, 0xba, 0xfa,
  0xcf, 0xc3, 0xba, 0xfa, 0xcf, 0xc3, 0xba, 0xfa, 0xcf, 0xc3, 0xba, 0xfa,
  0xcf, 0xc3, 0xba, 0xfa, 0xcf, 0xc3, 0xba, 0xfa, 0xcf, 0xc3, 0xba, 0xfa,
  0xcf, 0xc3, 0xba, 0xfa, 0xcf, 0xc3, 0xba, 0xfa, 0xcf, 0xc3, 0xba, 0xfa,
  0xcf, 0xc3, 0xba, 0xfa, 0xcf, 0xc3, 0xba, 0xfa, 0xcf, 0xc3, 0xba, 0xfa,
  0xcf, 0xc3, 0xba, 0xfa, 0xcf, 0xc3, 0xba, 0xfa, 0xcf, 0xc3, 0xba, 0xfa,
  0xcf, 0xc3, 0xba, 0xfa, 0xcf, 0xc3, 0xba, 0xfa, 0xcf, 0xc3, 0xba, 0xfa,
  0xcf, 0xc3, 0xba, 0xfa, 0xcf, 0xc3, 0xba, 0xfa, 0xcf, 0xc3, 0xba, 0xfa,
  0xcf, 0xc3, 0xba, 0xfa, 0xcf, 0xc3, 0xba, 0xfa, 0xcf, 0xc3, 0xba, 0xfa,
  0xcf, 0xc3, 0xba, 0xfa, 0xcf, 0xc3, 0xba, 0xfa, 0xcf, 0xc3, 0xba, 0xfa,
  0xcf, 0xc3, 0xba, 0xfa, 0xd0, 0xc3, 0xb9, 0x62, 0x00, 0x00, 0x00, 0x00,
  0x00, 0x00, 0x00, 0x00, 0x00, 0x00, 0x00, 0x00, 0x00, 0x00, 0x00, 0x00,
  0x00, 0x00, 0x00, 0x00, 0x00, 0x00, 0x00, 0x00, 0x00, 0x00, 0x00, 0x00,
  0x00, 0x00, 0x00, 0x00, 0x00, 0x00, 0x00, 0x00, 0x00, 0x00, 0x00, 0x00,
  0x00, 0x00, 0x00, 0x00, 0x00, 0x00, 0x00, 0x00, 0x00, 0x00, 0x00, 0x00,
  0x00, 0x00, 0x00, 0x00, 0x00, 0x00, 0x00, 0x00, 0x00, 0x00, 0x00, 0x00,
  0x00, 0x00, 0x00, 0x00, 0x00, 0x00, 0x00, 0x00, 0x00, 0x00, 0x00, 0x00,
  0x00, 0x00, 0x00, 0x00, 0x00, 0x00, 0x00, 0x00, 0x00, 0x00, 0x00, 0x00,
  0x00, 0x00, 0x00, 0x00, 0x00, 0x00, 0x00, 0x00, 0x00, 0x00, 0x00, 0x00,
  0xca, 0xbf, 0xb5, 0x18, 0xcf, 0xc3, 0xba, 0xe9, 0xcf, 0xc3, 0xba, 0xfa,
  0xcf, 0xc3, 0xba, 0xfa, 0xcf, 0xc3, 0xba, 0xfa, 0xcf, 0xc3, 0xba, 0xfa,
  0xcf, 0xc3, 0xba, 0xfa, 0xcf, 0xc3, 0xba, 0xfa, 0xcf, 0xc3, 0xba, 0xfa,
  0xcf, 0xc3, 0xba, 0xfa, 0xcf, 0xc3, 0xba, 0xfa, 0xcf, 0xc3, 0xba, 0xfa,
  0xcf, 0xc3, 0xba, 0xfa, 0xcf, 0xc3, 0xba, 0xfa, 0xcf, 0xc3, 0xba, 0xfa,
  0xcf, 0xc3, 0xba, 0xfa, 0xcf, 0xc3, 0xba, 0xfa, 0xcf, 0xc3, 0xba, 0xfa,
  0xcf, 0xc3, 0xba, 0xfa, 0xcf, 0xc3, 0xba, 0xfa, 0xcf, 0xc3, 0xba, 0xfa,
  0xcf, 0xc3, 0xba, 0xfa, 0xcf, 0xc3, 0xba, 0xfa, 0xcf, 0xc3, 0xba, 0xfa,
  0xcf, 0xc3, 0xba, 0xfa, 0xcf, 0xc3, 0xba, 0xfa, 0xcf, 0xc3, 0xba, 0xfa,
  0xcf, 0xc3, 0xba, 0xfa, 0xcf, 0xc3, 0xba, 0xfa, 0xcf, 0xc3, 0xba, 0xfa,
  0xcf, 0xc3, 0xba, 0xfa, 0xcf, 0xc3, 0xba, 0xfa, 0xcf, 0xc3, 0xba, 0xfa,
  0xcf, 0xc3, 0xba, 0xfa, 0xcf, 0xc3, 0xba, 0xeb, 0xce, 0xc4, 0xba, 0x1a,
  0x00, 0x00, 0x00, 0x00, 0x00, 0x00, 0x00, 0x00, 0x00, 0x00, 0x00, 0x00,
  0x00, 0x00, 0x00, 0x00, 0x00, 0x00, 0x00, 0x00, 0x00, 0x00, 0x00, 0x00,
  0x00, 0x00, 0x00, 0x00, 0x00, 0x00, 0x00, 0x00, 0x00, 0x00, 0x00, 0x00,
  0x00, 0x00, 0x00, 0x00, 0x00, 0x00, 0x00, 0x00, 0x00, 0x00, 0x00, 0x00,
  0x00, 0x00, 0x00, 0x00, 0x00, 0x00, 0x00, 0x00, 0x00, 0x00, 0x00, 0x00,
  0x00, 0x00, 0x00, 0x00, 0x00, 0x00, 0x00, 0x00, 0x00, 0x00, 0x00, 0x00,
  0x00, 0x00, 0x00, 0x00, 0x00, 0x00, 0x00, 0x00, 0x00, 0x00, 0x00, 0x00,
  0x00, 0x00, 0x00, 0x00, 0x00, 0x00, 0x00, 0x00, 0x00, 0x00, 0x00, 0x00,
  0xcf, 0xc3, 0xb9, 0xaa, 0xcf, 0xc3, 0xba, 0xfa, 0xcf, 0xc3, 0xba, 0xfa,
  0xcf, 0xc3, 0xba, 0xfa, 0xcf, 0xc3, 0xba, 0xfa, 0xcf, 0xc3, 0xba, 0xfa,
  0xcf, 0xc3, 0xba, 0xfa, 0xcf, 0xc3, 0xba, 0xfa, 0xcf, 0xc3, 0xba, 0xfa,
  0xcf, 0xc3, 0xba, 0xfa, 0xcf, 0xc3, 0xba, 0xfa, 0xcf, 0xc3, 0xba, 0xfa,
  0xcf, 0xc3, 0xba, 0xfa, 0xcf, 0xc3, 0xba, 0xfa, 0xcf, 0xc3, 0xba, 0xfa,
  0xcf, 0xc3, 0xba, 0xfa, 0xcf, 0xc3, 0xba, 0xfa, 0xcf, 0xc3, 0xba, 0xfa,
  0xcf, 0xc3, 0xba, 0xfa, 0xcf, 0xc3, 0xba, 0xfa, 0xcf, 0xc3, 0xba, 0xfa,
  0xcf, 0xc3, 0xba, 0xfa, 0xcf, 0xc3, 0xba, 0xfa, 0xcf, 0xc3, 0xba, 0xfa,
  0xcf, 0xc3, 0xba, 0xfa, 0xcf, 0xc3, 0xba, 0xfa, 0xcf, 0xc3, 0xba, 0xfa,
  0xcf, 0xc3, 0xba, 0xfa, 0xcf, 0xc3, 0xba, 0xfa, 0xcf, 0xc3, 0xba, 0xfa,
  0xcf, 0xc3, 0xba, 0xfa, 0xcf, 0xc3, 0xba, 0xfa, 0xcf, 0xc3, 0xba, 0xfa,
  0xcf, 0xc3, 0xba, 0xfa, 0xcf, 0xc3, 0xba, 0xfa, 0xcf, 0xc3, 0xb9, 0xaa,
  0x00, 0x00, 0x00, 0x00, 0x00, 0x00, 0x00, 0x00, 0x00, 0x00, 0x00, 0x00,
  0x00, 0x00, 0x00, 0x00, 0x00, 0x00, 0x00, 0x00, 0x00, 0x00, 0x00, 0x00,
  0x00, 0x00, 0x00, 0x00, 0x00, 0x00, 0x00, 0x00, 0x00, 0x00, 0x00, 0x00,
  0x00, 0x00, 0x00, 0x00, 0x00, 0x00, 0x00, 0x00, 0x00, 0x00, 0x00, 0x00,
  0x00, 0x00, 0x00, 0x00, 0x00, 0x00, 0x00, 0x00, 0x00, 0x00, 0x00, 0x00,
  0x00, 0x00, 0x00, 0x00, 0x00, 0x00, 0x00, 0x00, 0x00, 0x00, 0x00, 0x00,
  0x00, 0x00, 0x00, 0x00, 0x00, 0x00, 0x00, 0x00, 0x00, 0x00, 0x00, 0x00,
  0x00, 0x00, 0x00, 0x00, 0x00, 0x00, 0x00, 0x00, 0x00, 0x00, 0x00, 0x00,
  0xcf, 0xc3, 0xba, 0xf1, 0xcf, 0xc3, 0xba, 0xfa, 0xcf, 0xc3, 0xba, 0xfa,
  0xcf, 0xc3, 0xba, 0xfa, 0xcf, 0xc3, 0xba, 0xfa, 0xcf, 0xc3, 0xba, 0xfa,
  0xcf, 0xc3, 0xba, 0xfa, 0xcf, 0xc3, 0xba, 0xfa, 0xcf, 0xc3, 0xba, 0xfa,
  0xcf, 0xc3, 0xba, 0xfa, 0xcf, 0xc3, 0xba, 0xfa, 0xcf, 0xc3, 0xba, 0xfa,
  0xcf, 0xc3, 0xba, 0xfa, 0xcf, 0xc3, 0xba, 0xfa, 0xcf, 0xc3, 0xba, 0xfa,
  0xcf, 0xc3, 0xba, 0xfa, 0xcf, 0xc3, 0xba, 0xfa, 0xcf, 0xc3, 0xba, 0xfa,
  0xcf, 0xc3, 0xba, 0xfa, 0xcf, 0xc3, 0xba, 0xfa, 0xcf, 0xc3, 0xba, 0xfa,
  0xcf, 0xc3, 0xba, 0xfa, 0xcf, 0xc3, 0xba, 0xfa, 0xcf, 0xc3, 0xba, 0xfa,
  0xcf, 0xc3, 0xba, 0xfa, 0xcf, 0xc3, 0xba, 0xfa, 0xcf, 0xc3, 0xba, 0xfa,
  0xcf, 0xc3, 0xba, 0xfa, 0xcf, 0xc3, 0xba, 0xfa, 0xcf, 0xc3, 0xba, 0xfa,
  0xcf, 0xc3, 0xba, 0xfa, 0xcf, 0xc3, 0xba, 0xfa, 0xcf, 0xc3, 0xba, 0xfa,
  0xcf, 0xc3, 0xba, 0xfa, 0xcf, 0xc3, 0xba, 0xfa, 0xcf, 0xc4, 0xba, 0xf0,
  0x00, 0x00, 0x00, 0x00, 0x00, 0x00, 0x00, 0x00, 0x00, 0x00, 0x00, 0x00,
  0x00, 0x00, 0x00, 0x00, 0x00, 0x00, 0x00, 0x00, 0x00, 0x00, 0x00, 0x00,
  0x00, 0x00, 0x00, 0x00, 0x00, 0x00, 0x00, 0x00, 0x00, 0x00, 0x00, 0x00,
  0x00, 0x00, 0x00, 0x00, 0x00, 0x00, 0x00, 0x00, 0x00, 0x00, 0x00, 0x00,
  0x00, 0x00, 0x00, 0x00, 0x00, 0x00, 0x00, 0x00, 0x00, 0x00, 0x00, 0x00,
  0x00, 0x00, 0x00, 0x00, 0x00, 0x00, 0x00, 0x00, 0x00, 0x00, 0x00, 0x00,
  0x00, 0x00, 0x00, 0x00, 0x00, 0x00, 0x00, 0x00, 0x00, 0x00, 0x00, 0x00,
  0x00, 0x00, 0x00, 0x00, 0x00, 0x00, 0x00, 0x00, 0x00, 0x00, 0x00, 0x00,
  0xcf, 0xc3, 0xba, 0xe0, 0xcf, 0xc3, 0xba, 0xfa, 0xcf, 0xc3, 0xba, 0xfa,
  0xcf, 0xc3, 0xba, 0xfa, 0xcf, 0xc3, 0xba, 0xfa, 0xcf, 0xc3, 0xba, 0xfa,
  0xcf, 0xc3, 0xba, 0xfa, 0xcf, 0xc3, 0xba, 0xfa, 0xcf, 0xc3, 0xba, 0xfa,
  0xcf, 0xc3, 0xba, 0xfa, 0xcf, 0xc3, 0xba, 0xfa, 0xcf, 0xc3, 0xba, 0xfa,
  0xcf, 0xc3, 0xba, 0xfa, 0xcf, 0xc3, 0xba, 0xfa, 0xcf, 0xc3, 0xba, 0xfa,
  0xcf, 0xc3, 0xba, 0xfa, 0xcf, 0xc3, 0xba, 0xfa, 0xcf, 0xc3, 0xba, 0xfa,
  0xcf, 0xc3, 0xba, 0xfa, 0xcf, 0xc3, 0xba, 0xfa, 0xcf, 0xc3, 0xba, 0xfa,
  0xcf, 0xc3, 0xba, 0xfa, 0xcf, 0xc3, 0xba, 0xfa, 0xcf, 0xc3, 0xba, 0xfa,
  0xcf, 0xc3, 0xba, 0xfa, 0xcf, 0xc3, 0xba, 0xfa, 0xcf, 0xc3, 0xba, 0xfa,
  0xcf, 0xc3, 0xba, 0xfa, 0xcf, 0xc3, 0xba, 0xfa, 0xcf, 0xc3, 0xba, 0xfa,
  0xcf, 0xc3, 0xba, 0xfa, 0xcf, 0xc3, 0xba, 0xfa, 0xcf, 0xc3, 0xba, 0xfa,
  0xcf, 0xc3, 0xba, 0xfa, 0xcf, 0xc3, 0xba, 0xfa, 0xcf, 0xc2, 0xb9, 0xdf,
  0x00, 0x00, 0x00, 0x00, 0x00, 0x00, 0x00, 0x00, 0x00, 0x00, 0x00, 0x00,
  0x00, 0x00, 0x00, 0x00, 0x00, 0x00, 0x00, 0x00, 0x00, 0x00, 0x00, 0x00,
  0x00, 0x00, 0x00, 0x00, 0x00, 0x00, 0x00, 0x00, 0x00, 0x00, 0x00, 0x00,
  0x00, 0x00, 0x00, 0x00, 0x00, 0x00, 0x00, 0x00, 0x00, 0x00, 0x00, 0x00,
  0x00, 0x00, 0x00, 0x00, 0x00, 0x00, 0x00, 0x00, 0x00, 0x00, 0x00, 0x00,
  0x00, 0x00, 0x00, 0x00, 0x00, 0x00, 0x00, 0x00, 0x00, 0x00, 0x00, 0x00,
  0x00, 0x00, 0x00, 0x00, 0x00, 0x00, 0x00, 0x00, 0x00, 0x00, 0x00, 0x00,
  0x00, 0x00, 0x00, 0x00, 0x00, 0x00, 0x00, 0x00, 0x00, 0x00, 0x00, 0x00,
  0xce, 0xc3, 0xb9, 0xcd, 0xcf, 0xc3, 0xba, 0xfa, 0xcf, 0xc3, 0xba, 0xfa,
  0xcf, 0xc3, 0xba, 0xfa, 0xcf, 0xc3, 0xba, 0xfa, 0xcf, 0xc3, 0xba, 0xfa,
  0xcf, 0xc3, 0xba, 0xfa, 0xcf, 0xc3, 0xba, 0xfa, 0xcf, 0xc3, 0xba, 0xfa,
  0xcf, 0xc3, 0xba, 0xfa, 0xcf, 0xc3, 0xba, 0xfa, 0xcf, 0xc3, 0xba, 0xfa,
  0xcf, 0xc3, 0xba, 0xfa, 0xcf, 0xc3, 0xba, 0xfa, 0xcf, 0xc3, 0xba, 0xfa,
  0xcf, 0xc3, 0xba, 0xfa, 0xcf, 0xc3, 0xba, 0xfa, 0xcf, 0xc3, 0xba, 0xfa,
  0xcf, 0xc3, 0xba, 0xfa, 0xcf, 0xc3, 0xba, 0xfa, 0xcf, 0xc3, 0xba, 0xfa,
  0xcf, 0xc3, 0xba, 0xfa, 0xcf, 0xc3, 0xba, 0xfa, 0xcf, 0xc3, 0xba, 0xfa,
  0xcf, 0xc3, 0xba, 0xfa, 0xcf, 0xc3, 0xba, 0xfa, 0xcf, 0xc3, 0xba, 0xfa,
  0xcf, 0xc3, 0xba, 0xfa, 0xcf, 0xc3, 0xba, 0xfa, 0xcf, 0xc3, 0xba, 0xfa,
  0xcf, 0xc3, 0xba, 0xfa, 0xcf, 0xc3, 0xba, 0xfa, 0xcf, 0xc3, 0xba, 0xfa,
  0xcf, 0xc3, 0xba, 0xfa, 0xcf, 0xc3, 0xba, 0xfa, 0xd0, 0xc3, 0xb9, 0xcc,
  0x00, 0x00, 0x00, 0x00, 0x00, 0x00, 0x00, 0x00, 0x00, 0x00, 0x00, 0x00,
  0x00, 0x00, 0x00, 0x00, 0x00, 0x00, 0x00, 0x00, 0x00, 0x00, 0x00, 0x00,
  0x00, 0x00, 0x00, 0x00, 0x00, 0x00, 0x00, 0x00, 0x00, 0x00, 0x00, 0x00,
  0x00, 0x00, 0x00, 0x00, 0x00, 0x00, 0x00, 0x00, 0x00, 0x00, 0x00, 0x00,
  0x00, 0x00, 0x00, 0x00, 0x00, 0x00, 0x00, 0x00, 0x00, 0x00, 0x00, 0x00,
  0x00, 0x00, 0x00, 0x00, 0x00, 0x00, 0x00, 0x00, 0x00, 0x00, 0x00, 0x00,
  0x00, 0x00, 0x00, 0x00, 0x00, 0x00, 0x00, 0x00, 0x00, 0x00, 0x00, 0x00,
  0x00, 0x00, 0x00, 0x00, 0x00, 0x00, 0x00, 0x00, 0x00, 0x00, 0x00, 0x00,
  0xcf, 0xc3, 0xb9, 0xbb, 0xcf, 0xc3, 0xba, 0xfa, 0xcf, 0xc3, 0xba, 0xfa,
  0xcf, 0xc3, 0xba, 0xfa, 0xcf, 0xc3, 0xba, 0xfa, 0xcf, 0xc3, 0xba, 0xfa,
  0xcf, 0xc3, 0xba, 0xfa, 0xcf, 0xc3, 0xba, 0xfa, 0xcf, 0xc3, 0xba, 0xfa,
  0xcf, 0xc3, 0xba, 0xfa, 0xcf, 0xc3, 0xba, 0xfa, 0xcf, 0xc3, 0xba, 0xfa,
  0xcf, 0xc3, 0xba, 0xfa, 0xcf, 0xc3, 0xba, 0xfa, 0xcf, 0xc3, 0xba, 0xfa,
  0xcf, 0xc3, 0xba, 0xfa, 0xcf, 0xc3, 0xba, 0xfa, 0xcf, 0xc3, 0xba, 0xfa,
  0xcf, 0xc3, 0xba, 0xfa, 0xcf, 0xc3, 0xba, 0xfa, 0xcf, 0xc3, 0xba, 0xfa,
  0xcf, 0xc3, 0xba, 0xfa, 0xcf, 0xc3, 0xba, 0xfa, 0xcf, 0xc3, 0xba, 0xfa,
  0xcf, 0xc3, 0xba, 0xfa, 0xcf, 0xc3, 0xba, 0xfa, 0xcf, 0xc3, 0xba, 0xfa,
  0xcf, 0xc3, 0xba, 0xfa, 0xcf, 0xc3, 0xba, 0xfa, 0xcf, 0xc3, 0xba, 0xfa,
  0xcf, 0xc3, 0xba, 0xfa, 0xcf, 0xc3, 0xba, 0xfa, 0xcf, 0xc3, 0xba, 0xfa,
  0xcf, 0xc3, 0xba, 0xfa, 0xcf, 0xc3, 0xba, 0xfa, 0xcf, 0xc3, 0xba, 0xba,
  0x00, 0x00, 0x00, 0x00, 0x00, 0x00, 0x00, 0x00, 0x00, 0x00, 0x00, 0x00,
  0x00, 0x00, 0x00, 0x00, 0x00, 0x00, 0x00, 0x00, 0x00, 0x00, 0x00, 0x00,
  0x00, 0x00, 0x00, 0x00, 0x00, 0x00, 0x00, 0x00, 0x00, 0x00, 0x00, 0x00,
  0x00, 0x00, 0x00, 0x00, 0x00, 0x00, 0x00, 0x00, 0x00, 0x00, 0x00, 0x00,
  0x00, 0x00, 0x00, 0x00, 0x00, 0x00, 0x00, 0x00, 0x00, 0x00, 0x00, 0x00,
  0x00, 0x00, 0x00, 0x00, 0x00, 0x00, 0x00, 0x00, 0x00, 0x00, 0x00, 0x00,
  0x00, 0x00, 0x00, 0x00, 0x00, 0x00, 0x00, 0x00, 0x00, 0x00, 0x00, 0x00,
  0x00, 0x00, 0x00, 0x00, 0x00, 0x00, 0x00, 0x00, 0x00, 0x00, 0x00, 0x00,
  0xcf, 0xc3, 0xb9, 0xaa, 0xcf, 0xc3, 0xba, 0xfa, 0xcf, 0xc3, 0xba, 0xfa,
  0xcf, 0xc3, 0xba, 0xfa, 0xcf, 0xc3, 0xba, 0xfa, 0xcf, 0xc3, 0xba, 0xfa,
  0xcf, 0xc3, 0xba, 0xfa, 0xcf, 0xc3, 0xba, 0xfa, 0xcf, 0xc3, 0xba, 0xfa,
  0xcf, 0xc3, 0xba, 0xfa, 0xcf, 0xc3, 0xba, 0xfa, 0xcf, 0xc3, 0xba, 0xfa,
  0xcf, 0xc3, 0xba, 0xfa, 0xcf, 0xc3, 0xba, 0xfa, 0xcf, 0xc3, 0xba, 0xfa,
  0xcf, 0xc3, 0xba, 0xfa, 0xcf, 0xc3, 0xba, 0xfa, 0xcf, 0xc3, 0xba, 0xfa,
  0xcf, 0xc3, 0xba, 0xfa, 0xcf, 0xc3, 0xba, 0xfa, 0xcf, 0xc3, 0xba, 0xfa,
  0xcf, 0xc3, 0xba, 0xfa, 0xcf, 0xc3, 0xba, 0xfa, 0xcf, 0xc3, 0xba, 0xfa,
  0xcf, 0xc3, 0xba, 0xfa, 0xcf, 0xc3, 0xba, 0xfa, 0xcf, 0xc3, 0xba, 0xfa,
  0xcf, 0xc3, 0xba, 0xfa, 0xcf, 0xc3, 0xba, 0xfa, 0xcf, 0xc3, 0xba, 0xfa,
  0xcf, 0xc3, 0xba, 0xfa, 0xcf, 0xc3, 0xba, 0xfa, 0xcf, 0xc3, 0xba, 0xfa,
  0xcf, 0xc3, 0xba, 0xfa, 0xcf, 0xc3, 0xba, 0xfa, 0xcf, 0xc3, 0xba, 0xa9,
  0x00, 0x00, 0x00, 0x00, 0x00, 0x00, 0x00, 0x00, 0x00, 0x00, 0x00, 0x00,
  0x00, 0x00, 0x00, 0x00, 0x00, 0x00, 0x00, 0x00, 0x00, 0x00, 0x00, 0x00,
  0x00, 0x00, 0x00, 0x00, 0x00, 0x00, 0x00, 0x00, 0x00, 0x00, 0x00, 0x00,
  0x00, 0x00, 0x00, 0x00, 0x00, 0x00, 0x00, 0x00, 0x00, 0x00, 0x00, 0x00,
  0x00, 0x00, 0x00, 0x00, 0x00, 0x00, 0x00, 0x00, 0x00, 0x00, 0x00, 0x00,
  0x00, 0x00, 0x00, 0x00, 0x00, 0x00, 0x00, 0x00, 0x00, 0x00, 0x00, 0x00,
  0x00, 0x00, 0x00, 0x00, 0x00, 0x00, 0x00, 0x00, 0x00, 0x00, 0x00, 0x00,
  0x00, 0x00, 0x00, 0x00, 0x00, 0x00, 0x00, 0x00, 0x00, 0x00, 0x00, 0x00,
  0xce, 0xc3, 0xba, 0x98, 0xcf, 0xc3, 0xba, 0xfa, 0xcf, 0xc3, 0xba, 0xfa,
  0xcf, 0xc3, 0xba, 0xfa, 0xcf, 0xc3, 0xba, 0xfa, 0xcf, 0xc3, 0xba, 0xfa,
  0xcf, 0xc3, 0xba, 0xfa, 0xcf, 0xc3, 0xba, 0xfa, 0xcf, 0xc3, 0xba, 0xfa,
  0xcf, 0xc3, 0xba, 0xfa, 0xcf, 0xc3, 0xba, 0xfa, 0xcf, 0xc3, 0xba, 0xfa,
  0xcf, 0xc3, 0xba, 0xfa, 0xcf, 0xc3, 0xba, 0xfa, 0xcf, 0xc3, 0xba, 0xfa,
  0xcf, 0xc3, 0xba, 0xfa, 0xcf, 0xc3, 0xba, 0xfa, 0xcf, 0xc3, 0xba, 0xfa,
  0xcf, 0xc3, 0xba, 0xfa, 0xcf, 0xc3, 0xba, 0xfa, 0xcf, 0xc3, 0xba, 0xfa,
  0xcf, 0xc3, 0xba, 0xfa, 0xcf, 0xc3, 0xba, 0xfa, 0xcf, 0xc3, 0xba, 0xfa,
  0xcf, 0xc3, 0xba, 0xfa, 0xcf, 0xc3, 0xba, 0xfa, 0xcf, 0xc3, 0xba, 0xfa,
  0xcf, 0xc3, 0xba, 0xfa, 0xcf, 0xc3, 0xba, 0xfa, 0xcf, 0xc3, 0xba, 0xfa,
  0xcf, 0xc3, 0xba, 0xfa, 0xcf, 0xc3, 0xba, 0xfa, 0xcf, 0xc3, 0xba, 0xfa,
  0xcf, 0xc3, 0xba, 0xfa, 0xcf, 0xc3, 0xba, 0xfa, 0xd0, 0xc2, 0xba, 0x97,
  0x00, 0x00, 0x00, 0x00, 0x00, 0x00, 0x00, 0x00, 0x00, 0x00, 0x00, 0x00,
  0x00, 0x00, 0x00, 0x00, 0x00, 0x00, 0x00, 0x00, 0x00, 0x00, 0x00, 0x00,
  0x00, 0x00, 0x00, 0x00, 0x00, 0x00, 0x00, 0x00, 0x00, 0x00, 0x00, 0x00,
  0x00, 0x00, 0x00, 0x00, 0x00, 0x00, 0x00, 0x00, 0x00, 0x00, 0x00, 0x00,
  0x00, 0x00, 0x00, 0x00, 0x00, 0x00, 0x00, 0x00, 0x00, 0x00, 0x00, 0x00,
  0x00, 0x00, 0x00, 0x00, 0x00, 0x00, 0x00, 0x00, 0x00, 0x00, 0x00, 0x00,
  0x00, 0x00, 0x00, 0x00, 0x00, 0x00, 0x00, 0x00, 0x00, 0x00, 0x00, 0x00,
  0x00, 0x00, 0x00, 0x00, 0x00, 0x00, 0x00, 0x00, 0x00, 0x00, 0x00, 0x00,
  0xcf, 0xc4, 0xba, 0x85, 0xcf, 0xc3, 0xba, 0xfa, 0xcf, 0xc3, 0xba, 0xfa,
  0xcf, 0xc3, 0xba, 0xfa, 0xcf, 0xc3, 0xba, 0xfa, 0xcf, 0xc3, 0xba, 0xfa,
  0xcf, 0xc3, 0xba, 0xfa, 0xcf, 0xc3, 0xba, 0xfa, 0xcf, 0xc3, 0xba, 0xfa,
  0xcf, 0xc3, 0xba, 0xfa, 0xcf, 0xc3, 0xba, 0xfa, 0xcf, 0xc3, 0xba, 0xfa,
  0xcf, 0xc3, 0xba, 0xfa, 0xcf, 0xc3, 0xba, 0xfa, 0xcf, 0xc3, 0xba, 0xfa,
  0xcf, 0xc3, 0xba, 0xfa, 0xcf, 0xc3, 0xba, 0xfa, 0xcf, 0xc3, 0xba, 0xfa,
  0xcf, 0xc3, 0xba, 0xfa, 0xcf, 0xc3, 0xba, 0xfa, 0xcf, 0xc3, 0xba, 0xfa,
  0xcf, 0xc3, 0xba, 0xfa, 0xcf, 0xc3, 0xba, 0xfa, 0xcf, 0xc3, 0xba, 0xfa,
  0xcf, 0xc3, 0xba, 0xfa, 0xcf, 0xc3, 0xba, 0xfa, 0xcf, 0xc3, 0xba, 0xfa,
  0xcf, 0xc3, 0xba, 0xfa, 0xcf, 0xc3, 0xba, 0xfa, 0xcf, 0xc3, 0xba, 0xfa,
  0xcf, 0xc3, 0xba, 0xfa, 0xcf, 0xc3, 0xba, 0xfa, 0xcf, 0xc3, 0xba, 0xfa,
  0xcf, 0xc3, 0xba, 0xfa, 0xcf, 0xc3, 0xba, 0xfa, 0xcf, 0xc3, 0xb9, 0x84,
  0x00, 0x00, 0x00, 0x00, 0x00, 0x00, 0x00, 0x00, 0x00, 0x00, 0x00, 0x00,
  0x00, 0x00, 0x00, 0x00, 0x00, 0x00, 0x00, 0x00, 0x00, 0x00, 0x00, 0x00,
  0x00, 0x00, 0x00, 0x00, 0x00, 0x00, 0x00, 0x00, 0x00, 0x00, 0x00, 0x00,
  0x00, 0x00, 0x00, 0x00, 0x00, 0x00, 0x00, 0x00, 0x00, 0x00, 0x00, 0x00,
  0x00, 0x00, 0x00, 0x00, 0x00, 0x00, 0x00, 0x00, 0x00, 0x00, 0x00, 0x00,
  0x00, 0x00, 0x00, 0x00, 0x00, 0x00, 0x00, 0x00, 0x00, 0x00, 0x00, 0x00,
  0x00, 0x00, 0x00, 0x00, 0x00, 0x00, 0x00, 0x00, 0x00, 0x00, 0x00, 0x00,
  0x00, 0x00, 0x00, 0x00, 0x00, 0x00, 0x00, 0x00, 0x00, 0x00, 0x00, 0x00,
  0xcf, 0xc2, 0xb9, 0x75, 0xcf, 0xc3, 0xba, 0xfa, 0xcf, 0xc3, 0xba, 0xfa,
  0xcf, 0xc3, 0xba, 0xfa, 0xcf, 0xc3, 0xba, 0xfa, 0xcf, 0xc3, 0xba, 0xfa,
  0xcf, 0xc3, 0xba, 0xfa, 0xcf, 0xc3, 0xba, 0xfa, 0xcf, 0xc3, 0xba, 0xfa,
  0xcf, 0xc3, 0xba, 0xfa, 0xcf, 0xc3, 0xba, 0xfa, 0xcf, 0xc3, 0xba, 0xfa,
  0xcf, 0xc3, 0xba, 0xfa, 0xcf, 0xc3, 0xba, 0xfa, 0xcf, 0xc3, 0xba, 0xfa,
  0xcf, 0xc3, 0xba, 0xfa, 0xcf, 0xc3, 0xba, 0xfa, 0xcf, 0xc3, 0xba, 0xfa,
  0xcf, 0xc3, 0xba, 0xfa, 0xcf, 0xc3, 0xba, 0xfa, 0xcf, 0xc3, 0xba, 0xfa,
  0xcf, 0xc3, 0xba, 0xfa, 0xcf, 0xc3, 0xba, 0xfa, 0xcf, 0xc3, 0xba, 0xfa,
  0xcf, 0xc3, 0xba, 0xfa, 0xcf, 0xc3, 0xba, 0xfa, 0xcf, 0xc3, 0xba, 0xfa,
  0xcf, 0xc3, 0xba, 0xfa, 0xcf, 0xc3, 0xba, 0xfa, 0xcf, 0xc3, 0xba, 0xfa,
  0xcf, 0xc3, 0xba, 0xfa, 0xcf, 0xc3, 0xba, 0xfa, 0xcf, 0xc3, 0xba, 0xfa,
  0xcf, 0xc3, 0xba, 0xfa, 0xcf, 0xc3, 0xba, 0xfa, 0xcf, 0xc1, 0xb9, 0x74,
  0x00, 0x00, 0x00, 0x00, 0x00, 0x00, 0x00, 0x00, 0x00, 0x00, 0x00, 0x00,
  0x00, 0x00, 0x00, 0x00, 0x00, 0x00, 0x00, 0x00, 0x00, 0x00, 0x00, 0x00,
  0x00, 0x00, 0x00, 0x00, 0x00, 0x00, 0x00, 0x00, 0x00, 0x00, 0x00, 0x00,
  0x00, 0x00, 0x00, 0x00, 0x00, 0x00, 0x00, 0x00, 0x00, 0x00, 0x00, 0x00,
  0x00, 0x00, 0x00, 0x00, 0x00, 0x00, 0x00, 0x00, 0x00, 0x00, 0x00, 0x00,
  0x00, 0x00, 0x00, 0x00, 0x00, 0x00, 0x00, 0x00, 0x00, 0x00, 0x00, 0x00,
  0x00, 0x00, 0x00, 0x00, 0x00, 0x00, 0x00, 0x00, 0x00, 0x00, 0x00, 0x00,
  0x00, 0x00, 0x00, 0x00, 0x00, 0x00, 0x00, 0x00, 0x00, 0x00, 0x00, 0x00,
  0xd0, 0xc3, 0xb9, 0x62, 0xcf, 0xc3, 0xba, 0xfa, 0xcf, 0xc3, 0xba, 0xfa,
  0xcf, 0xc3, 0xba, 0xfa, 0xcf, 0xc3, 0xba, 0xfa, 0xcf, 0xc3, 0xba, 0xfa,
  0xcf, 0xc3, 0xba, 0xfa, 0xcf, 0xc3, 0xba, 0xfa, 0xcf, 0xc3, 0xba, 0xfa,
  0xcf, 0xc3, 0xba, 0xfa, 0xcf, 0xc3, 0xba, 0xfa, 0xcf, 0xc3, 0xba, 0xfa,
  0xcf, 0xc3, 0xba, 0xfa, 0xcf, 0xc3, 0xba, 0xfa, 0xcf, 0xc3, 0xba, 0xfa,
  0xcf, 0xc3, 0xba, 0xfa, 0xcf, 0xc3, 0xba, 0xfa, 0xcf, 0xc3, 0xba, 0xfa,
  0xcf, 0xc3, 0xba, 0xfa, 0xcf, 0xc3, 0xba, 0xfa, 0xcf, 0xc3, 0xba, 0xfa,
  0xcf, 0xc3, 0xba, 0xfa, 0xcf, 0xc3, 0xba, 0xfa, 0xcf, 0xc3, 0xba, 0xfa,
  0xcf, 0xc3, 0xba, 0xfa, 0xcf, 0xc3, 0xba, 0xfa, 0xcf, 0xc3, 0xba, 0xfa,
  0xcf, 0xc3, 0xba, 0xfa, 0xcf, 0xc3, 0xba, 0xfa, 0xcf, 0xc3, 0xba, 0xfa,
  0xcf, 0xc3, 0xba, 0xfa, 0xcf, 0xc3, 0xba, 0xfa, 0xcf, 0xc3, 0xba, 0xfa,
  0xcf, 0xc3, 0xba, 0xfa, 0xcf, 0xc3, 0xba, 0xfa, 0xd0, 0xc3, 0xbb, 0x61,
  0x00, 0x00, 0x00, 0x00, 0x00, 0x00, 0x00, 0x00, 0x00, 0x00, 0x00, 0x00,
  0x00, 0x00, 0x00, 0x00, 0x00, 0x00, 0x00, 0x00, 0x00, 0x00, 0x00, 0x00,
  0x00, 0x00, 0x00, 0x00, 0x00, 0x00, 0x00, 0x00, 0x00, 0x00, 0x00, 0x00,
  0x00, 0x00, 0x00, 0x00, 0x00, 0x00, 0x00, 0x00, 0x00, 0x00, 0x00, 0x00,
  0x00, 0x00, 0x00, 0x00, 0x00, 0x00, 0x00, 0x00, 0x00, 0x00, 0x00, 0x00,
  0x00, 0x00, 0x00, 0x00, 0x00, 0x00, 0x00, 0x00, 0x00, 0x00, 0x00, 0x00,
  0x00, 0x00, 0x00, 0x00, 0x00, 0x00, 0x00, 0x00, 0x00, 0x00, 0x00, 0x00,
  0x00, 0x00, 0x00, 0x00, 0x00, 0x00, 0x00, 0x00, 0x00, 0x00, 0x00, 0x00,
  0xcf, 0xc2, 0xbc, 0x50, 0xcf, 0xc3, 0xba, 0xfa, 0xcf, 0xc3, 0xba, 0xfa,
  0xcf, 0xc3, 0xba, 0xfa, 0xcf, 0xc3, 0xba, 0xfa, 0xcf, 0xc3, 0xba, 0xfa,
  0xcf, 0xc3, 0xba, 0xfa, 0xcf, 0xc3, 0xba, 0xfa, 0xcf, 0xc3, 0xba, 0xfa,
  0xcf, 0xc3, 0xba, 0xfa, 0xcf, 0xc3, 0xba, 0xfa, 0xcf, 0xc3, 0xba, 0xfa,
  0xcf, 0xc3, 0xba, 0xfa, 0xcf, 0xc3, 0xba, 0xfa, 0xcf, 0xc3, 0xba, 0xfa,
  0xcf, 0xc3, 0xba, 0xfa, 0xcf, 0xc3, 0xba, 0xfa, 0xcf, 0xc3, 0xba, 0xfa,
  0xcf, 0xc3, 0xba, 0xfa, 0xcf, 0xc3, 0xba, 0xfa, 0xcf, 0xc3, 0xba, 0xfa,
  0xcf, 0xc3, 0xba, 0xfa, 0xcf, 0xc3, 0xba, 0xfa, 0xcf, 0xc3, 0xba, 0xfa,
  0xcf, 0xc3, 0xba, 0xfa, 0xcf, 0xc3, 0xba, 0xfa, 0xcf, 0xc3, 0xba, 0xfa,
  0xcf, 0xc3, 0xba, 0xfa, 0xcf, 0xc3, 0xba, 0xfa, 0xcf, 0xc3, 0xba, 0xfa,
  0xcf, 0xc3, 0xba, 0xfa, 0xcf, 0xc3, 0xba, 0xfa, 0xcf, 0xc3, 0xba, 0xfa,
  0xcf, 0xc3, 0xba, 0xfa, 0xcf, 0xc3, 0xba, 0xfa, 0xcf, 0xc5, 0xbb, 0x4f,
  0x00, 0x00, 0x00, 0x00, 0x00, 0x00, 0x00, 0x00, 0x00, 0x00, 0x00, 0x00,
  0x00, 0x00, 0x00, 0x00, 0x00, 0x00, 0x00, 0x00, 0x00, 0x00, 0x00, 0x00,
  0x00, 0x00, 0x00, 0x00, 0x00, 0x00, 0x00, 0x00, 0x00, 0x00, 0x00, 0x00,
  0x00, 0x00, 0x00, 0x00, 0x00, 0x00, 0x00, 0x00, 0x00, 0x00, 0x00, 0x00,
  0x00, 0x00, 0x00, 0x00, 0x00, 0x00, 0x00, 0x00, 0x00, 0x00, 0x00, 0x00,
  0x00, 0x00, 0x00, 0x00, 0x00, 0x00, 0x00, 0x00, 0x00, 0x00, 0x00, 0x00,
  0x00, 0x00, 0x00, 0x00, 0x00, 0x00, 0x00, 0x00, 0x00, 0x00, 0x00, 0x00,
  0x00, 0x00, 0x00, 0x00, 0x00, 0x00, 0x00, 0x00, 0x00, 0x00, 0x00, 0x00,
  0xce, 0xc2, 0xba, 0x3f, 0xcf, 0xc3, 0xba, 0xfa, 0xcf, 0xc3, 0xba, 0xfa,
  0xcf, 0xc3, 0xba, 0xfa, 0xcf, 0xc3, 0xba, 0xfa, 0xcf, 0xc3, 0xba, 0xfa,
  0xcf, 0xc3, 0xba, 0xfa, 0xcf, 0xc3, 0xba, 0xfa, 0xcf, 0xc3, 0xba, 0xfa,
  0xcf, 0xc3, 0xba, 0xfa, 0xcf, 0xc3, 0xba, 0xfa, 0xcf, 0xc3, 0xba, 0xfa,
  0xcf, 0xc3, 0xba, 0xfa, 0xcf, 0xc3, 0xba, 0xfa, 0xcf, 0xc3, 0xba, 0xfa,
  0xcf, 0xc3, 0xba, 0xfa, 0xcf, 0xc3, 0xba, 0xfa, 0xcf, 0xc3, 0xba, 0xfa,
  0xcf, 0xc3, 0xba, 0xfa, 0xcf, 0xc3, 0xba, 0xfa, 0xcf, 0xc3, 0xba, 0xfa,
  0xcf, 0xc3, 0xba, 0xfa, 0xcf, 0xc3, 0xba, 0xfa, 0xcf, 0xc3, 0xba, 0xfa,
  0xcf, 0xc3, 0xba, 0xfa, 0xcf, 0xc3, 0xba, 0xfa, 0xcf, 0xc3, 0xba, 0xfa,
  0xcf, 0xc3, 0xba, 0xfa, 0xcf, 0xc3, 0xba, 0xfa, 0xcf, 0xc3, 0xba, 0xfa,
  0xcf, 0xc3, 0xba, 0xfa, 0xcf, 0xc3, 0xba, 0xfa, 0xcf, 0xc3, 0xba, 0xfa,
  0xcf, 0xc3, 0xba, 0xfa, 0xcf, 0xc3, 0xba, 0xfa, 0xce, 0xc1, 0xb9, 0x3e,
  0x00, 0x00, 0x00, 0x00, 0x00, 0x00, 0x00, 0x00, 0x00, 0x00, 0x00, 0x00,
  0x00, 0x00, 0x00, 0x00, 0x00, 0x00, 0x00, 0x00, 0x00, 0x00, 0x00, 0x00,
  0x00, 0x00, 0x00, 0x00, 0x00, 0x00, 0x00, 0x00, 0x00, 0x00, 0x00, 0x00,
  0x00, 0x00, 0x00, 0x00, 0x00, 0x00, 0x00, 0x00, 0x00, 0x00, 0x00, 0x00,
  0x00, 0x00, 0x00, 0x00, 0x00, 0x00, 0x00, 0x00, 0x00, 0x00, 0x00, 0x00,
  0x00, 0x00, 0x00, 0x00, 0x00, 0x00, 0x00, 0x00, 0x00, 0x00, 0x00, 0x00,
  0x00, 0x00, 0x00, 0x00, 0x00, 0x00, 0x00, 0x00, 0x00, 0x00, 0x00, 0x00,
  0x00, 0x00, 0x00, 0x00, 0x00, 0x00, 0x00, 0x00, 0x00, 0x00, 0x00, 0x00,
  0xd2, 0xc1, 0xbb, 0x2d, 0xcf, 0xc3, 0xba, 0xfa, 0xcf, 0xc3, 0xba, 0xfa,
  0xcf, 0xc3, 0xba, 0xfa, 0xcf, 0xc3, 0xba, 0xfa, 0xcf, 0xc3, 0xba, 0xfa,
  0xcf, 0xc3, 0xba, 0xfa, 0xcf, 0xc3, 0xba, 0xfa, 0xcf, 0xc3, 0xba, 0xfa,
  0xcf, 0xc3, 0xba, 0xfa, 0xcf, 0xc3, 0xba, 0xfa, 0xcf, 0xc3, 0xba, 0xfa,
  0xcf, 0xc3, 0xba, 0xfa, 0xcf, 0xc3, 0xba, 0xfa, 0xcf, 0xc3, 0xba, 0xfa,
  0xcf, 0xc3, 0xba, 0xfa, 0xcf, 0xc3, 0xba, 0xfa, 0xcf, 0xc3, 0xba, 0xfa,
  0xcf, 0xc3, 0xba, 0xfa, 0xcf, 0xc3, 0xba, 0xfa, 0xcf, 0xc3, 0xba, 0xfa,
  0xcf, 0xc3, 0xba, 0xfa, 0xcf, 0xc3, 0xba, 0xfa, 0xcf, 0xc3, 0xba, 0xfa,
  0xcf, 0xc3, 0xba, 0xfa, 0xcf, 0xc3, 0xba, 0xfa, 0xcf, 0xc3, 0xba, 0xfa,
  0xcf, 0xc3, 0xba, 0xfa, 0xcf, 0xc3, 0xba, 0xfa, 0xcf, 0xc3, 0xba, 0xfa,
  0xcf, 0xc3, 0xba, 0xfa, 0xcf, 0xc3, 0xba, 0xfa, 0xcf, 0xc3, 0xba, 0xfa,
  0xcf, 0xc3, 0xba, 0xfa, 0xcf, 0xc3, 0xba, 0xfa, 0xd1, 0xc5, 0xb9, 0x2c,
  0x00, 0x00, 0x00, 0x00, 0x00, 0x00, 0x00, 0x00, 0x00, 0x00, 0x00, 0x00,
  0x00, 0x00, 0x00, 0x00, 0x00, 0x00, 0x00, 0x00, 0x00, 0x00, 0x00, 0x00,
  0x00, 0x00, 0x00, 0x00, 0x00, 0x00, 0x00, 0x00, 0x00, 0x00, 0x00, 0x00,
  0x00, 0x00, 0x00, 0x00, 0x00, 0x00, 0x00, 0x00, 0x00, 0x00, 0x00, 0x00,
  0x00, 0x00, 0x00, 0x00, 0x00, 0x00, 0x00, 0x00, 0x00, 0x00, 0x00, 0x00,
  0x00, 0x00, 0x00, 0x00, 0x00, 0x00, 0x00, 0x00, 0x00, 0x00, 0x00, 0x00,
  0x00, 0x00, 0x00, 0x00, 0x00, 0x00, 0x00, 0x00, 0x00, 0x00, 0x00, 0x00,
  0x00, 0x00, 0x00, 0x00, 0x00, 0x00, 0x00, 0x00, 0x00, 0x00, 0x00, 0x00,
  0xce, 0xc4, 0xba, 0x1a, 0xcf, 0xc3, 0xba, 0xfa, 0xcf, 0xc3, 0xba, 0xfa,
  0xcf, 0xc3, 0xba, 0xfa, 0xcf, 0xc3, 0xba, 0xfa, 0xcf, 0xc3, 0xba, 0xfa,
  0xcf, 0xc3, 0xba, 0xfa, 0xcf, 0xc3, 0xba, 0xfa, 0xcf, 0xc3, 0xba, 0xfa,
  0xcf, 0xc3, 0xba, 0xfa, 0xcf, 0xc3, 0xba, 0xfa, 0xcf, 0xc3, 0xba, 0xfa,
  0xcf, 0xc3, 0xba, 0xfa, 0xcf, 0xc3, 0xba, 0xfa, 0xcf, 0xc3, 0xba, 0xfa,
  0xcf, 0xc3, 0xba, 0xfa, 0xcf, 0xc3, 0xba, 0xfa, 0xcf, 0xc3, 0xba, 0xfa,
  0xcf, 0xc3, 0xba, 0xfa, 0xcf, 0xc3, 0xba, 0xfa, 0xcf, 0xc3, 0xba, 0xfa,
  0xcf, 0xc3, 0xba, 0xfa, 0xcf, 0xc3, 0xba, 0xfa, 0xcf, 0xc3, 0xba, 0xfa,
  0xcf, 0xc3, 0xba, 0xfa, 0xcf, 0xc3, 0xba, 0xfa, 0xcf, 0xc3, 0xba, 0xfa,
  0xcf, 0xc3, 0xba, 0xfa, 0xcf, 0xc3, 0xba, 0xfa, 0xcf, 0xc3, 0xba, 0xfa,
  0xcf, 0xc3, 0xba, 0xfa, 0xcf, 0xc3, 0xba, 0xfa, 0xcf, 0xc3, 0xba, 0xfa,
  0xcf, 0xc3, 0xba, 0xfa, 0xcf, 0xc3, 0xba, 0xfa, 0xd6, 0xc2, 0xc2, 0x19,
  0x00, 0x00, 0x00, 0x00, 0x00, 0x00, 0x00, 0x00, 0x00, 0x00, 0x00, 0x00,
  0x00, 0x00, 0x00, 0x00, 0x00, 0x00, 0x00, 0x00, 0x00, 0x00, 0x00, 0x00,
  0x00, 0x00, 0x00, 0x00, 0x00, 0x00, 0x00, 0x00, 0x00, 0x00, 0x00, 0x00,
  0x00, 0x00, 0x00, 0x00, 0x00, 0x00, 0x00, 0x00, 0x00, 0x00, 0x00, 0x00,
  0x00, 0x00, 0x00, 0x00, 0x00, 0x00, 0x00, 0x00, 0x00, 0x00, 0x00, 0x00,
  0x00, 0x00, 0x00, 0x00, 0x00, 0x00, 0x00, 0x00, 0x00, 0x00, 0x00, 0x00,
  0x00, 0x00, 0x00, 0x00, 0x00, 0x00, 0x00, 0x00, 0x00, 0x00, 0x00, 0x00,
  0x00, 0x00, 0x00, 0x00, 0x00, 0x00, 0x00, 0x00, 0x00, 0x00, 0x00, 0x00,
  0xbf, 0xbf, 0xbf, 0x08, 0xcf, 0xc3, 0xba, 0xfa, 0xcf, 0xc3, 0xba, 0xfa,
  0xcf, 0xc3, 0xba, 0xfa, 0xcf, 0xc3, 0xba, 0xfa, 0xcf, 0xc3, 0xba, 0xfa,
  0xcf, 0xc3, 0xba, 0xfa, 0xcf, 0xc3, 0xba, 0xfa, 0xcf, 0xc3, 0xba, 0xfa,
  0xcf, 0xc3, 0xba, 0xfa, 0xcf, 0xc3, 0xba, 0xfa, 0xcf, 0xc3, 0xba, 0xfa,
  0xcf, 0xc3, 0xba, 0xfa, 0xcf, 0xc3, 0xba, 0xfa, 0xcf, 0xc3, 0xba, 0xfa,
  0xcf, 0xc3, 0xba, 0xfa, 0xcf, 0xc3, 0xba, 0xfa, 0xcf, 0xc3, 0xba, 0xfa,
  0xcf, 0xc3, 0xba, 0xfa, 0xcf, 0xc3, 0xba, 0xfa, 0xcf, 0xc3, 0xba, 0xfa,
  0xcf, 0xc3, 0xba, 0xfa, 0xcf, 0xc3, 0xba, 0xfa, 0xcf, 0xc3, 0xba, 0xfa,
  0xcf, 0xc3, 0xba, 0xfa, 0xcf, 0xc3, 0xba, 0xfa, 0xcf, 0xc3, 0xba, 0xfa,
  0xcf, 0xc3, 0xba, 0xfa, 0xcf, 0xc3, 0xba, 0xfa, 0xcf, 0xc3, 0xba, 0xfa,
  0xcf, 0xc3, 0xba, 0xfa, 0xcf, 0xc3, 0xba, 0xfa, 0xcf, 0xc3, 0xba, 0xfa,
  0xcf, 0xc3, 0xba, 0xfa, 0xcf, 0xc3, 0xba, 0xfa, 0xbf, 0xbf, 0xbf, 0x08,
  0x00, 0x00, 0x00, 0x00, 0x00, 0x00, 0x00, 0x00, 0x00, 0x00, 0x00, 0x00,
  0x00, 0x00, 0x00, 0x00, 0x00, 0x00, 0x00, 0x00, 0x00, 0x00, 0x00, 0x00,
  0x00, 0x00, 0x00, 0x00, 0x00, 0x00, 0x00, 0x00, 0x00, 0x00, 0x00, 0x00,
  0x00, 0x00, 0x00, 0x00, 0x00, 0x00, 0x00, 0x00, 0x00, 0x00, 0x00, 0x00,
  0x00, 0x00, 0x00, 0x00, 0x00, 0x00, 0x00, 0x00, 0x00, 0x00, 0x00, 0x00,
  0x00, 0x00, 0x00, 0x00, 0x00, 0x00, 0x00, 0x00, 0x00, 0x00, 0x00, 0x00,
  0x00, 0x00, 0x00, 0x00, 0x00, 0x00, 0x00, 0x00, 0x00, 0x00, 0x00, 0x00,
  0x00, 0x00, 0x00, 0x00, 0x00, 0x00, 0x00, 0x00, 0x00, 0x00, 0x00, 0x00,
  0x00, 0x00, 0x00, 0x00, 0xcf, 0xc3, 0xba, 0xf1, 0xcf, 0xc3, 0xba, 0xfa,
  0xcf, 0xc3, 0xba, 0xfa, 0xcf, 0xc3, 0xba, 0xfa, 0xcf, 0xc3, 0xba, 0xfa,
  0xcf, 0xc3, 0xba, 0xfa, 0xcf, 0xc3, 0xba, 0xfa, 0xcf, 0xc3, 0xba, 0xfa,
  0xcf, 0xc3, 0xba, 0xfa, 0xcf, 0xc3, 0xba, 0xfa, 0xcf, 0xc3, 0xba, 0xfa,
  0xcf, 0xc3, 0xba, 0xfa, 0xcf, 0xc3, 0xba, 0xfa, 0xcf, 0xc3, 0xba, 0xfa,
  0xcf, 0xc3, 0xba, 0xfa, 0xcf, 0xc3, 0xba, 0xfa, 0xcf, 0xc3, 0xba, 0xfa,
  0xcf, 0xc3, 0xba, 0xfa, 0xcf, 0xc3, 0xba, 0xfa, 0xcf, 0xc3, 0xba, 0xfa,
  0xcf, 0xc3, 0xba, 0xfa, 0xcf, 0xc3, 0xba, 0xfa, 0xcf, 0xc3, 0xba, 0xfa,
  0xcf, 0xc3, 0xba, 0xfa, 0xcf, 0xc3, 0xba, 0xfa, 0xcf, 0xc3, 0xba, 0xfa,
  0xcf, 0xc3, 0xba, 0xfa, 0xcf, 0xc3, 0xba, 0xfa, 0xcf, 0xc3, 0xba, 0xfa,
  0xcf, 0xc3, 0xba, 0xfa, 0xcf, 0xc3, 0xba, 0xfa, 0xcf, 0xc3, 0xba, 0xfa,
  0xcf, 0xc3, 0xba, 0xfa, 0xcf, 0xc4, 0xba, 0xf0, 0x00, 0x00, 0x00, 0x00,
  0x00, 0x00, 0x00, 0x00, 0x00, 0x00, 0x00, 0x00, 0x00, 0x00, 0x00, 0x00,
  0x00, 0x00, 0x00, 0x00, 0x00, 0x00, 0x00, 0x00, 0x00, 0x00, 0x00, 0x00,
  0x00, 0x00, 0x00, 0x00, 0x00, 0x00, 0x00, 0x00, 0x00, 0x00, 0x00, 0x00,
  0x00, 0x00, 0x00, 0x00, 0x00, 0x00, 0x00, 0x00, 0x00, 0x00, 0x00, 0x00,
  0x00, 0x00, 0x00, 0x00, 0x00, 0x00, 0x00, 0x00, 0x00, 0x00, 0x00, 0x00,
  0x00, 0x00, 0x00, 0x00, 0x00, 0x00, 0x00, 0x00, 0x00, 0x00, 0x00, 0x00,
  0x00, 0x00, 0x00, 0x00, 0x00, 0x00, 0x00, 0x00, 0x00, 0x00, 0x00, 0x00,
  0x00, 0x00, 0x00, 0x00, 0x00, 0x00, 0x00, 0x00, 0x00, 0x00, 0x00, 0x00,
  0x00, 0x00, 0x00, 0x00, 0xcf, 0xc3, 0xba, 0xe0, 0xcf, 0xc3, 0xba, 0xfa,
  0xcf, 0xc3, 0xba, 0xfa, 0xcf, 0xc3, 0xba, 0xfa, 0xcf, 0xc3, 0xba, 0xfa,
  0xcf, 0xc3, 0xba, 0xfa, 0xcf, 0xc3, 0xba, 0xfa, 0xcf, 0xc3, 0xba, 0xfa,
  0xcf, 0xc3, 0xba, 0xfa, 0xcf, 0xc3, 0xba, 0xfa, 0xcf, 0xc3, 0xba, 0xfa,
  0xcf, 0xc3, 0xba, 0xfa, 0xcf, 0xc3, 0xba, 0xfa, 0xcf, 0xc3, 0xba, 0xfa,
  0xcf, 0xc3, 0xba, 0xfa, 0xcf, 0xc3, 0xba, 0xfa, 0xcf, 0xc3, 0xba, 0xfa,
  0xcf, 0xc3, 0xba, 0xfa, 0xcf, 0xc3, 0xba, 0xfa, 0xcf, 0xc3, 0xba, 0xfa,
  0xcf, 0xc3, 0xba, 0xfa, 0xcf, 0xc3, 0xba, 0xfa, 0xcf, 0xc3, 0xba, 0xfa,
  0xcf, 0xc3, 0xba, 0xfa, 0xcf, 0xc3, 0xba, 0xfa, 0xcf, 0xc3, 0xba, 0xfa,
  0xcf, 0xc3, 0xba, 0xfa, 0xcf, 0xc3, 0xba, 0xfa, 0xcf, 0xc3, 0xba, 0xfa,
  0xcf, 0xc3, 0xba, 0xfa, 0xcf, 0xc3, 0xba, 0xfa, 0xcf, 0xc3, 0xba, 0xfa,
  0xcf, 0xc3, 0xba, 0xfa, 0xcf, 0xc2, 0xb9, 0xdf, 0x00, 0x00, 0x00, 0x00,
  0x00, 0x00, 0x00, 0x00, 0x00, 0x00, 0x00, 0x00, 0x00, 0x00, 0x00, 0x00,
  0x00, 0x00, 0x00, 0x00, 0x00, 0x00, 0x00, 0x00, 0x00, 0x00, 0x00, 0x00,
  0x00, 0x00, 0x00, 0x00, 0x00, 0x00, 0x00, 0x00, 0x00, 0x00, 0x00, 0x00,
  0x00, 0x00, 0x00, 0x00, 0x00, 0x00, 0x00, 0x00, 0x00, 0x00, 0x00, 0x00,
  0x00, 0x00, 0x00, 0x00, 0x00, 0x00, 0x00, 0x00, 0x00, 0x00, 0x00, 0x00,
  0x00, 0x00, 0x00, 0x00, 0x00, 0x00, 0x00, 0x00, 0x00, 0x00, 0x00, 0x00,
  0x00, 0x00, 0x00, 0x00, 0x00, 0x00, 0x00, 0x00, 0x00, 0x00, 0x00, 0x00,
  0x00, 0x00, 0x00, 0x00, 0x00, 0x00, 0x00, 0x00, 0x00, 0x00, 0x00, 0x00,
  0x00, 0x00, 0x00, 0x00, 0xce, 0xc3, 0xb9, 0xcd, 0xcf, 0xc3, 0xba, 0xfa,
  0xcf, 0xc3, 0xba, 0xfa, 0xcf, 0xc3, 0xba, 0xfa, 0xcf, 0xc3, 0xba, 0xfa,
  0xcf, 0xc3, 0xba, 0xfa, 0xcf, 0xc3, 0xba, 0xfa, 0xcf, 0xc3, 0xba, 0xfa,
  0xcf, 0xc3, 0xba, 0xfa, 0xcf, 0xc3, 0xba, 0xfa, 0xcf, 0xc3, 0xba, 0xfa,
  0xcf, 0xc3, 0xba, 0xfa, 0xcf, 0xc3, 0xba, 0xfa, 0xcf, 0xc3, 0xba, 0xfa,
  0xcf, 0xc3, 0xba, 0xfa, 0xcf, 0xc3, 0xba, 0xfa, 0xcf, 0xc3, 0xba, 0xfa,
  0xcf, 0xc3, 0xba, 0xfa, 0xcf, 0xc3, 0xba, 0xfa, 0xcf, 0xc3, 0xba, 0xfa,
  0xcf, 0xc3, 0xba, 0xfa, 0xcf, 0xc3, 0xba, 0xfa, 0xcf, 0xc3, 0xba, 0xfa,
  0xcf, 0xc3, 0xba, 0xfa, 0xcf, 0xc3, 0xba, 0xfa, 0xcf, 0xc3, 0xba, 0xfa,
  0xcf, 0xc3, 0xba, 0xfa, 0xcf, 0xc3, 0xba, 0xfa, 0xcf, 0xc3, 0xba, 0xfa,
  0xcf, 0xc3, 0xba, 0xfa, 0xcf, 0xc3, 0xba, 0xfa, 0xcf, 0xc3, 0xba, 0xfa,
  0xcf, 0xc3, 0xba, 0xfa, 0xd0, 0xc3, 0xb9, 0xcc, 0x00, 0x00, 0x00, 0x00,
  0x00, 0x00, 0x00, 0x00, 0x00, 0x00, 0x00, 0x00, 0x00, 0x00, 0x00, 0x00,
  0x00, 0x00, 0x00, 0x00, 0x00, 0x00, 0x00, 0x00, 0x00, 0x00, 0x00, 0x00,
  0x00, 0x00, 0x00, 0x00, 0x00, 0x00, 0x00, 0x00, 0x00, 0x00, 0x00, 0x00,
  0x00, 0x00, 0x00, 0x00, 0x00, 0x00, 0x00, 0x00, 0x00, 0x00, 0x00, 0x00,
  0x00, 0x00, 0x00, 0x00, 0x00, 0x00, 0x00, 0x00, 0x00, 0x00, 0x00, 0x00,
  0x00, 0x00, 0x00, 0x00, 0x00, 0x00, 0x00, 0x00, 0x00, 0x00, 0x00, 0x00,
  0x00, 0x00, 0x00, 0x00, 0x00, 0x00, 0x00, 0x00, 0x00, 0x00, 0x00, 0x00,
  0x00, 0x00, 0x00, 0x00, 0x00, 0x00, 0x00, 0x00, 0x00, 0x00, 0x00, 0x00,
  0x00, 0x00, 0x00, 0x00, 0xcf, 0xc3, 0xb9, 0xbb, 0xcf, 0xc3, 0xba, 0xfa,
  0xcf, 0xc3, 0xba, 0xfa, 0xcf, 0xc3, 0xba, 0xfa, 0xcf, 0xc3, 0xba, 0xfa,
  0xcf, 0xc3, 0xba, 0xfa, 0xcf, 0xc3, 0xba, 0xfa, 0xcf, 0xc3, 0xba, 0xfa,
  0xcf, 0xc3, 0xba, 0xfa, 0xcf, 0xc3, 0xba, 0xfa, 0xcf, 0xc3, 0xba, 0xfa,
  0xcf, 0xc3, 0xba, 0xfa, 0xcf, 0xc3, 0xba, 0xfa, 0xcf, 0xc3, 0xba, 0xfa,
  0xcf, 0xc3, 0xba, 0xfa, 0xcf, 0xc3, 0xba, 0xfa, 0xcf, 0xc3, 0xba, 0xfa,
  0xcf, 0xc3, 0xba, 0xfa, 0xcf, 0xc3, 0xba, 0xfa, 0xcf, 0xc3, 0xba, 0xfa,
  0xcf, 0xc3, 0xba, 0xfa, 0xcf, 0xc3, 0xba, 0xfa, 0xcf, 0xc3, 0xba, 0xfa,
  0xcf, 0xc3, 0xba, 0xfa, 0xcf, 0xc3, 0xba, 0xfa, 0xcf, 0xc3, 0xba, 0xfa,
  0xcf, 0xc3, 0xba, 0xfa, 0xcf, 0xc3, 0xba, 0xfa, 0xcf, 0xc3, 0xba, 0xfa,
  0xcf, 0xc3, 0xba, 0xfa, 0xcf, 0xc3, 0xba, 0xfa, 0xcf, 0xc3, 0xba, 0xfa,
  0xcf, 0xc3, 0xba, 0xfa, 0xcf, 0xc3, 0xba, 0xba, 0x00, 0x00, 0x00, 0x00,
  0x00, 0x00, 0x00, 0x00, 0x00, 0x00, 0x00, 0x00, 0x00, 0x00, 0x00, 0x00,
  0x00, 0x00, 0x00, 0x00, 0x00, 0x00, 0x00, 0x00, 0x00, 0x00, 0x00, 0x00,
  0x00, 0x00, 0x00, 0x00, 0x00, 0x00, 0x00, 0x00, 0x00, 0x00, 0x00, 0x00,
  0x00, 0x00, 0x00, 0x00, 0x00, 0x00, 0x00, 0x00, 0x00, 0x00, 0x00, 0x00,
  0x00, 0x00, 0x00, 0x00, 0x00, 0x00, 0x00, 0x00, 0x00, 0x00, 0x00, 0x00,
  0x00, 0x00, 0x00, 0x00, 0x00, 0x00, 0x00, 0x00, 0x00, 0x00, 0x00, 0x00,
  0x00, 0x00, 0x00, 0x00, 0x00, 0x00, 0x00, 0x00, 0x00, 0x00, 0x00, 0x00,
  0x00, 0x00, 0x00, 0x00, 0x00, 0x00, 0x00, 0x00, 0x00, 0x00, 0x00, 0x00,
  0x00, 0x00, 0x00, 0x00, 0xcf, 0xc3, 0xb9, 0xaa, 0xcf, 0xc3, 0xba, 0xfa,
  0xcf, 0xc3, 0xba, 0xfa, 0xcf, 0xc3, 0xba, 0xfa, 0xcf, 0xc3, 0xba, 0xfa,
  0xcf, 0xc3, 0xba, 0xfa, 0xcf, 0xc3, 0xba, 0xfa, 0xcf, 0xc3, 0xba, 0xfa,
  0xcf, 0xc3, 0xba, 0xfa, 0xcf, 0xc3, 0xba, 0xfa, 0xcf, 0xc3, 0xba, 0xfa,
  0xcf, 0xc3, 0xba, 0xfa, 0xcf, 0xc3, 0xba, 0xfa, 0xcf, 0xc3, 0xba, 0xfa,
  0xcf, 0xc3, 0xba, 0xfa, 0xcf, 0xc3, 0xba, 0xfa, 0xcf, 0xc3, 0xba, 0xfa,
  0xcf, 0xc3, 0xba, 0xfa, 0xcf, 0xc3, 0xba, 0xfa, 0xcf, 0xc3, 0xba, 0xfa,
  0xcf, 0xc3, 0xba, 0xfa, 0xcf, 0xc3, 0xba, 0xfa, 0xcf, 0xc3, 0xba, 0xfa,
  0xcf, 0xc3, 0xba, 0xfa, 0xcf, 0xc3, 0xba, 0xfa, 0xcf, 0xc3, 0xba, 0xfa,
  0xcf, 0xc3, 0xba, 0xfa, 0xcf, 0xc3, 0xba, 0xfa, 0xcf, 0xc3, 0xba, 0xfa,
  0xcf, 0xc3, 0xba, 0xfa, 0xcf, 0xc3, 0xba, 0xfa, 0xcf, 0xc3, 0xba, 0xfa,
  0xcf, 0xc3, 0xba, 0xfa, 0xcf, 0xc3, 0xba, 0xa9, 0x00, 0x00, 0x00, 0x00,
  0x00, 0x00, 0x00, 0x00, 0x00, 0x00, 0x00, 0x00, 0x00, 0x00, 0x00, 0x00,
  0x00, 0x00, 0x00, 0x00, 0x00, 0x00, 0x00, 0x00, 0x00, 0x00, 0x00, 0x00,
  0x00, 0x00, 0x00, 0x00, 0x00, 0x00, 0x00, 0x00, 0x00, 0x00, 0x00, 0x00,
  0x00, 0x00, 0x00, 0x00, 0x00, 0x00, 0x00, 0x00, 0x00, 0x00, 0x00, 0x00,
  0x00, 0x00, 0x00, 0x00, 0x00, 0x00, 0x00, 0x00, 0x00, 0x00, 0x00, 0x00,
  0x00, 0x00, 0x00, 0x00, 0x00, 0x00, 0x00, 0x00, 0x00, 0x00, 0x00, 0x00,
  0x00, 0x00, 0x00, 0x00, 0x00, 0x00, 0x00, 0x00, 0x00, 0x00, 0x00, 0x00,
  0x00, 0x00, 0x00, 0x00, 0x00, 0x00, 0x00, 0x00, 0x00, 0x00, 0x00, 0x00,
  0x00, 0x00, 0x00, 0x00, 0xce, 0xc3, 0xba, 0x98, 0xcf, 0xc3, 0xba, 0xfa,
  0xcf, 0xc3, 0xba, 0xfa, 0xcf, 0xc3, 0xba, 0xfa, 0xcf, 0xc3, 0xba, 0xfa,
  0xcf, 0xc3, 0xba, 0xfa, 0xcf, 0xc3, 0xba, 0xfa, 0xcf, 0xc3, 0xba, 0xfa,
  0xcf, 0xc3, 0xba, 0xfa, 0xcf, 0xc3, 0xba, 0xfa, 0xcf, 0xc3, 0xba, 0xfa,
  0xcf, 0xc3, 0xba, 0xfa, 0xcf, 0xc3, 0xba, 0xfa, 0xcf, 0xc3, 0xba, 0xfa,
  0xcf, 0xc3, 0xba, 0xfa, 0xcf, 0xc3, 0xba, 0xfa, 0xcf, 0xc3, 0xba, 0xfa,
  0xcf, 0xc3, 0xba, 0xfa, 0xcf, 0xc3, 0xba, 0xfa, 0xcf, 0xc3, 0xba, 0xfa,
  0xcf, 0xc3, 0xba, 0xfa, 0xcf, 0xc3, 0xba, 0xfa, 0xcf, 0xc3, 0xba, 0xfa,
  0xcf, 0xc3, 0xba, 0xfa, 0xcf, 0xc3, 0xba, 0xfa, 0xcf, 0xc3, 0xba, 0xfa,
  0xcf, 0xc3, 0xba, 0xfa, 0xcf, 0xc3, 0xba, 0xfa, 0xcf, 0xc3, 0xba, 0xfa,
  0xcf, 0xc3, 0xba, 0xfa, 0xcf, 0xc3, 0xba, 0xfa, 0xcf, 0xc3, 0xba, 0xfa,
  0xcf, 0xc3, 0xba, 0xfa, 0xd0, 0xc2, 0xba, 0x97, 0x00, 0x00, 0x00, 0x00,
  0x00, 0x00, 0x00, 0x00, 0x00, 0x00, 0x00, 0x00, 0x00, 0x00, 0x00, 0x00,
  0x00, 0x00, 0x00, 0x00, 0x00, 0x00, 0x00, 0x00, 0x00, 0x00, 0x00, 0x00,
  0x00, 0x00, 0x00, 0x00, 0x00, 0x00, 0x00, 0x00, 0x00, 0x00, 0x00, 0x00,
  0x00, 0x00, 0x00, 0x00, 0x00, 0x00, 0x00, 0x00, 0x00, 0x00, 0x00, 0x00,
  0x00, 0x00, 0x00, 0x00, 0x00, 0x00, 0x00, 0x00, 0x00, 0x00, 0x00, 0x00,
  0x00, 0x00, 0x00, 0x00, 0x00, 0x00, 0x00, 0x00, 0x00, 0x00, 0x00, 0x00,
  0x00, 0x00, 0x00, 0x00, 0x00, 0x00, 0x00, 0x00, 0x00, 0x00, 0x00, 0x00,
  0x00, 0x00, 0x00, 0x00, 0x00, 0x00, 0x00, 0x00, 0x00, 0x00, 0x00, 0x00,
  0x00, 0x00, 0x00, 0x00, 0xcf, 0xc4, 0xba, 0x85, 0xcf, 0xc3, 0xba, 0xfa,
  0xcf, 0xc3, 0xba, 0xfa, 0xcf, 0xc3, 0xba, 0xfa, 0xcf, 0xc3, 0xba, 0xfa,
  0xcf, 0xc3, 0xba, 0xfa, 0xcf, 0xc3, 0xba, 0xfa, 0xcf, 0xc3, 0xba, 0xfa,
  0xcf, 0xc3, 0xba, 0xfa, 0xcf, 0xc3, 0xba, 0xfa, 0xcf, 0xc3, 0xba, 0xfa,
  0xcf, 0xc3, 0xba, 0xfa, 0xcf, 0xc3, 0xba, 0xfa, 0xcf, 0xc3, 0xba, 0xfa,
  0xcf, 0xc3, 0xba, 0xfa, 0xcf, 0xc3, 0xba, 0xfa, 0xcf, 0xc3, 0xba, 0xfa,
  0xcf, 0xc3, 0xba, 0xfa, 0xcf, 0xc3, 0xba, 0xfa, 0xcf, 0xc3, 0xba, 0xfa,
  0xcf, 0xc3, 0xba, 0xfa, 0xcf, 0xc3, 0xba, 0xfa, 0xcf, 0xc3, 0xba, 0xfa,
  0xcf, 0xc3, 0xba, 0xfa, 0xcf, 0xc3, 0xba, 0xfa, 0xcf, 0xc3, 0xba, 0xfa,
  0xcf, 0xc3, 0xba, 0xfa, 0xcf, 0xc3, 0xba, 0xfa, 0xcf, 0xc3, 0xba, 0xfa,
  0xcf, 0xc3, 0xba, 0xfa, 0xcf, 0xc3, 0xba, 0xfa, 0xcf, 0xc3, 0xba, 0xfa,
  0xcf, 0xc3, 0xba, 0xfa, 0xcf, 0xc3, 0xb9, 0x84, 0x00, 0x00, 0x00, 0x00,
  0x00, 0x00, 0x00, 0x00, 0x00, 0x00, 0x00, 0x00, 0x00, 0x00, 0x00, 0x00,
  0x00, 0x00, 0x00, 0x00, 0x00, 0x00, 0x00, 0x00, 0x00, 0x00, 0x00, 0x00,
  0x00, 0x00, 0x00, 0x00, 0x00, 0x00, 0x00, 0x00, 0x00, 0x00, 0x00, 0x00,
  0x00, 0x00, 0x00, 0x00, 0x00, 0x00, 0x00, 0x00, 0x00, 0x00, 0x00, 0x00,
  0x00, 0x00, 0x00, 0x00, 0x00, 0x00, 0x00, 0x00, 0x00, 0x00, 0x00, 0x00,
  0x00, 0x00, 0x00, 0x00, 0x00, 0x00, 0x00, 0x00, 0x00, 0x00, 0x00, 0x00,
  0x00, 0x00, 0x00, 0x00, 0x00, 0x00, 0x00, 0x00, 0x00, 0x00, 0x00, 0x00,
  0x00, 0x00, 0x00, 0x00, 0x00, 0x00, 0x00, 0x00, 0x00, 0x00, 0x00, 0x00,
  0x00, 0x00, 0x00, 0x00, 0xcf, 0xc2, 0xb9, 0x75, 0xcf, 0xc3, 0xba, 0xfa,
  0xcf, 0xc3, 0xba, 0xfa, 0xcf, 0xc3, 0xba, 0xfa, 0xcf, 0xc3, 0xba, 0xfa,
  0xcf, 0xc3, 0xba, 0xfa, 0xcf, 0xc3, 0xba, 0xfa, 0xcf, 0xc3, 0xba, 0xfa,
  0xcf, 0xc3, 0xba, 0xfa, 0xcf, 0xc3, 0xba, 0xfa, 0xcf, 0xc3, 0xba, 0xfa,
  0xcf, 0xc3, 0xba, 0xfa, 0xcf, 0xc3, 0xba, 0xfa, 0xcf, 0xc3, 0xba, 0xfa,
  0xcf, 0xc3, 0xba, 0xfa, 0xcf, 0xc3, 0xba, 0xfa, 0xcf, 0xc3, 0xba, 0xfa,
  0xcf, 0xc3, 0xba, 0xfa, 0xcf, 0xc3, 0xba, 0xfa, 0xcf, 0xc3, 0xba, 0xfa,
  0xcf, 0xc3, 0xba, 0xfa, 0xcf, 0xc3, 0xba, 0xfa, 0xcf, 0xc3, 0xba, 0xfa,
  0xcf, 0xc3, 0xba, 0xfa, 0xcf, 0xc3, 0xba, 0xfa, 0xcf, 0xc3, 0xba, 0xfa,
  0xcf, 0xc3, 0xba, 0xfa, 0xcf, 0xc3, 0xba, 0xfa, 0xcf, 0xc3, 0xba, 0xfa,
  0xcf, 0xc3, 0xba, 0xfa, 0xcf, 0xc3, 0xba, 0xfa, 0xcf, 0xc3, 0xba, 0xfa,
  0xcf, 0xc3, 0xba, 0xfa, 0xcf, 0xc1, 0xb9, 0x74, 0x00, 0x00, 0x00, 0x00,
  0x00, 0x00, 0x00, 0x00, 0x00, 0x00, 0x00, 0x00, 0x00, 0x00, 0x00, 0x00,
  0x00, 0x00, 0x00, 0x00, 0x00, 0x00, 0x00, 0x00, 0x00, 0x00, 0x00, 0x00,
  0x00, 0x00, 0x00, 0x00, 0x00, 0x00, 0x00, 0x00, 0x00, 0x00, 0x00, 0x00,
  0x00, 0x00, 0x00, 0x00, 0x00, 0x00, 0x00, 0x00, 0x00, 0x00, 0x00, 0x00,
  0x00, 0x00, 0x00, 0x00, 0x00, 0x00, 0x00, 0x00, 0x00, 0x00, 0x00, 0x00,
  0x00, 0x00, 0x00, 0x00, 0x00, 0x00, 0x00, 0x00, 0x00, 0x00, 0x00, 0x00,
  0x00, 0x00, 0x00, 0x00, 0x00, 0x00, 0x00, 0x00, 0x00, 0x00, 0x00, 0x00,
  0x00, 0x00, 0x00, 0x00, 0x00, 0x00, 0x00, 0x00, 0x00, 0x00, 0x00, 0x00,
  0x00, 0x00, 0x00, 0x00, 0xd0, 0xc3, 0xb9, 0x62, 0xcf, 0xc3, 0xba, 0xfa,
  0xcf, 0xc3, 0xba, 0xfa, 0xcf, 0xc3, 0xba, 0xfa, 0xcf, 0xc3, 0xba, 0xfa,
  0xcf, 0xc3, 0xba, 0xfa, 0xcf, 0xc3, 0xba, 0xfa, 0xcf, 0xc3, 0xba, 0xfa,
  0xcf, 0xc3, 0xba, 0xfa, 0xcf, 0xc3, 0xba, 0xfa, 0xcf, 0xc3, 0xba, 0xfa,
  0xcf, 0xc3, 0xba, 0xfa, 0xcf, 0xc3, 0xba, 0xfa, 0xcf, 0xc3, 0xba, 0xfa,
  0xcf, 0xc3, 0xba, 0xfa, 0xcf, 0xc3, 0xba, 0xfa, 0xcf, 0xc3, 0xba, 0xfa,
  0xcf, 0xc3, 0xba, 0xfa, 0xcf, 0xc3, 0xba, 0xfa, 0xcf, 0xc3, 0xba, 0xfa,
  0xcf, 0xc3, 0xba, 0xfa, 0xcf, 0xc3, 0xba, 0xfa, 0xcf, 0xc3, 0xba, 0xfa,
  0xcf, 0xc3, 0xba, 0xfa, 0xcf, 0xc3, 0xba, 0xfa, 0xcf, 0xc3, 0xba, 0xfa,
  0xcf, 0xc3, 0xba, 0xfa, 0xcf, 0xc3, 0xba, 0xfa, 0xcf, 0xc3, 0xba, 0xfa,
  0xcf, 0xc3, 0xba, 0xfa, 0xcf, 0xc3, 0xba, 0xfa, 0xcf, 0xc3, 0xba, 0xfa,
  0xcf, 0xc3, 0xba, 0xfa, 0xd0, 0xc3, 0xbb, 0x61, 0x00, 0x00, 0x00, 0x00,
  0x00, 0x00, 0x00, 0x00, 0x00, 0x00, 0x00, 0x00, 0x00, 0x00, 0x00, 0x00,
  0x00, 0x00, 0x00, 0x00, 0x00, 0x00, 0x00, 0x00, 0x00, 0x00, 0x00, 0x00,
  0x00, 0x00, 0x00, 0x00, 0x00, 0x00, 0x00, 0x00, 0x00, 0x00, 0x00, 0x00,
  0x00, 0x00, 0x00, 0x00, 0x00, 0x00, 0x00, 0x00, 0x00, 0x00, 0x00, 0x00,
  0x00, 0x00, 0x00, 0x00, 0x00, 0x00, 0x00, 0x00, 0x00, 0x00, 0x00, 0x00,
  0x00, 0x00, 0x00, 0x00, 0x00, 0x00, 0x00, 0x00, 0x00, 0x00, 0x00, 0x00,
  0x00, 0x00, 0x00, 0x00, 0x00, 0x00, 0x00, 0x00, 0x00, 0x00, 0x00, 0x00,
  0x00, 0x00, 0x00, 0x00, 0x00, 0x00, 0x00, 0x00, 0x00, 0x00, 0x00, 0x00,
  0x00, 0x00, 0x00, 0x00, 0xcf, 0xc2, 0xbc, 0x50, 0xcf, 0xc3, 0xba, 0xfa,
  0xcf, 0xc3, 0xba, 0xfa, 0xcf, 0xc3, 0xba, 0xfa, 0xcf, 0xc3, 0xba, 0xfa,
  0xcf, 0xc3, 0xba, 0xfa, 0xcf, 0xc3, 0xba, 0xfa, 0xcf, 0xc3, 0xba, 0xfa,
  0xcf, 0xc3, 0xba, 0xfa, 0xcf, 0xc3, 0xba, 0xfa, 0xcf, 0xc3, 0xba, 0xfa,
  0xcf, 0xc3, 0xba, 0xfa, 0xcf, 0xc3, 0xba, 0xfa, 0xcf, 0xc3, 0xba, 0xfa,
  0xcf, 0xc3, 0xba, 0xfa, 0xcf, 0xc3, 0xba, 0xfa, 0xcf, 0xc3, 0xba, 0xfa,
  0xcf, 0xc3, 0xba, 0xfa, 0xcf, 0xc3, 0xba, 0xfa, 0xcf, 0xc3, 0xba, 0xfa,
  0xcf, 0xc3, 0xba, 0xfa, 0xcf, 0xc3, 0xba, 0xfa, 0xcf, 0xc3, 0xba, 0xfa,
  0xcf, 0xc3, 0xba, 0xfa, 0xcf, 0xc3, 0xba, 0xfa, 0xcf, 0xc3, 0xba, 0xfa,
  0xcf, 0xc3, 0xba, 0xfa, 0xcf, 0xc3, 0xba, 0xfa, 0xcf, 0xc3, 0xba, 0xfa,
  0xcf, 0xc3, 0xba, 0xfa, 0xcf, 0xc3, 0xba, 0xfa, 0xcf, 0xc3, 0xba, 0xfa,
  0xcf, 0xc3, 0xba, 0xfa, 0xcf, 0xc5, 0xbb, 0x4f, 0x00, 0x00, 0x00, 0x00,
  0x00, 0x00, 0x00, 0x00, 0x00, 0x00, 0x00, 0x00, 0x00, 0x00, 0x00, 0x00,
  0x00, 0x00, 0x00, 0x00, 0x00, 0x00, 0x00, 0x00, 0x00, 0x00, 0x00, 0x00,
  0x00, 0x00, 0x00, 0x00, 0x00, 0x00, 0x00, 0x00, 0x00, 0x00, 0x00, 0x00,
  0x00, 0x00, 0x00, 0x00, 0x00, 0x00, 0x00, 0x00, 0x00, 0x00, 0x00, 0x00,
  0x00, 0x00, 0x00, 0x00, 0x00, 0x00, 0x00, 0x00, 0x00, 0x00, 0x00, 0x00,
  0x00, 0x00, 0x00, 0x00, 0x00, 0x00, 0x00, 0x00, 0x00, 0x00, 0x00, 0x00,
  0x00, 0x00, 0x00, 0x00, 0x00, 0x00, 0x00, 0x00, 0x00, 0x00, 0x00, 0x00,
  0x00, 0x00, 0x00, 0x00, 0x00, 0x00, 0x00, 0x00, 0x00, 0x00, 0x00, 0x00,
  0x00, 0x00, 0x00, 0x00, 0xce, 0xc2, 0xba, 0x3f, 0xcf, 0xc3, 0xba, 0xfa,
  0xcf, 0xc3, 0xba, 0xfa, 0xcf, 0xc3, 0xba, 0xfa, 0xcf, 0xc3, 0xba, 0xfa,
  0xcf, 0xc3, 0xba, 0xfa, 0xcf, 0xc3, 0xba, 0xfa, 0xcf, 0xc3, 0xba, 0xfa,
  0xcf, 0xc3, 0xba, 0xfa, 0xcf, 0xc3, 0xba, 0xfa, 0xcf, 0xc3, 0xba, 0xfa,
  0xcf, 0xc3, 0xba, 0xfa, 0xcf, 0xc3, 0xba, 0xfa, 0xcf, 0xc3, 0xba, 0xfa,
  0xcf, 0xc3, 0xba, 0xfa, 0xcf, 0xc3, 0xba, 0xfa, 0xcf, 0xc3, 0xba, 0xfa,
  0xcf, 0xc3, 0xba, 0xfa, 0xcf, 0xc3, 0xba, 0xfa, 0xcf, 0xc3, 0xba, 0xfa,
  0xcf, 0xc3, 0xba, 0xfa, 0xcf, 0xc3, 0xba, 0xfa, 0xcf, 0xc3, 0xba, 0xfa,
  0xcf, 0xc3, 0xba, 0xfa, 0xcf, 0xc3, 0xba, 0xfa, 0xcf, 0xc3, 0xba, 0xfa,
  0xcf, 0xc3, 0xba, 0xfa, 0xcf, 0xc3, 0xba, 0xfa, 0xcf, 0xc3, 0xba, 0xfa,
  0xcf, 0xc3, 0xba, 0xfa, 0xcf, 0xc3, 0xba, 0xfa, 0xcf, 0xc3, 0xba, 0xfa,
  0xcf, 0xc3, 0xba, 0xfa, 0xce, 0xc1, 0xb9, 0x3e, 0x00, 0x00, 0x00, 0x00,
  0x00, 0x00, 0x00, 0x00, 0x00, 0x00, 0x00, 0x00, 0x00, 0x00, 0x00, 0x00,
  0x00, 0x00, 0x00, 0x00, 0x00, 0x00, 0x00, 0x00, 0x00, 0x00, 0x00, 0x00,
  0x00, 0x00, 0x00, 0x00, 0x00, 0x00, 0x00, 0x00, 0x00, 0x00, 0x00, 0x00,
  0x00, 0x00, 0x00, 0x00, 0x00, 0x00, 0x00, 0x00, 0x00, 0x00, 0x00, 0x00,
  0x00, 0x00, 0x00, 0x00, 0x00, 0x00, 0x00, 0x00, 0x00, 0x00, 0x00, 0x00,
  0x00, 0x00, 0x00, 0x00, 0x00, 0x00, 0x00, 0x00, 0x00, 0x00, 0x00, 0x00,
  0x00, 0x00, 0x00, 0x00, 0x00, 0x00, 0x00, 0x00, 0x00, 0x00, 0x00, 0x00,
  0x00, 0x00, 0x00, 0x00, 0x00, 0x00, 0x00, 0x00, 0x00, 0x00, 0x00, 0x00,
  0x00, 0x00, 0x00, 0x00, 0xd2, 0xc1, 0xbb, 0x2d, 0xcf, 0xc3, 0xba, 0xfa,
  0xcf, 0xc3, 0xba, 0xfa, 0xcf, 0xc3, 0xba, 0xfa, 0xcf, 0xc3, 0xba, 0xfa,
  0xcf, 0xc3, 0xba, 0xfa, 0xcf, 0xc3, 0xba, 0xfa, 0xcf, 0xc3, 0xba, 0xfa,
  0xcf, 0xc3, 0xba, 0xfa, 0xcf, 0xc3, 0xba, 0xfa, 0xcf, 0xc3, 0xba, 0xfa,
  0xcf, 0xc3, 0xba, 0xfa, 0xcf, 0xc3, 0xba, 0xfa, 0xcf, 0xc3, 0xba, 0xfa,
  0xcf, 0xc3, 0xba, 0xfa, 0xcf, 0xc3, 0xba, 0xfa, 0xcf, 0xc3, 0xba, 0xfa,
  0xcf, 0xc3, 0xba, 0xfa, 0xcf, 0xc3, 0xba, 0xfa, 0xcf, 0xc3, 0xba, 0xfa,
  0xcf, 0xc3, 0xba, 0xfa, 0xcf, 0xc3, 0xba, 0xfa, 0xcf, 0xc3, 0xba, 0xfa,
  0xcf, 0xc3, 0xba, 0xfa, 0xcf, 0xc3, 0xba, 0xfa, 0xcf, 0xc3, 0xba, 0xfa,
  0xcf, 0xc3, 0xba, 0xfa, 0xcf, 0xc3, 0xba, 0xfa, 0xcf, 0xc3, 0xba, 0xfa,
  0xcf, 0xc3, 0xba, 0xfa, 0xcf, 0xc3, 0xba, 0xfa, 0xcf, 0xc3, 0xba, 0xfa,
  0xcf, 0xc3, 0xba, 0xfa, 0xd1, 0xc5, 0xb9, 0x2c, 0x00, 0x00, 0x00, 0x00,
  0x00, 0x00, 0x00, 0x00, 0x00, 0x00, 0x00, 0x00, 0x00, 0x00, 0x00, 0x00,
  0x00, 0x00, 0x00, 0x00, 0x00, 0x00, 0x00, 0x00, 0x00, 0x00, 0x00, 0x00,
  0x00, 0x00, 0x00, 0x00, 0x00, 0x00, 0x00, 0x00, 0x00, 0x00, 0x00, 0x00,
  0x00, 0x00, 0x00, 0x00, 0x00, 0x00, 0x00, 0x00, 0x00, 0x00, 0x00, 0x00,
  0x00, 0x00, 0x00, 0x00, 0x00, 0x00, 0x00, 0x00, 0x00, 0x00, 0x00, 0x00,
  0x00, 0x00, 0x00, 0x00, 0x00, 0x00, 0x00, 0x00, 0x00, 0x00, 0x00, 0x00,
  0x00, 0x00, 0x00, 0x00, 0x00, 0x00, 0x00, 0x00, 0x00, 0x00, 0x00, 0x00,
  0x00, 0x00, 0x00, 0x00, 0x00, 0x00, 0x00, 0x00, 0x00, 0x00, 0x00, 0x00,
  0x00, 0x00, 0x00, 0x00, 0xce, 0xc4, 0xba, 0x1a, 0xcf, 0xc3, 0xba, 0xfa,
  0xcf, 0xc3, 0xba, 0xfa, 0xcf, 0xc3, 0xba, 0xfa, 0xcf, 0xc3, 0xba, 0xfa,
  0xcf, 0xc3, 0xba, 0xfa, 0xcf, 0xc3, 0xba, 0xfa, 0xcf, 0xc3, 0xba, 0xfa,
  0xcf, 0xc3, 0xba, 0xfa, 0xcf, 0xc3, 0xba, 0xfa, 0xcf, 0xc3, 0xba, 0xfa,
  0xcf, 0xc3, 0xba, 0xfa, 0xcf, 0xc3, 0xba, 0xfa, 0xcf, 0xc3, 0xba, 0xfa,
  0xcf, 0xc3, 0xba, 0xfa, 0xcf, 0xc3, 0xba, 0xfa, 0xcf, 0xc3, 0xba, 0xfa,
  0xcf, 0xc3, 0xba, 0xfa, 0xcf, 0xc3, 0xba, 0xfa, 0xcf, 0xc3, 0xba, 0xfa,
  0xcf, 0xc3, 0xba, 0xfa, 0xcf, 0xc3, 0xba, 0xfa, 0xcf, 0xc3, 0xba, 0xfa,
  0xcf, 0xc3, 0xba, 0xfa, 0xcf, 0xc3, 0xba, 0xfa, 0xcf, 0xc3, 0xba, 0xfa,
  0xcf, 0xc3, 0xba, 0xfa, 0xcf, 0xc3, 0xba, 0xfa, 0xcf, 0xc3, 0xba, 0xfa,
  0xcf, 0xc3, 0xba, 0xfa, 0xcf, 0xc3, 0xba, 0xfa, 0xcf, 0xc3, 0xba, 0xfa,
  0xcf, 0xc3, 0xba, 0xfa, 0xd6, 0xc2, 0xc2, 0x19, 0x00, 0x00, 0x00, 0x00,
  0x00, 0x00, 0x00, 0x00, 0x00, 0x00, 0x00, 0x00, 0x00, 0x00, 0x00, 0x00,
  0x00, 0x00, 0x00, 0x00, 0x00, 0x00, 0x00, 0x00, 0x00, 0x00, 0x00, 0x00,
  0x00, 0x00, 0x00, 0x00, 0x00, 0x00, 0x00, 0x00, 0x00, 0x00, 0x00, 0x00,
  0x00, 0x00, 0x00, 0x00, 0x00, 0x00, 0x00, 0x00, 0x00, 0x00, 0x00, 0x00,
  0x00, 0x00, 0x00, 0x00, 0x00, 0x00, 0x00, 0x00, 0x00, 0x00, 0x00, 0x00,
  0x00, 0x00, 0x00, 0x00, 0x00, 0x00, 0x00, 0x00, 0x00, 0x00, 0x00, 0x00,
  0x00, 0x00, 0x00, 0x00, 0x00, 0x00, 0x00, 0x00, 0x00, 0x00, 0x00, 0x00,
  0x00, 0x00, 0x00, 0x00, 0x00, 0x00, 0x00, 0x00, 0x00, 0x00, 0x00, 0x00,
  0x00, 0x00, 0x00, 0x00, 0xbf, 0xbf, 0xbf, 0x08, 0xcf, 0xc3, 0xba, 0xfa,
  0xcf, 0xc3, 0xba, 0xfa, 0xcf, 0xc3, 0xba, 0xfa, 0xcf, 0xc3, 0xba, 0xfa,
  0xcf, 0xc3, 0xba, 0xfa, 0xcf, 0xc3, 0xba, 0xfa, 0xcf, 0xc3, 0xba, 0xfa,
  0xcf, 0xc3, 0xba, 0xfa, 0xcf, 0xc3, 0xba, 0xfa, 0xcf, 0xc3, 0xba, 0xfa,
  0xcf, 0xc3, 0xba, 0xfa, 0xcf, 0xc3, 0xba, 0xfa, 0xcf, 0xc3, 0xba, 0xfa,
  0xcf, 0xc3, 0xba, 0xfa, 0xcf, 0xc3, 0xba, 0xfa, 0xcf, 0xc3, 0xba, 0xfa,
  0xcf, 0xc3, 0xba, 0xfa, 0xcf, 0xc3, 0xba, 0xfa, 0xcf, 0xc3, 0xba, 0xfa,
  0xcf, 0xc3, 0xba, 0xfa, 0xcf, 0xc3, 0xba, 0xfa, 0xcf, 0xc3, 0xba, 0xfa,
  0xcf, 0xc3, 0xba, 0xfa, 0xcf, 0xc3, 0xba, 0xfa, 0xcf, 0xc3, 0xba, 0xfa,
  0xcf, 0xc3, 0xba, 0xfa, 0xcf, 0xc3, 0xba, 0xfa, 0xcf, 0xc3, 0xba, 0xfa,
  0xcf, 0xc3, 0xba, 0xfa, 0xcf, 0xc3, 0xba, 0xfa, 0xcf, 0xc3, 0xba, 0xfa,
  0xcf, 0xc3, 0xba, 0xfa, 0xbf, 0xbf, 0xbf, 0x08, 0x00, 0x00, 0x00, 0x00,
  0x00, 0x00, 0x00, 0x00, 0x00, 0x00, 0x00, 0x00, 0x00, 0x00, 0x00, 0x00,
  0x00, 0x00, 0x00, 0x00, 0x00, 0x00, 0x00, 0x00, 0x00, 0x00, 0x00, 0x00,
  0x00, 0x00, 0x00, 0x00, 0x00, 0x00, 0x00, 0x00, 0x00, 0x00, 0x00, 0x00,
  0x00, 0x00, 0x00, 0x00, 0x00, 0x00, 0x00, 0x00, 0x00, 0x00, 0x00, 0x00,
  0x00, 0x00, 0x00, 0x00, 0x00, 0x00, 0x00, 0x00, 0x00, 0x00, 0x00, 0x00,
  0x00, 0x00, 0x00, 0x00, 0x00, 0x00, 0x00, 0x00, 0x00, 0x00, 0x00, 0x00,
  0x00, 0x00, 0x00, 0x00, 0x00, 0x00, 0x00, 0x00, 0x00, 0x00, 0x00, 0x00,
  0x00, 0x00, 0x00, 0x00, 0x00, 0x00, 0x00, 0x00, 0x00, 0x00, 0x00, 0x00,
  0x00, 0x00, 0x00, 0x00, 0x00, 0x00, 0x00, 0x00, 0xcf, 0xc3, 0xba, 0xf1,
  0xcf, 0xc3, 0xba, 0xfa, 0xcf, 0xc3, 0xba, 0xfa, 0xcf, 0xc3, 0xba, 0xfa,
  0xcf, 0xc3, 0xba, 0xfa, 0xcf, 0xc3, 0xba, 0xfa, 0xcf, 0xc3, 0xba, 0xfa,
  0xcf, 0xc3, 0xba, 0xfa, 0xcf, 0xc3, 0xba, 0xfa, 0xcf, 0xc3, 0xba, 0xfa,
  0xcf, 0xc3, 0xba, 0xfa, 0xcf, 0xc3, 0xba, 0xfa, 0xcf, 0xc3, 0xba, 0xfa,
  0xcf, 0xc3, 0xba, 0xfa, 0xcf, 0xc3, 0xba, 0xfa, 0xcf, 0xc3, 0xba, 0xfa,
  0xcf, 0xc3, 0xba, 0xfa, 0xcf, 0xc3, 0xba, 0xfa, 0xcf, 0xc3, 0xba, 0xfa,
  0xcf, 0xc3, 0xba, 0xfa, 0xcf, 0xc3, 0xba, 0xfa, 0xcf, 0xc3, 0xba, 0xfa,
  0xcf, 0xc3, 0xba, 0xfa, 0xcf, 0xc3, 0xba, 0xfa, 0xcf, 0xc3, 0xba, 0xfa,
  0xcf, 0xc3, 0xba, 0xfa, 0xcf, 0xc3, 0xba, 0xfa, 0xcf, 0xc3, 0xba, 0xfa,
  0xcf, 0xc3, 0xba, 0xfa, 0xcf, 0xc3, 0xba, 0xfa, 0xcf, 0xc3, 0xba, 0xfa,
  0xcf, 0xc4, 0xba, 0xf0, 0x00, 0x00, 0x00, 0x00, 0x00, 0x00, 0x00, 0x00,
  0x00, 0x00, 0x00, 0x00, 0x00, 0x00, 0x00, 0x00, 0x00, 0x00, 0x00, 0x00,
  0x00, 0x00, 0x00, 0x00, 0x00, 0x00, 0x00, 0x00, 0x00, 0x00, 0x00, 0x00,
  0x00, 0x00, 0x00, 0x00, 0x00, 0x00, 0x00, 0x00, 0x00, 0x00, 0x00, 0x00,
  0x00, 0x00, 0x00, 0x00, 0x00, 0x00, 0x00, 0x00, 0x00, 0x00, 0x00, 0x00,
  0x00, 0x00, 0x00, 0x00, 0x00, 0x00, 0x00, 0x00, 0x00, 0x00, 0x00, 0x00,
  0x00, 0x00, 0x00, 0x00, 0x00, 0x00, 0x00, 0x00, 0x00, 0x00, 0x00, 0x00,
  0x00, 0x00, 0x00, 0x00, 0x00, 0x00, 0x00, 0x00, 0x00, 0x00, 0x00, 0x00,
  0x00, 0x00, 0x00, 0x00, 0x00, 0x00, 0x00, 0x00, 0x00, 0x00, 0x00, 0x00,
  0x00, 0x00, 0x00, 0x00, 0x00, 0x00, 0x00, 0x00, 0xcf, 0xc3, 0xba, 0xe0,
  0xcf, 0xc3, 0xba, 0xfa, 0xcf, 0xc3, 0xba, 0xfa, 0xcf, 0xc3, 0xba, 0xfa,
  0xcf, 0xc3, 0xba, 0xfa, 0xcf, 0xc3, 0xba, 0xfa, 0xcf, 0xc3, 0xba, 0xfa,
  0xcf, 0xc3, 0xba, 0xfa, 0xcf, 0xc3, 0xba, 0xfa, 0xcf, 0xc3, 0xba, 0xfa,
  0xcf, 0xc3, 0xba, 0xfa, 0xcf, 0xc3, 0xba, 0xfa, 0xcf, 0xc3, 0xba, 0xfa,
  0xcf, 0xc3, 0xba, 0xfa, 0xcf, 0xc3, 0xba, 0xfa, 0xcf, 0xc3, 0xba, 0xfa,
  0xcf, 0xc3, 0xba, 0xfa, 0xcf, 0xc3, 0xba, 0xfa, 0xcf, 0xc3, 0xba, 0xfa,
  0xcf, 0xc3, 0xba, 0xfa, 0xcf, 0xc3, 0xba, 0xfa, 0xcf, 0xc3, 0xba, 0xfa,
  0xcf, 0xc3, 0xba, 0xfa, 0xcf, 0xc3, 0xba, 0xfa, 0xcf, 0xc3, 0xba, 0xfa,
  0xcf, 0xc3, 0xba, 0xfa, 0xcf, 0xc3, 0xba, 0xfa, 0xcf, 0xc3, 0xba, 0xfa,
  0xcf, 0xc3, 0xba, 0xfa, 0xcf, 0xc3, 0xba, 0xfa, 0xcf, 0xc3, 0xba, 0xfa,
  0xcf, 0xc2, 0xb9, 0xdf, 0x00, 0x00, 0x00, 0x00, 0x00, 0x00, 0x00, 0x00,
  0x00, 0x00, 0x00, 0x00, 0x00, 0x00, 0x00, 0x00, 0x00, 0x00, 0x00, 0x00,
  0x00, 0x00, 0x00, 0x00, 0x00, 0x00, 0x00, 0x00, 0x00, 0x00, 0x00, 0x00,
  0x00, 0x00, 0x00, 0x00, 0x00, 0x00, 0x00, 0x00, 0x00, 0x00, 0x00, 0x00,
  0x00, 0x00, 0x00, 0x00, 0x00, 0x00, 0x00, 0x00, 0x00, 0x00, 0x00, 0x00,
  0x00, 0x00, 0x00, 0x00, 0x00, 0x00, 0x00, 0x00, 0x00, 0x00, 0x00, 0x00,
  0x00, 0x00, 0x00, 0x00, 0x00, 0x00, 0x00, 0x00, 0x00, 0x00, 0x00, 0x00,
  0x00, 0x00, 0x00, 0x00, 0x00, 0x00, 0x00, 0x00, 0x00, 0x00, 0x00, 0x00,
  0x00, 0x00, 0x00, 0x00, 0x00, 0x00, 0x00, 0x00, 0x00, 0x00, 0x00, 0x00,
  0x00, 0x00, 0x00, 0x00, 0x00, 0x00, 0x00, 0x00, 0xce, 0xc3, 0xb9, 0xcd,
  0xcf, 0xc3, 0xba, 0xfa, 0xcf, 0xc3, 0xba, 0xfa, 0xcf, 0xc3, 0xba, 0xfa,
  0xcf, 0xc3, 0xba, 0xfa, 0xcf, 0xc3, 0xba, 0xfa, 0xcf, 0xc3, 0xba, 0xfa,
  0xcf, 0xc3, 0xba, 0xfa, 0xcf, 0xc3, 0xba, 0xfa, 0xcf, 0xc3, 0xba, 0xfa,
  0xcf, 0xc3, 0xba, 0xfa, 0xcf, 0xc3, 0xba, 0xfa, 0xcf, 0xc3, 0xba, 0xfa,
  0xcf, 0xc3, 0xba, 0xfa, 0xcf, 0xc3, 0xba, 0xfa, 0xcf, 0xc3, 0xba, 0xfa,
  0xcf, 0xc3, 0xba, 0xfa, 0xcf, 0xc3, 0xba, 0xfa, 0xcf, 0xc3, 0xba, 0xfa,
  0xcf, 0xc3, 0xba, 0xfa, 0xcf, 0xc3, 0xba, 0xfa, 0xcf, 0xc3, 0xba, 0xfa,
  0xcf, 0xc3, 0xba, 0xfa, 0xcf, 0xc3, 0xba, 0xfa, 0xcf, 0xc3, 0xba, 0xfa,
  0xcf, 0xc3, 0xba, 0xfa, 0xcf, 0xc3, 0xba, 0xfa, 0xcf, 0xc3, 0xba, 0xfa,
  0xcf, 0xc3, 0xba, 0xfa, 0xcf, 0xc3, 0xba, 0xfa, 0xcf, 0xc3, 0xba, 0xfa,
  0xd0, 0xc3, 0xb9, 0xcc, 0x00, 0x00, 0x00, 0x00, 0x00, 0x00, 0x00, 0x00,
  0x00, 0x00, 0x00, 0x00, 0x00, 0x00, 0x00, 0x00, 0x00, 0x00, 0x00, 0x00,
  0x00, 0x00, 0x00, 0x00, 0x00, 0x00, 0x00, 0x00, 0x00, 0x00, 0x00, 0x00,
  0x00, 0x00, 0x00, 0x00, 0x00, 0x00, 0x00, 0x00, 0x00, 0x00, 0x00, 0x00,
  0x00, 0x00, 0x00, 0x00, 0x00, 0x00, 0x00, 0x00, 0x00, 0x00, 0x00, 0x00,
  0x00, 0x00, 0x00, 0x00, 0x00, 0x00, 0x00, 0x00, 0x00, 0x00, 0x00, 0x00,
  0x00, 0x00, 0x00, 0x00, 0x00, 0x00, 0x00, 0x00, 0x00, 0x00, 0x00, 0x00,
  0x00, 0x00, 0x00, 0x00, 0x00, 0x00, 0x00, 0x00, 0x00, 0x00, 0x00, 0x00,
  0x00, 0x00, 0x00, 0x00, 0x00, 0x00, 0x00, 0x00, 0x00, 0x00, 0x00, 0x00,
  0x00, 0x00, 0x00, 0x00, 0x00, 0x00, 0x00, 0x00, 0xcf, 0xc3, 0xb9, 0xbb,
  0xcf, 0xc3, 0xba, 0xfa, 0xcf, 0xc3, 0xba, 0xfa, 0xcf, 0xc3, 0xba, 0xfa,
  0xcf, 0xc3, 0xba, 0xfa, 0xcf, 0xc3, 0xba, 0xfa, 0xcf, 0xc3, 0xba, 0xfa,
  0xcf, 0xc3, 0xba, 0xfa, 0xcf, 0xc3, 0xba, 0xfa, 0xcf, 0xc3, 0xba, 0xfa,
  0xcf, 0xc3, 0xba, 0xfa, 0xcf, 0xc3, 0xba, 0xfa, 0xcf, 0xc3, 0xba, 0xfa,
  0xcf, 0xc3, 0xba, 0xfa, 0xcf, 0xc3, 0xba, 0xfa, 0xcf, 0xc3, 0xba, 0xfa,
  0xcf, 0xc3, 0xba, 0xfa, 0xcf, 0xc3, 0xba, 0xfa, 0xcf, 0xc3, 0xba, 0xfa,
  0xcf, 0xc3, 0xba, 0xfa, 0xcf, 0xc3, 0xba, 0xfa, 0xcf, 0xc3, 0xba, 0xfa,
  0xcf, 0xc3, 0xba, 0xfa, 0xcf, 0xc3, 0xba, 0xfa, 0xcf, 0xc3, 0xba, 0xfa,
  0xcf, 0xc3, 0xba, 0xfa, 0xcf, 0xc3, 0xba, 0xfa, 0xcf, 0xc3, 0xba, 0xfa,
  0xcf, 0xc3, 0xba, 0xfa, 0xcf, 0xc3, 0xba, 0xfa, 0xcf, 0xc3, 0xba, 0xfa,
  0xcf, 0xc3, 0xba, 0xba, 0x00, 0x00, 0x00, 0x00, 0x00, 0x00, 0x00, 0x00,
  0x00, 0x00, 0x00, 0x00, 0x00, 0x00, 0x00, 0x00, 0x00, 0x00, 0x00, 0x00,
  0x00, 0x00, 0x00, 0x00, 0x00, 0x00, 0x00, 0x00, 0x00, 0x00, 0x00, 0x00,
  0x00, 0x00, 0x00, 0x00, 0x00, 0x00, 0x00, 0x00, 0x00, 0x00, 0x00, 0x00,
  0x00, 0x00, 0x00, 0x00, 0x00, 0x00, 0x00, 0x00, 0x00, 0x00, 0x00, 0x00,
  0x00, 0x00, 0x00, 0x00, 0x00, 0x00, 0x00, 0x00, 0x00, 0x00, 0x00, 0x00,
  0x00, 0x00, 0x00, 0x00, 0x00, 0x00, 0x00, 0x00, 0x00, 0x00, 0x00, 0x00,
  0x00, 0x00, 0x00, 0x00, 0x00, 0x00, 0x00, 0x00, 0x00, 0x00, 0x00, 0x00,
  0x00, 0x00, 0x00, 0x00, 0x00, 0x00, 0x00, 0x00, 0x00, 0x00, 0x00, 0x00,
  0x00, 0x00, 0x00, 0x00, 0x00, 0x00, 0x00, 0x00, 0xcf, 0xc3, 0xb9, 0xaa,
  0xcf, 0xc3, 0xba, 0xfa, 0xcf, 0xc3, 0xba, 0xfa, 0xcf, 0xc3, 0xba, 0xfa,
  0xcf, 0xc3, 0xba, 0xfa, 0xcf, 0xc3, 0xba, 0xfa, 0xcf, 0xc3, 0xba, 0xfa,
  0xcf, 0xc3, 0xba, 0xfa, 0xcf, 0xc3, 0xba, 0xfa, 0xcf, 0xc3, 0xba, 0xfa,
  0xcf, 0xc3, 0xba, 0xfa, 0xcf, 0xc3, 0xba, 0xfa, 0xcf, 0xc3, 0xba, 0xfa,
  0xcf, 0xc3, 0xba, 0xfa, 0xcf, 0xc3, 0xba, 0xfa, 0xcf, 0xc3, 0xba, 0xfa,
  0xcf, 0xc3, 0xba, 0xfa, 0xcf, 0xc3, 0xba, 0xfa, 0xcf, 0xc3, 0xba, 0xfa,
  0xcf, 0xc3, 0xba, 0xfa, 0xcf, 0xc3, 0xba, 0xfa, 0xcf, 0xc3, 0xba, 0xfa,
  0xcf, 0xc3, 0xba, 0xfa, 0xcf, 0xc3, 0xba, 0xfa, 0xcf, 0xc3, 0xba, 0xfa,
  0xcf, 0xc3, 0xba, 0xfa, 0xcf, 0xc3, 0xba, 0xfa, 0xcf, 0xc3, 0xba, 0xfa,
  0xcf, 0xc3, 0xba, 0xfa, 0xcf, 0xc3, 0xba, 0xfa, 0xcf, 0xc3, 0xba, 0xfa,
  0xcf, 0xc3, 0xba, 0xa9, 0x00, 0x00, 0x00, 0x00, 0x00, 0x00, 0x00, 0x00,
  0x00, 0x00, 0x00, 0x00, 0x00, 0x00, 0x00, 0x00, 0x00, 0x00, 0x00, 0x00,
  0x00, 0x00, 0x00, 0x00, 0x00, 0x00, 0x00, 0x00, 0x00, 0x00, 0x00, 0x00,
  0x00, 0x00, 0x00, 0x00, 0x00, 0x00, 0x00, 0x00, 0x00, 0x00, 0x00, 0x00,
  0x00, 0x00, 0x00, 0x00, 0x00, 0x00, 0x00, 0x00, 0x00, 0x00, 0x00, 0x00,
  0x00, 0x00, 0x00, 0x00, 0x00, 0x00, 0x00, 0x00, 0x00, 0x00, 0x00, 0x00,
  0x00, 0x00, 0x00, 0x00, 0x00, 0x00, 0x00, 0x00, 0x00, 0x00, 0x00, 0x00,
  0x00, 0x00, 0x00, 0x00, 0x00, 0x00, 0x00, 0x00, 0x00, 0x00, 0x00, 0x00,
  0x00, 0x00, 0x00, 0x00, 0x00, 0x00, 0x00, 0x00, 0x00, 0x00, 0x00, 0x00,
  0x00, 0x00, 0x00, 0x00, 0x00, 0x00, 0x00, 0x00, 0xce, 0xc3, 0xba, 0x98,
  0xcf, 0xc3, 0xba, 0xfa, 0xcf, 0xc3, 0xba, 0xfa, 0xcf, 0xc3, 0xba, 0xfa,
  0xcf, 0xc3, 0xba, 0xfa, 0xcf, 0xc3, 0xba, 0xfa, 0xcf, 0xc3, 0xba, 0xfa,
  0xcf, 0xc3, 0xba, 0xfa, 0xcf, 0xc3, 0xba, 0xfa, 0xcf, 0xc3, 0xba, 0xfa,
  0xcf, 0xc3, 0xba, 0xfa, 0xcf, 0xc3, 0xba, 0xfa, 0xcf, 0xc3, 0xba, 0xfa,
  0xcf, 0xc3, 0xba, 0xfa, 0xcf, 0xc3, 0xba, 0xfa, 0xcf, 0xc3, 0xba, 0xfa,
  0xcf, 0xc3, 0xba, 0xfa, 0xcf, 0xc3, 0xba, 0xfa, 0xcf, 0xc3, 0xba, 0xfa,
  0xcf, 0xc3, 0xba, 0xfa, 0xcf, 0xc3, 0xba, 0xfa, 0xcf, 0xc3, 0xba, 0xfa,
  0xcf, 0xc3, 0xba, 0xfa, 0xcf, 0xc3, 0xba, 0xfa, 0xcf, 0xc3, 0xba, 0xfa,
  0xcf, 0xc3, 0xba, 0xfa, 0xcf, 0xc3, 0xba, 0xfa, 0xcf, 0xc3, 0xba, 0xfa,
  0xcf, 0xc3, 0xba, 0xfa, 0xcf, 0xc3, 0xba, 0xfa, 0xcf, 0xc3, 0xba, 0xfa,
  0xd0, 0xc2, 0xba, 0x97, 0x00, 0x00, 0x00, 0x00, 0x00, 0x00, 0x00, 0x00,
  0x00, 0x00, 0x00, 0x00, 0x00, 0x00, 0x00, 0x00, 0x00, 0x00, 0x00, 0x00,
  0x00, 0x00, 0x00, 0x00, 0x00, 0x00, 0x00, 0x00, 0x00, 0x00, 0x00, 0x00,
  0x00, 0x00, 0x00, 0x00, 0x00, 0x00, 0x00, 0x00, 0x00, 0x00, 0x00, 0x00,
  0x00, 0x00, 0x00, 0x00, 0x00, 0x00, 0x00, 0x00, 0x00, 0x00, 0x00, 0x00,
  0x00, 0x00, 0x00, 0x00, 0x00, 0x00, 0x00, 0x00, 0x00, 0x00, 0x00, 0x00,
  0x00, 0x00, 0x00, 0x00, 0x00, 0x00, 0x00, 0x00, 0x00, 0x00, 0x00, 0x00,
  0x00, 0x00, 0x00, 0x00, 0x00, 0x00, 0x00, 0x00, 0x00, 0x00, 0x00, 0x00,
  0x00, 0x00, 0x00, 0x00, 0x00, 0x00, 0x00, 0x00, 0x00, 0x00, 0x00, 0x00,
  0x00, 0x00, 0x00, 0x00, 0x00, 0x00, 0x00, 0x00, 0xcf, 0xc4, 0xba, 0x85,
  0xcf, 0xc3, 0xba, 0xfa, 0xcf, 0xc3, 0xba, 0xfa, 0xcf, 0xc3, 0xba, 0xfa,
  0xcf, 0xc3, 0xba, 0xfa, 0xcf, 0xc3, 0xba, 0xfa, 0xcf, 0xc3, 0xba, 0xfa,
  0xcf, 0xc3, 0xba, 0xfa, 0xcf, 0xc3, 0xba, 0xfa, 0xcf, 0xc3, 0xba, 0xfa,
  0xcf, 0xc3, 0xba, 0xfa, 0xcf, 0xc3, 0xba, 0xfa, 0xcf, 0xc3, 0xba, 0xfa,
  0xcf, 0xc3, 0xba, 0xfa, 0xcf, 0xc3, 0xba, 0xfa, 0xcf, 0xc3, 0xba, 0xfa,
  0xcf, 0xc3, 0xba, 0xfa, 0xcf, 0xc3, 0xba, 0xfa, 0xcf, 0xc3, 0xba, 0xfa,
  0xcf, 0xc3, 0xba, 0xfa, 0xcf, 0xc3, 0xba, 0xfa, 0xcf, 0xc3, 0xba, 0xfa,
  0xcf, 0xc3, 0xba, 0xfa, 0xcf, 0xc3, 0xba, 0xfa, 0xcf, 0xc3, 0xba, 0xfa,
  0xcf, 0xc3, 0xba, 0xfa, 0xcf, 0xc3, 0xba, 0xfa, 0xcf, 0xc3, 0xba, 0xfa,
  0xcf, 0xc3, 0xba, 0xfa, 0xcf, 0xc3, 0xba, 0xfa, 0xcf, 0xc3, 0xba, 0xfa,
  0xcf, 0xc3, 0xb9, 0x84, 0x00, 0x00, 0x00, 0x00, 0x00, 0x00, 0x00, 0x00,
  0x00, 0x00, 0x00, 0x00, 0x00, 0x00, 0x00, 0x00, 0x00, 0x00, 0x00, 0x00,
  0x00, 0x00, 0x00, 0x00, 0x00, 0x00, 0x00, 0x00, 0x00, 0x00, 0x00, 0x00,
  0x00, 0x00, 0x00, 0x00, 0x00, 0x00, 0x00, 0x00, 0x00, 0x00, 0x00, 0x00,
  0x00, 0x00, 0x00, 0x00, 0x00, 0x00, 0x00, 0x00, 0x00, 0x00, 0x00, 0x00,
  0x00, 0x00, 0x00, 0x00, 0x00, 0x00, 0x00, 0x00, 0x00, 0x00, 0x00, 0x00,
  0x00, 0x00, 0x00, 0x00, 0x00, 0x00, 0x00, 0x00, 0x00, 0x00, 0x00, 0x00,
  0x00, 0x00, 0x00, 0x00, 0x00, 0x00, 0x00, 0x00, 0x00, 0x00, 0x00, 0x00,
  0x00, 0x00, 0x00, 0x00, 0x00, 0x00, 0x00, 0x00, 0x00, 0x00, 0x00, 0x00,
  0x00, 0x00, 0x00, 0x00, 0x00, 0x00, 0x00, 0x00, 0xcf, 0xc2, 0xb9, 0x75,
  0xcf, 0xc3, 0xba, 0xfa, 0xcf, 0xc3, 0xba, 0xfa, 0xcf, 0xc3, 0xba, 0xfa,
  0xcf, 0xc3, 0xba, 0xfa, 0xcf, 0xc3, 0xba, 0xfa, 0xcf, 0xc3, 0xba, 0xfa,
  0xcf, 0xc3, 0xba, 0xfa, 0xcf, 0xc3, 0xba, 0xfa, 0xcf, 0xc3, 0xba, 0xfa,
  0xcf, 0xc3, 0xba, 0xfa, 0xcf, 0xc3, 0xba, 0xfa, 0xcf, 0xc3, 0xba, 0xfa,
  0xcf, 0xc3, 0xba, 0xfa, 0xcf, 0xc3, 0xba, 0xfa, 0xcf, 0xc3, 0xba, 0xfa,
  0xcf, 0xc3, 0xba, 0xfa, 0xcf, 0xc3, 0xba, 0xfa, 0xcf, 0xc3, 0xba, 0xfa,
  0xcf, 0xc3, 0xba, 0xfa, 0xcf, 0xc3, 0xba, 0xfa, 0xcf, 0xc3, 0xba, 0xfa,
  0xcf, 0xc3, 0xba, 0xfa, 0xcf, 0xc3, 0xba, 0xfa, 0xcf, 0xc3, 0xba, 0xfa,
  0xcf, 0xc3, 0xba, 0xfa, 0xcf, 0xc3, 0xba, 0xfa, 0xcf, 0xc3, 0xba, 0xfa,
  0xcf, 0xc3, 0xba, 0xfa, 0xcf, 0xc3, 0xba, 0xfa, 0xcf, 0xc3, 0xba, 0xfa,
  0xcf, 0xc1, 0xb9, 0x74, 0x00, 0x00, 0x00, 0x00, 0x00, 0x00, 0x00, 0x00,
  0x00, 0x00, 0x00, 0x00, 0x00, 0x00, 0x00, 0x00, 0x00, 0x00, 0x00, 0x00,
  0x00, 0x00, 0x00, 0x00, 0x00, 0x00, 0x00, 0x00, 0x00, 0x00, 0x00, 0x00,
  0x00, 0x00, 0x00, 0x00, 0x00, 0x00, 0x00, 0x00, 0x00, 0x00, 0x00, 0x00,
  0x00, 0x00, 0x00, 0x00, 0x00, 0x00, 0x00, 0x00, 0x00, 0x00, 0x00, 0x00,
  0x00, 0x00, 0x00, 0x00, 0x00, 0x00, 0x00, 0x00, 0x00, 0x00, 0x00, 0x00,
  0x00, 0x00, 0x00, 0x00, 0x00, 0x00, 0x00, 0x00, 0x00, 0x00, 0x00, 0x00,
  0x00, 0x00, 0x00, 0x00, 0x00, 0x00, 0x00, 0x00, 0x00, 0x00, 0x00, 0x00,
  0x00, 0x00, 0x00, 0x00, 0x00, 0x00, 0x00, 0x00, 0x00, 0x00, 0x00, 0x00,
  0x00, 0x00, 0x00, 0x00, 0x00, 0x00, 0x00, 0x00, 0xd0, 0xc3, 0xb9, 0x62,
  0xcf, 0xc3, 0xba, 0xfa, 0xcf, 0xc3, 0xba, 0xfa, 0xcf, 0xc3, 0xba, 0xfa,
  0xcf, 0xc3, 0xba, 0xfa, 0xcf, 0xc3, 0xba, 0xfa, 0xcf, 0xc3, 0xba, 0xfa,
  0xcf, 0xc3, 0xba, 0xfa, 0xcf, 0xc3, 0xba, 0xfa, 0xcf, 0xc3, 0xba, 0xfa,
  0xcf, 0xc3, 0xba, 0xfa, 0xcf, 0xc3, 0xba, 0xfa, 0xcf, 0xc3, 0xba, 0xfa,
  0xcf, 0xc3, 0xba, 0xfa, 0xcf, 0xc3, 0xba, 0xfa, 0xcf, 0xc3, 0xba, 0xfa,
  0xcf, 0xc3, 0xba, 0xfa, 0xcf, 0xc3, 0xba, 0xfa, 0xcf, 0xc3, 0xba, 0xfa,
  0xcf, 0xc3, 0xba, 0xfa, 0xcf, 0xc3, 0xba, 0xfa, 0xcf, 0xc3, 0xba, 0xfa,
  0xcf, 0xc3, 0xba, 0xfa, 0xcf, 0xc3, 0xba, 0xfa, 0xcf, 0xc3, 0xba, 0xfa,
  0xcf, 0xc3, 0xba, 0xfa, 0xcf, 0xc3, 0xba, 0xfa, 0xcf, 0xc3, 0xba, 0xfa,
  0xcf, 0xc3, 0xba, 0xfa, 0xcf, 0xc3, 0xba, 0xfa, 0xcf, 0xc3, 0xba, 0xfa,
  0xd0, 0xc3, 0xbb, 0x61, 0x00, 0x00, 0x00, 0x00, 0x00, 0x00, 0x00, 0x00,
  0x00, 0x00, 0x00, 0x00, 0x00, 0x00, 0x00, 0x00, 0x00, 0x00, 0x00, 0x00,
  0x00, 0x00, 0x00, 0x00, 0x00, 0x00, 0x00, 0x00, 0x00, 0x00, 0x00, 0x00,
  0x00, 0x00, 0x00, 0x00, 0x00, 0x00, 0x00, 0x00, 0x00, 0x00, 0x00, 0x00,
  0x00, 0x00, 0x00, 0x00, 0x00, 0x00, 0x00, 0x00, 0x00, 0x00, 0x00, 0x00,
  0x00, 0x00, 0x00, 0x00, 0x00, 0x00, 0x00, 0x00, 0x00, 0x00, 0x00, 0x00,
  0x00, 0x00, 0x00, 0x00, 0x00, 0x00, 0x00, 0x00, 0x00, 0x00, 0x00, 0x00,
  0x00, 0x00, 0x00, 0x00, 0x00, 0x00, 0x00, 0x00, 0x00, 0x00, 0x00, 0x00,
  0x00, 0x00, 0x00, 0x00, 0x00, 0x00, 0x00, 0x00, 0x00, 0x00, 0x00, 0x00,
  0x00, 0x00, 0x00, 0x00, 0x00, 0x00, 0x00, 0x00, 0xcf, 0xc2, 0xbc, 0x50,
  0xcf, 0xc3, 0xba, 0xfa, 0xcf, 0xc3, 0xba, 0xfa, 0xcf, 0xc3, 0xba, 0xfa,
  0xcf, 0xc3, 0xba, 0xfa, 0xcf, 0xc3, 0xba, 0xfa, 0xcf, 0xc3, 0xba, 0xfa,
  0xcf, 0xc3, 0xba, 0xfa, 0xcf, 0xc3, 0xba, 0xfa, 0xcf, 0xc3, 0xba, 0xfa,
  0xcf, 0xc3, 0xba, 0xfa, 0xcf, 0xc3, 0xba, 0xfa, 0xcf, 0xc3, 0xba, 0xfa,
  0xcf, 0xc3, 0xba, 0xfa, 0xcf, 0xc3, 0xba, 0xfa, 0xcf, 0xc3, 0xba, 0xfa,
  0xcf, 0xc3, 0xba, 0xfa, 0xcf, 0xc3, 0xba, 0xfa, 0xcf, 0xc3, 0xba, 0xfa,
  0xcf, 0xc3, 0xba, 0xfa, 0xcf, 0xc3, 0xba, 0xfa, 0xcf, 0xc3, 0xba, 0xfa,
  0xcf, 0xc3, 0xba, 0xfa, 0xcf, 0xc3, 0xba, 0xfa, 0xcf, 0xc3, 0xba, 0xfa,
  0xcf, 0xc3, 0xba, 0xfa, 0xcf, 0xc3, 0xba, 0xfa, 0xcf, 0xc3, 0xba, 0xfa,
  0xcf, 0xc3, 0xba, 0xfa, 0xcf, 0xc3, 0xba, 0xfa, 0xcf, 0xc3, 0xba, 0xfa,
  0xcf, 0xc5, 0xbb, 0x4f, 0x00, 0x00, 0x00, 0x00, 0x00, 0x00, 0x00, 0x00,
  0x00, 0x00, 0x00, 0x00, 0x00, 0x00, 0x00, 0x00, 0x00, 0x00, 0x00, 0x00,
  0x00, 0x00, 0x00, 0x00, 0x00, 0x00, 0x00, 0x00, 0x00, 0x00, 0x00, 0x00,
  0x00, 0x00, 0x00, 0x00, 0x00, 0x00, 0x00, 0x00, 0x00, 0x00, 0x00, 0x00,
  0x00, 0x00, 0x00, 0x00, 0x00, 0x00, 0x00, 0x00, 0x00, 0x00, 0x00, 0x00,
  0x00, 0x00, 0x00, 0x00, 0x00, 0x00, 0x00, 0x00, 0x00, 0x00, 0x00, 0x00,
  0x00, 0x00, 0x00, 0x00, 0x00, 0x00, 0x00, 0x00, 0x00, 0x00, 0x00, 0x00,
  0x00, 0x00, 0x00, 0x00, 0x00, 0x00, 0x00, 0x00, 0x00, 0x00, 0x00, 0x00,
  0x00, 0x00, 0x00, 0x00, 0x00, 0x00, 0x00, 0x00, 0x00, 0x00, 0x00, 0x00,
  0x00, 0x00, 0x00, 0x00, 0x00, 0x00, 0x00, 0x00, 0xce, 0xc2, 0xba, 0x3f,
  0xcf, 0xc3, 0xba, 0xfa, 0xcf, 0xc3, 0xba, 0xfa, 0xcf, 0xc3, 0xba, 0xfa,
  0xcf, 0xc3, 0xba, 0xfa, 0xcf, 0xc3, 0xba, 0xfa, 0xcf, 0xc3, 0xba, 0xfa,
  0xcf, 0xc3, 0xba, 0xfa, 0xcf, 0xc3, 0xba, 0xfa, 0xcf, 0xc3, 0xba, 0xfa,
  0xcf, 0xc3, 0xba, 0xfa, 0xcf, 0xc3, 0xba, 0xfa, 0xcf, 0xc3, 0xba, 0xfa,
  0xcf, 0xc3, 0xba, 0xfa, 0xcf, 0xc3, 0xba, 0xfa, 0xcf, 0xc3, 0xba, 0xfa,
  0xcf, 0xc3, 0xba, 0xfa, 0xcf, 0xc3, 0xba, 0xfa, 0xcf, 0xc3, 0xba, 0xfa,
  0xcf, 0xc3, 0xba, 0xfa, 0xcf, 0xc3, 0xba, 0xfa, 0xcf, 0xc3, 0xba, 0xfa,
  0xcf, 0xc3, 0xba, 0xfa, 0xcf, 0xc3, 0xba, 0xfa, 0xcf, 0xc3, 0xba, 0xfa,
  0xcf, 0xc3, 0xba, 0xfa, 0xcf, 0xc3, 0xba, 0xfa, 0xcf, 0xc3, 0xba, 0xfa,
  0xcf, 0xc3, 0xba, 0xfa, 0xcf, 0xc3, 0xba, 0xfa, 0xcf, 0xc3, 0xba, 0xfa,
  0xce, 0xc1, 0xb9, 0x3e, 0x00, 0x00, 0x00, 0x00, 0x00, 0x00, 0x00, 0x00,
  0x00, 0x00, 0x00, 0x00, 0x00, 0x00, 0x00, 0x00, 0x00, 0x00, 0x00, 0x00,
  0x00, 0x00, 0x00, 0x00, 0x00, 0x00, 0x00, 0x00, 0x00, 0x00, 0x00, 0x00,
  0x00, 0x00, 0x00, 0x00, 0x00, 0x00, 0x00, 0x00, 0x00, 0x00, 0x00, 0x00,
  0x00, 0x00, 0x00, 0x00, 0x00, 0x00, 0x00, 0x00, 0x00, 0x00, 0x00, 0x00,
  0x00, 0x00, 0x00, 0x00, 0x00, 0x00, 0x00, 0x00, 0x00, 0x00, 0x00, 0x00,
  0x00, 0x00, 0x00, 0x00, 0x00, 0x00, 0x00, 0x00, 0x00, 0x00, 0x00, 0x00,
  0x00, 0x00, 0x00, 0x00, 0x00, 0x00, 0x00, 0x00, 0x00, 0x00, 0x00, 0x00,
  0x00, 0x00, 0x00, 0x00, 0x00, 0x00, 0x00, 0x00, 0x00, 0x00, 0x00, 0x00,
  0x00, 0x00, 0x00, 0x00, 0x00, 0x00, 0x00, 0x00, 0xd2, 0xc1, 0xbb, 0x2d,
  0xcf, 0xc3, 0xba, 0xfa, 0xcf, 0xc3, 0xba, 0xfa, 0xcf, 0xc3, 0xba, 0xfa,
  0xcf, 0xc3, 0xba, 0xfa, 0xcf, 0xc3, 0xba, 0xfa, 0xcf, 0xc3, 0xba, 0xfa,
  0xcf, 0xc3, 0xba, 0xfa, 0xcf, 0xc3, 0xba, 0xfa, 0xcf, 0xc3, 0xba, 0xfa,
  0xcf, 0xc3, 0xba, 0xfa, 0xcf, 0xc3, 0xba, 0xfa, 0xcf, 0xc3, 0xba, 0xfa,
  0xcf, 0xc3, 0xba, 0xfa, 0xcf, 0xc3, 0xba, 0xfa, 0xcf, 0xc3, 0xba, 0xfa,
  0xcf, 0xc3, 0xba, 0xfa, 0xcf, 0xc3, 0xba, 0xfa, 0xcf, 0xc3, 0xba, 0xfa,
  0xcf, 0xc3, 0xba, 0xfa, 0xcf, 0xc3, 0xba, 0xfa, 0xcf, 0xc3, 0xba, 0xfa,
  0xcf, 0xc3, 0xba, 0xfa, 0xcf, 0xc3, 0xba, 0xfa, 0xcf, 0xc3, 0xba, 0xfa,
  0xcf, 0xc3, 0xba, 0xfa, 0xcf, 0xc3, 0xba, 0xfa, 0xcf, 0xc3, 0xba, 0xfa,
  0xcf, 0xc3, 0xba, 0xfa, 0xcf, 0xc3, 0xba, 0xfa, 0xcf, 0xc3, 0xba, 0xfa,
  0xd1, 0xc5, 0xb9, 0x2c, 0x00, 0x00, 0x00, 0x00, 0x00, 0x00, 0x00, 0x00,
  0x00, 0x00, 0x00, 0x00, 0x00, 0x00, 0x00, 0x00, 0x00, 0x00, 0x00, 0x00,
  0x00, 0x00, 0x00, 0x00, 0x00, 0x00, 0x00, 0x00, 0x00, 0x00, 0x00, 0x00,
  0x00, 0x00, 0x00, 0x00, 0x00, 0x00, 0x00, 0x00, 0x00, 0x00, 0x00, 0x00,
  0x00, 0x00, 0x00, 0x00, 0x00, 0x00, 0x00, 0x00, 0x00, 0x00, 0x00, 0x00,
  0x00, 0x00, 0x00, 0x00, 0x00, 0x00, 0x00, 0x00, 0x00, 0x00, 0x00, 0x00,
  0x00, 0x00, 0x00, 0x00, 0x00, 0x00, 0x00, 0x00, 0x00, 0x00, 0x00, 0x00,
  0x00, 0x00, 0x00, 0x00, 0x00, 0x00, 0x00, 0x00, 0x00, 0x00, 0x00, 0x00,
  0x00, 0x00, 0x00, 0x00, 0x00, 0x00, 0x00, 0x00, 0x00, 0x00, 0x00, 0x00,
  0x00, 0x00, 0x00, 0x00, 0x00, 0x00, 0x00, 0x00, 0xce, 0xc4, 0xba, 0x1a,
  0xcf, 0xc3, 0xba, 0xfa, 0xcf, 0xc3, 0xba, 0xfa, 0xcf, 0xc3, 0xba, 0xfa,
  0xcf, 0xc3, 0xba, 0xfa, 0xcf, 0xc3, 0xba, 0xfa, 0xcf, 0xc3, 0xba, 0xfa,
  0xcf, 0xc3, 0xba, 0xfa, 0xcf, 0xc3, 0xba, 0xfa, 0xcf, 0xc3, 0xba, 0xfa,
  0xcf, 0xc3, 0xba, 0xfa, 0xcf, 0xc3, 0xba, 0xfa, 0xcf, 0xc3, 0xba, 0xfa,
  0xcf, 0xc3, 0xba, 0xfa, 0xcf, 0xc3, 0xba, 0xfa, 0xcf, 0xc3, 0xba, 0xfa,
  0xcf, 0xc3, 0xba, 0xfa, 0xcf, 0xc3, 0xba, 0xfa, 0xcf, 0xc3, 0xba, 0xfa,
  0xcf, 0xc3, 0xba, 0xfa, 0xcf, 0xc3, 0xba, 0xfa, 0xcf, 0xc3, 0xba, 0xfa,
  0xcf, 0xc3, 0xba, 0xfa, 0xcf, 0xc3, 0xba, 0xfa, 0xcf, 0xc3, 0xba, 0xfa,
  0xcf, 0xc3, 0xba, 0xfa, 0xcf, 0xc3, 0xba, 0xfa, 0xcf, 0xc3, 0xba, 0xfa,
  0xcf, 0xc3, 0xba, 0xfa, 0xcf, 0xc3, 0xba, 0xfa, 0xcf, 0xc3, 0xba, 0xfa,
  0xd6, 0xc2, 0xc2, 0x19, 0x00, 0x00, 0x00, 0x00, 0x00, 0x00, 0x00, 0x00,
  0x00, 0x00, 0x00, 0x00, 0x00, 0x00, 0x00, 0x00, 0x00, 0x00, 0x00, 0x00,
  0x00, 0x00, 0x00, 0x00, 0x00, 0x00, 0x00, 0x00, 0x00, 0x00, 0x00, 0x00,
  0x00, 0x00, 0x00, 0x00, 0x00, 0x00, 0x00, 0x00, 0x00, 0x00, 0x00, 0x00,
  0x00, 0x00, 0x00, 0x00, 0x00, 0x00, 0x00, 0x00, 0x00, 0x00, 0x00, 0x00,
  0x00, 0x00, 0x00, 0x00, 0x00, 0x00, 0x00, 0x00, 0x00, 0x00, 0x00, 0x00,
  0x00, 0x00, 0x00, 0x00, 0x00, 0x00, 0x00, 0x00, 0x00, 0x00, 0x00, 0x00,
  0x00, 0x00, 0x00, 0x00, 0x00, 0x00, 0x00, 0x00, 0x00, 0x00, 0x00, 0x00,
  0x00, 0x00, 0x00, 0x00, 0x00, 0x00, 0x00, 0x00, 0x00, 0x00, 0x00, 0x00,
  0x00, 0x00, 0x00, 0x00, 0x00, 0x00, 0x00, 0x00, 0xbf, 0xbf, 0xbf, 0x08,
  0xcf, 0xc3, 0xba, 0xfa, 0xcf, 0xc3, 0xba, 0xfa, 0xcf, 0xc3, 0xba, 0xfa,
  0xcf, 0xc3, 0xba, 0xfa, 0xcf, 0xc3, 0xba, 0xfa, 0xcf, 0xc3, 0xba, 0xfa,
  0xcf, 0xc3, 0xba, 0xfa, 0xcf, 0xc3, 0xba, 0xfa, 0xcf, 0xc3, 0xba, 0xfa,
  0xcf, 0xc3, 0xba, 0xfa, 0xcf, 0xc3, 0xba, 0xfa, 0xcf, 0xc3, 0xba, 0xfa,
  0xcf, 0xc3, 0xba, 0xfa, 0xcf, 0xc3, 0xba, 0xfa, 0xcf, 0xc3, 0xba, 0xfa,
  0xcf, 0xc3, 0xba, 0xfa, 0xcf, 0xc3, 0xba, 0xfa, 0xcf, 0xc3, 0xba, 0xfa,
  0xcf, 0xc3, 0xba, 0xfa, 0xcf, 0xc3, 0xba, 0xfa, 0xcf, 0xc3, 0xba, 0xfa,
  0xcf, 0xc3, 0xba, 0xfa, 0xcf, 0xc3, 0xba, 0xfa, 0xcf, 0xc3, 0xba, 0xfa,
  0xcf, 0xc3, 0xba, 0xfa, 0xcf, 0xc3, 0xba, 0xfa, 0xcf, 0xc3, 0xba, 0xfa,
  0xcf, 0xc3, 0xba, 0xfa, 0xcf, 0xc3, 0xba, 0xfa, 0xcf, 0xc3, 0xba, 0xfa,
  0xbf, 0xbf, 0xbf, 0x08, 0x00, 0x00, 0x00, 0x00, 0x00, 0x00, 0x00, 0x00,
  0x00, 0x00, 0x00, 0x00, 0x00, 0x00, 0x00, 0x00, 0x00, 0x00, 0x00, 0x00,
  0x00, 0x00, 0x00, 0x00, 0x00, 0x00, 0x00, 0x00, 0x00, 0x00, 0x00, 0x00,
  0x00, 0x00, 0x00, 0x00, 0x00, 0x00, 0x00, 0x00, 0x00, 0x00, 0x00, 0x00,
  0x00, 0x00, 0x00, 0x00, 0x00, 0x00, 0x00, 0x00, 0x00, 0x00, 0x00, 0x00,
  0x00, 0x00, 0x00, 0x00, 0x00, 0x00, 0x00, 0x00, 0x00, 0x00, 0x00, 0x00,
  0x00, 0x00, 0x00, 0x00, 0x00, 0x00, 0x00, 0x00, 0x00, 0x00, 0x00, 0x00,
  0x00, 0x00, 0x00, 0x00, 0x00, 0x00, 0x00, 0x00, 0x00, 0x00, 0x00, 0x00,
  0x00, 0x00, 0x00, 0x00, 0x00, 0x00, 0x00, 0x00, 0x00, 0x00, 0x00, 0x00,
  0x00, 0x00, 0x00, 0x00, 0x00, 0x00, 0x00, 0x00, 0x00, 0x00, 0x00, 0x00,
  0xcf, 0xc3, 0xba, 0xf1, 0xcf, 0xc3, 0xba, 0xfa, 0xcf, 0xc3, 0xba, 0xfa,
  0xcf, 0xc3, 0xba, 0xfa, 0xcf, 0xc3, 0xba, 0xfa, 0xcf, 0xc3, 0xba, 0xfa,
  0xcf, 0xc3, 0xba, 0xfa, 0xcf, 0xc3, 0xba, 0xfa, 0xcf, 0xc3, 0xba, 0xfa,
  0xcf, 0xc3, 0xba, 0xfa, 0xcf, 0xc3, 0xba, 0xfa, 0xcf, 0xc3, 0xba, 0xfa,
  0xcf, 0xc3, 0xba, 0xfa, 0xcf, 0xc3, 0xba, 0xfa, 0xcf, 0xc3, 0xba, 0xfa,
  0xcf, 0xc3, 0xba, 0xfa, 0xcf, 0xc3, 0xba, 0xfa, 0xcf, 0xc3, 0xba, 0xfa,
  0xcf, 0xc3, 0xba, 0xfa, 0xcf, 0xc3, 0xba, 0xfa, 0xcf, 0xc3, 0xba, 0xfa,
  0xcf, 0xc3, 0xba, 0xfa, 0xcf, 0xc3, 0xba, 0xfa, 0xcf, 0xc3, 0xba, 0xfa,
  0xcf, 0xc3, 0xba, 0xfa, 0xcf, 0xc3, 0xba, 0xfa, 0xcf, 0xc3, 0xba, 0xfa,
  0xcf, 0xc3, 0xba, 0xfa, 0xcf, 0xc3, 0xba, 0xfa, 0xcf, 0xc4, 0xba, 0xf0,
  0x00, 0x00, 0x00, 0x00, 0x00, 0x00, 0x00, 0x00, 0x00, 0x00, 0x00, 0x00,
  0x00, 0x00, 0x00, 0x00, 0x00, 0x00, 0x00, 0x00, 0x00, 0x00, 0x00, 0x00,
  0x00, 0x00, 0x00, 0x00, 0x00, 0x00, 0x00, 0x00, 0x00, 0x00, 0x00, 0x00,
  0x00, 0x00, 0x00, 0x00, 0x00, 0x00, 0x00, 0x00, 0x00, 0x00, 0x00, 0x00,
  0x00, 0x00, 0x00, 0x00, 0x00, 0x00, 0x00, 0x00, 0x00, 0x00, 0x00, 0x00,
  0x00, 0x00, 0x00, 0x00, 0x00, 0x00, 0x00, 0x00, 0x00, 0x00, 0x00, 0x00,
  0x00, 0x00, 0x00, 0x00, 0x00, 0x00, 0x00, 0x00, 0x00, 0x00, 0x00, 0x00,
  0x00, 0x00, 0x00, 0x00, 0x00, 0x00, 0x00, 0x00, 0x00, 0x00, 0x00, 0x00,
  0x00, 0x00, 0x00, 0x00, 0x00, 0x00, 0x00, 0x00, 0x00, 0x00, 0x00, 0x00,
  0x00, 0x00, 0x00, 0x00, 0x00, 0x00, 0x00, 0x00, 0x00, 0x00, 0x00, 0x00,
  0xcf, 0xc3, 0xba, 0xe0, 0xcf, 0xc3, 0xba, 0xfa, 0xcf, 0xc3, 0xba, 0xfa,
  0xcf, 0xc3, 0xba, 0xfa, 0xcf, 0xc3, 0xba, 0xfa, 0xcf, 0xc3, 0xba, 0xfa,
  0xcf, 0xc3, 0xba, 0xfa, 0xcf, 0xc3, 0xba, 0xfa, 0xcf, 0xc3, 0xba, 0xfa,
  0xcf, 0xc3, 0xba, 0xfa, 0xcf, 0xc3, 0xba, 0xfa, 0xcf, 0xc3, 0xba, 0xfa,
  0xcf, 0xc3, 0xba, 0xfa, 0xcf, 0xc3, 0xba, 0xfa, 0xcf, 0xc3, 0xba, 0xfa,
  0xcf, 0xc3, 0xba, 0xfa, 0xcf, 0xc3, 0xba, 0xfa, 0xcf, 0xc3, 0xba, 0xfa,
  0xcf, 0xc3, 0xba, 0xfa, 0xcf, 0xc3, 0xba, 0xfa, 0xcf, 0xc3, 0xba, 0xfa,
  0xcf, 0xc3, 0xba, 0xfa, 0xcf, 0xc3, 0xba, 0xfa, 0xcf, 0xc3, 0xba, 0xfa,
  0xcf, 0xc3, 0xba, 0xfa, 0xcf, 0xc3, 0xba, 0xfa, 0xcf, 0xc3, 0xba, 0xfa,
  0xcf, 0xc3, 0xba, 0xfa, 0xcf, 0xc3, 0xba, 0xfa, 0xcf, 0xc2, 0xb9, 0xdf,
  0x00, 0x00, 0x00, 0x00, 0x00, 0x00, 0x00, 0x00, 0x00, 0x00, 0x00, 0x00,
  0x00, 0x00, 0x00, 0x00, 0x00, 0x00, 0x00, 0x00, 0x00, 0x00, 0x00, 0x00,
  0x00, 0x00, 0x00, 0x00, 0x00, 0x00, 0x00, 0x00, 0x00, 0x00, 0x00, 0x00,
  0x00, 0x00, 0x00, 0x00, 0x00, 0x00, 0x00, 0x00, 0x00, 0x00, 0x00, 0x00,
  0x00, 0x00, 0x00, 0x00, 0x00, 0x00, 0x00, 0x00, 0x00, 0x00, 0x00, 0x00,
  0x00, 0x00, 0x00, 0x00, 0x00, 0x00, 0x00, 0x00, 0x00, 0x00, 0x00, 0x00,
  0x00, 0x00, 0x00, 0x00, 0x00, 0x00, 0x00, 0x00, 0x00, 0x00, 0x00, 0x00,
  0x00, 0x00, 0x00, 0x00, 0x00, 0x00, 0x00, 0x00, 0x00, 0x00, 0x00, 0x00,
  0x00, 0x00, 0x00, 0x00, 0x00, 0x00, 0x00, 0x00, 0x00, 0x00, 0x00, 0x00,
  0x00, 0x00, 0x00, 0x00, 0x00, 0x00, 0x00, 0x00, 0x00, 0x00, 0x00, 0x00,
  0xce, 0xc3, 0xb9, 0xcd, 0xcf, 0xc3, 0xba, 0xfa, 0xcf, 0xc3, 0xba, 0xfa,
  0xcf, 0xc3, 0xba, 0xfa, 0xcf, 0xc3, 0xba, 0xfa, 0xcf, 0xc3, 0xba, 0xfa,
  0xcf, 0xc3, 0xba, 0xfa, 0xcf, 0xc3, 0xba, 0xfa, 0xcf, 0xc3, 0xba, 0xfa,
  0xcf, 0xc3, 0xba, 0xfa, 0xcf, 0xc3, 0xba, 0xfa, 0xcf, 0xc3, 0xba, 0xfa,
  0xcf, 0xc3, 0xba, 0xfa, 0xcf, 0xc3, 0xba, 0xfa, 0xcf, 0xc3, 0xba, 0xfa,
  0xcf, 0xc3, 0xba, 0xfa, 0xcf, 0xc3, 0xba, 0xfa, 0xcf, 0xc3, 0xba, 0xfa,
  0xcf, 0xc3, 0xba, 0xfa, 0xcf, 0xc3, 0xba, 0xfa, 0xcf, 0xc3, 0xba, 0xfa,
  0xcf, 0xc3, 0xba, 0xfa, 0xcf, 0xc3, 0xba, 0xfa, 0xcf, 0xc3, 0xba, 0xfa,
  0xcf, 0xc3, 0xba, 0xfa, 0xcf, 0xc3, 0xba, 0xfa, 0xcf, 0xc3, 0xba, 0xfa,
  0xcf, 0xc3, 0xba, 0xfa, 0xcf, 0xc3, 0xba, 0xfa, 0xd0, 0xc3, 0xb9, 0xcc,
  0x00, 0x00, 0x00, 0x00, 0x00, 0x00, 0x00, 0x00, 0x00, 0x00, 0x00, 0x00,
  0x00, 0x00, 0x00, 0x00, 0x00, 0x00, 0x00, 0x00, 0x00, 0x00, 0x00, 0x00,
  0x00, 0x00, 0x00, 0x00, 0x00, 0x00, 0x00, 0x00, 0x00, 0x00, 0x00, 0x00,
  0x00, 0x00, 0x00, 0x00, 0x00, 0x00, 0x00, 0x00, 0x00, 0x00, 0x00, 0x00,
  0x00, 0x00, 0x00, 0x00, 0x00, 0x00, 0x00, 0x00, 0x00, 0x00, 0x00, 0x00,
  0x00, 0x00, 0x00, 0x00, 0x00, 0x00, 0x00, 0x00, 0x00, 0x00, 0x00, 0x00,
  0x00, 0x00, 0x00, 0x00, 0x00, 0x00, 0x00, 0x00, 0x00, 0x00, 0x00, 0x00,
  0x00, 0x00, 0x00, 0x00, 0x00, 0x00, 0x00, 0x00, 0x00, 0x00, 0x00, 0x00,
  0x00, 0x00, 0x00, 0x00, 0x00, 0x00, 0x00, 0x00, 0x00, 0x00, 0x00, 0x00,
  0x00, 0x00, 0x00, 0x00, 0x00, 0x00, 0x00, 0x00, 0x00, 0x00, 0x00, 0x00,
  0xcf, 0xc3, 0xb9, 0xbb, 0xcf, 0xc3, 0xba, 0xfa, 0xcf, 0xc3, 0xba, 0xfa,
  0xcf, 0xc3, 0xba, 0xfa, 0xcf, 0xc3, 0xba, 0xfa, 0xcf, 0xc3, 0xba, 0xfa,
  0xcf, 0xc3, 0xba, 0xfa, 0xcf, 0xc3, 0xba, 0xfa, 0xcf, 0xc3, 0xba, 0xfa,
  0xcf, 0xc3, 0xba, 0xfa, 0xcf, 0xc3, 0xba, 0xfa, 0xcf, 0xc3, 0xba, 0xfa,
  0xcf, 0xc3, 0xba, 0xfa, 0xcf, 0xc3, 0xba, 0xfa, 0xcf, 0xc3, 0xba, 0xfa,
  0xcf, 0xc3, 0xba, 0xfa, 0xcf, 0xc3, 0xba, 0xfa, 0xcf, 0xc3, 0xba, 0xfa,
  0xcf, 0xc3, 0xba, 0xfa, 0xcf, 0xc3, 0xba, 0xfa, 0xcf, 0xc3, 0xba, 0xfa,
  0xcf, 0xc3, 0xba, 0xfa, 0xcf, 0xc3, 0xba, 0xfa, 0xcf, 0xc3, 0xba, 0xfa,
  0xcf, 0xc3, 0xba, 0xfa, 0xcf, 0xc3, 0xba, 0xfa, 0xcf, 0xc3, 0xba, 0xfa,
  0xcf, 0xc3, 0xba, 0xfa, 0xcf, 0xc3, 0xba, 0xfa, 0xcf, 0xc3, 0xba, 0xba,
  0x00, 0x00, 0x00, 0x00, 0x00, 0x00, 0x00, 0x00, 0x00, 0x00, 0x00, 0x00,
  0x00, 0x00, 0x00, 0x00, 0x00, 0x00, 0x00, 0x00, 0x00, 0x00, 0x00, 0x00,
  0x00, 0x00, 0x00, 0x00, 0x00, 0x00, 0x00, 0x00, 0x00, 0x00, 0x00, 0x00,
  0x00, 0x00, 0x00, 0x00, 0x00, 0x00, 0x00, 0x00, 0x00, 0x00, 0x00, 0x00,
  0x00, 0x00, 0x00, 0x00, 0x00, 0x00, 0x00, 0x00, 0x00, 0x00, 0x00, 0x00,
  0x00, 0x00, 0x00, 0x00, 0x00, 0x00, 0x00, 0x00, 0x00, 0x00, 0x00, 0x00,
  0x00, 0x00, 0x00, 0x00, 0x00, 0x00, 0x00, 0x00, 0x00, 0x00, 0x00, 0x00,
  0x00, 0x00, 0x00, 0x00, 0x00, 0x00, 0x00, 0x00, 0x00, 0x00, 0x00, 0x00,
  0x00, 0x00, 0x00, 0x00, 0x00, 0x00, 0x00, 0x00, 0x00, 0x00, 0x00, 0x00,
  0x00, 0x00, 0x00, 0x00, 0x00, 0x00, 0x00, 0x00, 0x00, 0x00, 0x00, 0x00,
  0xcf, 0xc3, 0xb9, 0xaa, 0xcf, 0xc3, 0xba, 0xfa, 0xcf, 0xc3, 0xba, 0xfa,
  0xcf, 0xc3, 0xba, 0xfa, 0xcf, 0xc3, 0xba, 0xfa, 0xcf, 0xc3, 0xba, 0xfa,
  0xcf, 0xc3, 0xba, 0xfa, 0xcf, 0xc3, 0xba, 0xfa, 0xcf, 0xc3, 0xba, 0xfa,
  0xcf, 0xc3, 0xba, 0xfa, 0xcf, 0xc3, 0xba, 0xfa, 0xcf, 0xc3, 0xba, 0xfa,
  0xcf, 0xc3, 0xba, 0xfa, 0xcf, 0xc3, 0xba, 0xfa, 0xcf, 0xc3, 0xba, 0xfa,
  0xcf, 0xc3, 0xba, 0xfa, 0xcf, 0xc3, 0xba, 0xfa, 0xcf, 0xc3, 0xba, 0xfa,
  0xcf, 0xc3, 0xba, 0xfa, 0xcf, 0xc3, 0xba, 0xfa, 0xcf, 0xc3, 0xba, 0xfa,
  0xcf, 0xc3, 0xba, 0xfa, 0xcf, 0xc3, 0xba, 0xfa, 0xcf, 0xc3, 0xba, 0xfa,
  0xcf, 0xc3, 0xba, 0xfa, 0xcf, 0xc3, 0xba, 0xfa, 0xcf, 0xc3, 0xba, 0xfa,
  0xcf, 0xc3, 0xba, 0xfa, 0xcf, 0xc3, 0xba, 0xfa, 0xcf, 0xc3, 0xba, 0xa9,
  0x00, 0x00, 0x00, 0x00, 0x00, 0x00, 0x00, 0x00, 0x00, 0x00, 0x00, 0x00,
  0x00, 0x00, 0x00, 0x00, 0x00, 0x00, 0x00, 0x00, 0x00, 0x00, 0x00, 0x00,
  0x00, 0x00, 0x00, 0x00, 0x00, 0x00, 0x00, 0x00, 0x00, 0x00, 0x00, 0x00,
  0x00, 0x00, 0x00, 0x00, 0x00, 0x00, 0x00, 0x00, 0x00, 0x00, 0x00, 0x00,
  0x00, 0x00, 0x00, 0x00, 0x00, 0x00, 0x00, 0x00, 0x00, 0x00, 0x00, 0x00,
  0x00, 0x00, 0x00, 0x00, 0x00, 0x00, 0x00, 0x00, 0x00, 0x00, 0x00, 0x00,
  0x00, 0x00, 0x00, 0x00, 0x00, 0x00, 0x00, 0x00, 0x00, 0x00, 0x00, 0x00,
  0x00, 0x00, 0x00, 0x00, 0x00, 0x00, 0x00, 0x00, 0x00, 0x00, 0x00, 0x00,
  0x00, 0x00, 0x00, 0x00, 0x00, 0x00, 0x00, 0x00, 0x00, 0x00, 0x00, 0x00,
  0x00, 0x00, 0x00, 0x00, 0x00, 0x00, 0x00, 0x00, 0x00, 0x00, 0x00, 0x00,
  0xce, 0xc3, 0xba, 0x98, 0xcf, 0xc3, 0xba, 0xfa, 0xcf, 0xc3, 0xba, 0xfa,
  0xcf, 0xc3, 0xba, 0xfa, 0xcf, 0xc3, 0xba, 0xfa, 0xcf, 0xc3, 0xba, 0xfa,
  0xcf, 0xc3, 0xba, 0xfa, 0xcf, 0xc3, 0xba, 0xfa, 0xcf, 0xc3, 0xba, 0xfa,
  0xcf, 0xc3, 0xba, 0xfa, 0xcf, 0xc3, 0xba, 0xfa, 0xcf, 0xc3, 0xba, 0xfa,
  0xcf, 0xc3, 0xba, 0xfa, 0xcf, 0xc3, 0xba, 0xfa, 0xcf, 0xc3, 0xba, 0xfa,
  0xcf, 0xc3, 0xba, 0xfa, 0xcf, 0xc3, 0xba, 0xfa, 0xcf, 0xc3, 0xba, 0xfa,
  0xcf, 0xc3, 0xba, 0xfa, 0xcf, 0xc3, 0xba, 0xfa, 0xcf, 0xc3, 0xba, 0xfa,
  0xcf, 0xc3, 0xba, 0xfa, 0xcf, 0xc3, 0xba, 0xfa, 0xcf, 0xc3, 0xba, 0xfa,
  0xcf, 0xc3, 0xba, 0xfa, 0xcf, 0xc3, 0xba, 0xfa, 0xcf, 0xc3, 0xba, 0xfa,
  0xcf, 0xc3, 0xba, 0xfa, 0xcf, 0xc3, 0xba, 0xfa, 0xd0, 0xc2, 0xba, 0x97,
  0x00, 0x00, 0x00, 0x00, 0x00, 0x00, 0x00, 0x00, 0x00, 0x00, 0x00, 0x00,
  0x00, 0x00, 0x00, 0x00, 0x00, 0x00, 0x00, 0x00, 0x00, 0x00, 0x00, 0x00,
  0x00, 0x00, 0x00, 0x00, 0x00, 0x00, 0x00, 0x00, 0x00, 0x00, 0x00, 0x00,
  0x00, 0x00, 0x00, 0x00, 0x00, 0x00, 0x00, 0x00, 0x00, 0x00, 0x00, 0x00,
  0x00, 0x00, 0x00, 0x00, 0x00, 0x00, 0x00, 0x00, 0x00, 0x00, 0x00, 0x00,
  0x00, 0x00, 0x00, 0x00, 0x00, 0x00, 0x00, 0x00, 0x00, 0x00, 0x00, 0x00,
  0x00, 0x00, 0x00, 0x00, 0x00, 0x00, 0x00, 0x00, 0x00, 0x00, 0x00, 0x00,
  0x00, 0x00, 0x00, 0x00, 0x00, 0x00, 0x00, 0x00, 0x00, 0x00, 0x00, 0x00,
  0x00, 0x00, 0x00, 0x00, 0x00, 0x00, 0x00, 0x00, 0x00, 0x00, 0x00, 0x00,
  0x00, 0x00, 0x00, 0x00, 0x00, 0x00, 0x00, 0x00, 0x00, 0x00, 0x00, 0x00,
  0xcf, 0xc4, 0xba, 0x85, 0xcf, 0xc3, 0xba, 0xfa, 0xcf, 0xc3, 0xba, 0xfa,
  0xcf, 0xc3, 0xba, 0xfa, 0xcf, 0xc3, 0xba, 0xfa, 0xcf, 0xc3, 0xba, 0xfa,
  0xcf, 0xc3, 0xba, 0xfa, 0xcf, 0xc3, 0xba, 0xfa, 0xcf, 0xc3, 0xba, 0xfa,
  0xcf, 0xc3, 0xba, 0xfa, 0xcf, 0xc3, 0xba, 0xfa, 0xcf, 0xc3, 0xba, 0xfa,
  0xcf, 0xc3, 0xba, 0xfa, 0xcf, 0xc3, 0xba, 0xfa, 0xcf, 0xc3, 0xba, 0xfa,
  0xcf, 0xc3, 0xba, 0xfa, 0xcf, 0xc3, 0xba, 0xfa, 0xcf, 0xc3, 0xba, 0xfa,
  0xcf, 0xc3, 0xba, 0xfa, 0xcf, 0xc3, 0xba, 0xfa, 0xcf, 0xc3, 0xba, 0xfa,
  0xcf, 0xc3, 0xba, 0xfa, 0xcf, 0xc3, 0xba, 0xfa, 0xcf, 0xc3, 0xba, 0xfa,
  0xcf, 0xc3, 0xba, 0xfa, 0xcf, 0xc3, 0xba, 0xfa, 0xcf, 0xc3, 0xba, 0xfa,
  0xcf, 0xc3, 0xba, 0xfa, 0xcf, 0xc3, 0xba, 0xfa, 0xcf, 0xc3, 0xb9, 0x84,
  0x00, 0x00, 0x00, 0x00, 0x00, 0x00, 0x00, 0x00, 0x00, 0x00, 0x00, 0x00,
  0x00, 0x00, 0x00, 0x00, 0x00, 0x00, 0x00, 0x00, 0x00, 0x00, 0x00, 0x00,
  0x00, 0x00, 0x00, 0x00, 0x00, 0x00, 0x00, 0x00, 0x00, 0x00, 0x00, 0x00,
  0x00, 0x00, 0x00, 0x00, 0x00, 0x00, 0x00, 0x00, 0x00, 0x00, 0x00, 0x00,
  0x00, 0x00, 0x00, 0x00, 0x00, 0x00, 0x00, 0x00, 0x00, 0x00, 0x00, 0x00,
  0x00, 0x00, 0x00, 0x00, 0x00, 0x00, 0x00, 0x00, 0x00, 0x00, 0x00, 0x00,
  0x00, 0x00, 0x00, 0x00, 0x00, 0x00, 0x00, 0x00, 0x00, 0x00, 0x00, 0x00,
  0x00, 0x00, 0x00, 0x00, 0x00, 0x00, 0x00, 0x00, 0x00, 0x00, 0x00, 0x00,
  0x00, 0x00, 0x00, 0x00, 0x00, 0x00, 0x00, 0x00, 0x00, 0x00, 0x00, 0x00,
  0x00, 0x00, 0x00, 0x00, 0x00, 0x00, 0x00, 0x00, 0x00, 0x00, 0x00, 0x00,
  0xcf, 0xc2, 0xb9, 0x75, 0xcf, 0xc3, 0xba, 0xfa, 0xcf, 0xc3, 0xba, 0xfa,
  0xcf, 0xc3, 0xba, 0xfa, 0xcf, 0xc3, 0xba, 0xfa, 0xcf, 0xc3, 0xba, 0xfa,
  0xcf, 0xc3, 0xba, 0xfa, 0xcf, 0xc3, 0xba, 0xfa, 0xcf, 0xc3, 0xba, 0xfa,
  0xcf, 0xc3, 0xba, 0xfa, 0xcf, 0xc3, 0xba, 0xfa, 0xcf, 0xc3, 0xba, 0xfa,
  0xcf, 0xc3, 0xba, 0xfa, 0xcf, 0xc3, 0xba, 0xfa, 0xcf, 0xc3, 0xba, 0xfa,
  0xcf, 0xc3, 0xba, 0xfa, 0xcf, 0xc3, 0xba, 0xfa, 0xcf, 0xc3, 0xba, 0xfa,
  0xcf, 0xc3, 0xba, 0xfa, 0xcf, 0xc3, 0xba, 0xfa, 0xcf, 0xc3, 0xba, 0xfa,
  0xcf, 0xc3, 0xba, 0xfa, 0xcf, 0xc3, 0xba, 0xfa, 0xcf, 0xc3, 0xba, 0xfa,
  0xcf, 0xc3, 0xba, 0xfa, 0xcf, 0xc3, 0xba, 0xfa, 0xcf, 0xc3, 0xba, 0xfa,
  0xcf, 0xc3, 0xba, 0xfa, 0xcf, 0xc3, 0xba, 0xfa, 0xcf, 0xc1, 0xb9, 0x74,
  0x00, 0x00, 0x00, 0x00, 0x00, 0x00, 0x00, 0x00, 0x00, 0x00, 0x00, 0x00,
  0x00, 0x00, 0x00, 0x00, 0x00, 0x00, 0x00, 0x00, 0x00, 0x00, 0x00, 0x00,
  0x00, 0x00, 0x00, 0x00, 0x00, 0x00, 0x00, 0x00, 0x00, 0x00, 0x00, 0x00,
  0x00, 0x00, 0x00, 0x00, 0x00, 0x00, 0x00, 0x00, 0x00, 0x00, 0x00, 0x00,
  0x00, 0x00, 0x00, 0x00, 0x00, 0x00, 0x00, 0x00, 0x00, 0x00, 0x00, 0x00,
  0x00, 0x00, 0x00, 0x00, 0x00, 0x00, 0x00, 0x00, 0x00, 0x00, 0x00, 0x00,
  0x00, 0x00, 0x00, 0x00, 0x00, 0x00, 0x00, 0x00, 0x00, 0x00, 0x00, 0x00,
  0x00, 0x00, 0x00, 0x00, 0x00, 0x00, 0x00, 0x00, 0x00, 0x00, 0x00, 0x00,
  0x00, 0x00, 0x00, 0x00, 0x00, 0x00, 0x00, 0x00, 0x00, 0x00, 0x00, 0x00,
  0x00, 0x00, 0x00, 0x00, 0x00, 0x00, 0x00, 0x00, 0x00, 0x00, 0x00, 0x00,
  0xd0, 0xc3, 0xb9, 0x62, 0xcf, 0xc3, 0xba, 0xfa, 0xcf, 0xc3, 0xba, 0xfa,
  0xcf, 0xc3, 0xba, 0xfa, 0xcf, 0xc3, 0xba, 0xfa, 0xcf, 0xc3, 0xba, 0xfa,
  0xcf, 0xc3, 0xba, 0xfa, 0xcf, 0xc3, 0xba, 0xfa, 0xcf, 0xc3, 0xba, 0xfa,
  0xcf, 0xc3, 0xba, 0xfa, 0xcf, 0xc3, 0xba, 0xfa, 0xcf, 0xc3, 0xba, 0xfa,
  0xcf, 0xc3, 0xba, 0xfa, 0xcf, 0xc3, 0xba, 0xfa, 0xcf, 0xc3, 0xba, 0xfa,
  0xcf, 0xc3, 0xba, 0xfa, 0xcf, 0xc3, 0xba, 0xfa, 0xcf, 0xc3, 0xba, 0xfa,
  0xcf, 0xc3, 0xba, 0xfa, 0xcf, 0xc3, 0xba, 0xfa, 0xcf, 0xc3, 0xba, 0xfa,
  0xcf, 0xc3, 0xba, 0xfa, 0xcf, 0xc3, 0xba, 0xfa, 0xcf, 0xc3, 0xba, 0xfa,
  0xcf, 0xc3, 0xba, 0xfa, 0xcf, 0xc3, 0xba, 0xfa, 0xcf, 0xc3, 0xba, 0xfa,
  0xcf, 0xc3, 0xba, 0xfa, 0xcf, 0xc3, 0xba, 0xfa, 0xd0, 0xc3, 0xbb, 0x61,
  0x00, 0x00, 0x00, 0x00, 0x00, 0x00, 0x00, 0x00, 0x00, 0x00, 0x00, 0x00,
  0x00, 0x00, 0x00, 0x00, 0x00, 0x00, 0x00, 0x00, 0x00, 0x00, 0x00, 0x00,
  0x00, 0x00, 0x00, 0x00, 0x00, 0x00, 0x00, 0x00, 0x00, 0x00, 0x00, 0x00,
  0x00, 0x00, 0x00, 0x00, 0x00, 0x00, 0x00, 0x00, 0x00, 0x00, 0x00, 0x00,
  0x00, 0x00, 0x00, 0x00, 0x00, 0x00, 0x00, 0x00, 0x00, 0x00, 0x00, 0x00,
  0x00, 0x00, 0x00, 0x00, 0x00, 0x00, 0x00, 0x00, 0x00, 0x00, 0x00, 0x00,
  0x00, 0x00, 0x00, 0x00, 0x00, 0x00, 0x00, 0x00, 0x00, 0x00, 0x00, 0x00,
  0x00, 0x00, 0x00, 0x00, 0x00, 0x00, 0x00, 0x00, 0x00, 0x00, 0x00, 0x00,
  0x00, 0x00, 0x00, 0x00, 0x00, 0x00, 0x00, 0x00, 0x00, 0x00, 0x00, 0x00,
  0x00, 0x00, 0x00, 0x00, 0x00, 0x00, 0x00, 0x00, 0x00, 0x00, 0x00, 0x00,
  0xcf, 0xc2, 0xbc, 0x50, 0xcf, 0xc3, 0xba, 0xfa, 0xcf, 0xc3, 0xba, 0xfa,
  0xcf, 0xc3, 0xba, 0xfa, 0xcf, 0xc3, 0xba, 0xfa, 0xcf, 0xc3, 0xba, 0xfa,
  0xcf, 0xc3, 0xba, 0xfa, 0xcf, 0xc3, 0xba, 0xfa, 0xcf, 0xc3, 0xba, 0xfa,
  0xcf, 0xc3, 0xba, 0xfa, 0xcf, 0xc3, 0xba, 0xfa, 0xcf, 0xc3, 0xba, 0xfa,
  0xcf, 0xc3, 0xba, 0xfa, 0xcf, 0xc3, 0xba, 0xfa, 0xcf, 0xc3, 0xba, 0xfa,
  0xcf, 0xc3, 0xba, 0xfa, 0xcf, 0xc3, 0xba, 0xfa, 0xcf, 0xc3, 0xba, 0xfa,
  0xcf, 0xc3, 0xba, 0xfa, 0xcf, 0xc3, 0xba, 0xfa, 0xcf, 0xc3, 0xba, 0xfa,
  0xcf, 0xc3, 0xba, 0xfa, 0xcf, 0xc3, 0xba, 0xfa, 0xcf, 0xc3, 0xba, 0xfa,
  0xcf, 0xc3, 0xba, 0xfa, 0xcf, 0xc3, 0xba, 0xfa, 0xcf, 0xc3, 0xba, 0xfa,
  0xcf, 0xc3, 0xba, 0xfa, 0xcf, 0xc3, 0xba, 0xfa, 0xcf, 0xc5, 0xbb, 0x4f,
  0x00, 0x00, 0x00, 0x00, 0x00, 0x00, 0x00, 0x00, 0x00, 0x00, 0x00, 0x00,
  0x00, 0x00, 0x00, 0x00, 0x00, 0x00, 0x00, 0x00, 0x00, 0x00, 0x00, 0x00,
  0x00, 0x00, 0x00, 0x00, 0x00, 0x00, 0x00, 0x00, 0x00, 0x00, 0x00, 0x00,
  0x00, 0x00, 0x00, 0x00, 0x00, 0x00, 0x00, 0x00, 0x00, 0x00, 0x00, 0x00,
  0x00, 0x00, 0x00, 0x00, 0x00, 0x00, 0x00, 0x00, 0x00, 0x00, 0x00, 0x00,
  0x00, 0x00, 0x00, 0x00, 0x00, 0x00, 0x00, 0x00, 0x00, 0x00, 0x00, 0x00,
  0x00, 0x00, 0x00, 0x00, 0x00, 0x00, 0x00, 0x00, 0x00, 0x00, 0x00, 0x00,
  0x00, 0x00, 0x00, 0x00, 0x00, 0x00, 0x00, 0x00, 0x00, 0x00, 0x00, 0x00,
  0x00, 0x00, 0x00, 0x00, 0x00, 0x00, 0x00, 0x00, 0x00, 0x00, 0x00, 0x00,
  0x00, 0x00, 0x00, 0x00, 0x00, 0x00, 0x00, 0x00, 0x00, 0x00, 0x00, 0x00,
  0xce, 0xc2, 0xba, 0x3f, 0xcf, 0xc3, 0xba, 0xfa, 0xcf, 0xc3, 0xba, 0xfa,
  0xcf, 0xc3, 0xba, 0xfa, 0xcf, 0xc3, 0xba, 0xfa, 0xcf, 0xc3, 0xba, 0xfa,
  0xcf, 0xc3, 0xba, 0xfa, 0xcf, 0xc3, 0xba, 0xfa, 0xcf, 0xc3, 0xba, 0xfa,
  0xcf, 0xc3, 0xba, 0xfa, 0xcf, 0xc3, 0xba, 0xfa, 0xcf, 0xc3, 0xba, 0xfa,
  0xcf, 0xc3, 0xba, 0xfa, 0xcf, 0xc3, 0xba, 0xfa, 0xcf, 0xc3, 0xba, 0xfa,
  0xcf, 0xc3, 0xba, 0xfa, 0xcf, 0xc3, 0xba, 0xfa, 0xcf, 0xc3, 0xba, 0xfa,
  0xcf, 0xc3, 0xba, 0xfa, 0xcf, 0xc3, 0xba, 0xfa, 0xcf, 0xc3, 0xba, 0xfa,
  0xcf, 0xc3, 0xba, 0xfa, 0xcf, 0xc3, 0xba, 0xfa, 0xcf, 0xc3, 0xba, 0xfa,
  0xcf, 0xc3, 0xba, 0xfa, 0xcf, 0xc3, 0xba, 0xfa, 0xcf, 0xc3, 0xba, 0xfa,
  0xcf, 0xc3, 0xba, 0xfa, 0xcf, 0xc3, 0xba, 0xfa, 0xce, 0xc1, 0xb9, 0x3e,
  0x00, 0x00, 0x00, 0x00, 0x00, 0x00, 0x00, 0x00, 0x00, 0x00, 0x00, 0x00,
  0x00, 0x00, 0x00, 0x00, 0x00, 0x00, 0x00, 0x00, 0x00, 0x00, 0x00, 0x00,
  0x00, 0x00, 0x00, 0x00, 0x00, 0x00, 0x00, 0x00, 0x00, 0x00, 0x00, 0x00,
  0x00, 0x00, 0x00, 0x00, 0x00, 0x00, 0x00, 0x00, 0x00, 0x00, 0x00, 0x00,
  0x00, 0x00, 0x00, 0x00, 0x00, 0x00, 0x00, 0x00, 0x00, 0x00, 0x00, 0x00,
  0x00, 0x00, 0x00, 0x00, 0x00, 0x00, 0x00, 0x00, 0x00, 0x00, 0x00, 0x00,
  0x00, 0x00, 0x00, 0x00, 0x00, 0x00, 0x00, 0x00, 0x00, 0x00, 0x00, 0x00,
  0x00, 0x00, 0x00, 0x00, 0x00, 0x00, 0x00, 0x00, 0x00, 0x00, 0x00, 0x00,
  0x00, 0x00, 0x00, 0x00, 0x00, 0x00, 0x00, 0x00, 0x00, 0x00, 0x00, 0x00,
  0x00, 0x00, 0x00, 0x00, 0x00, 0x00, 0x00, 0x00, 0x00, 0x00, 0x00, 0x00,
  0xd2, 0xc1, 0xbb, 0x2d, 0xcf, 0xc3, 0xba, 0xfa, 0xcf, 0xc3, 0xba, 0xfa,
  0xcf, 0xc3, 0xba, 0xfa, 0xcf, 0xc3, 0xba, 0xfa, 0xcf, 0xc3, 0xba, 0xfa,
  0xcf, 0xc3, 0xba, 0xfa, 0xcf, 0xc3, 0xba, 0xfa, 0xcf, 0xc3, 0xba, 0xfa,
  0xcf, 0xc3, 0xba, 0xfa, 0xcf, 0xc3, 0xba, 0xfa, 0xcf, 0xc3, 0xba, 0xfa,
  0xcf, 0xc3, 0xba, 0xfa, 0xcf, 0xc3, 0xba, 0xfa, 0xcf, 0xc3, 0xba, 0xfa,
  0xcf, 0xc3, 0xba, 0xfa, 0xcf, 0xc3, 0xba, 0xfa, 0xcf, 0xc3, 0xba, 0xfa,
  0xcf, 0xc3, 0xba, 0xfa, 0xcf, 0xc3, 0xba, 0xfa, 0xcf, 0xc3, 0xba, 0xfa,
  0xcf, 0xc3, 0xba, 0xfa, 0xcf, 0xc3, 0xba, 0xfa, 0xcf, 0xc3, 0xba, 0xfa,
  0xcf, 0xc3, 0xba, 0xfa, 0xcf, 0xc3, 0xba, 0xfa, 0xcf, 0xc3, 0xba, 0xfa,
  0xcf, 0xc3, 0xba, 0xfa, 0xcf, 0xc3, 0xba, 0xfa, 0xd1, 0xc5, 0xb9, 0x2c,
  0x00, 0x00, 0x00, 0x00, 0x00, 0x00, 0x00, 0x00, 0x00, 0x00, 0x00, 0x00,
  0x00, 0x00, 0x00, 0x00, 0x00, 0x00, 0x00, 0x00, 0x00, 0x00, 0x00, 0x00,
  0x00, 0x00, 0x00, 0x00, 0x00, 0x00, 0x00, 0x00, 0x00, 0x00, 0x00, 0x00,
  0x00, 0x00, 0x00, 0x00, 0x00, 0x00, 0x00, 0x00, 0x00, 0x00, 0x00, 0x00,
  0x00, 0x00, 0x00, 0x00, 0x00, 0x00, 0x00, 0x00, 0x00, 0x00, 0x00, 0x00,
  0x00, 0x00, 0x00, 0x00, 0x00, 0x00, 0x00, 0x00, 0x00, 0x00, 0x00, 0x00,
  0x00, 0x00, 0x00, 0x00, 0x00, 0x00, 0x00, 0x00, 0x00, 0x00, 0x00, 0x00,
  0x00, 0x00, 0x00, 0x00, 0x00, 0x00, 0x00, 0x00, 0x00, 0x00, 0x00, 0x00,
  0x00, 0x00, 0x00, 0x00, 0x00, 0x00, 0x00, 0x00, 0x00, 0x00, 0x00, 0x00,
  0x00, 0x00, 0x00, 0x00, 0x00, 0x00, 0x00, 0x00, 0x00, 0x00, 0x00, 0x00,
  0xce, 0xc4, 0xba, 0x1a, 0xcf, 0xc3, 0xba, 0xfa, 0xcf, 0xc3, 0xba, 0xfa,
  0xcf, 0xc3, 0xba, 0xfa, 0xcf, 0xc3, 0xba, 0xfa, 0xcf, 0xc3, 0xba, 0xfa,
  0xcf, 0xc3, 0xba, 0xfa, 0xcf, 0xc3, 0xba, 0xfa, 0xcf, 0xc3, 0xba, 0xfa,
  0xcf, 0xc3, 0xba, 0xfa, 0xcf, 0xc3, 0xba, 0xfa, 0xcf, 0xc3, 0xba, 0xfa,
  0xcf, 0xc3, 0xba, 0xfa, 0xcf, 0xc3, 0xba, 0xfa, 0xcf, 0xc3, 0xba, 0xfa,
  0xcf, 0xc3, 0xba, 0xfa, 0xcf, 0xc3, 0xba, 0xfa, 0xcf, 0xc3, 0xba, 0xfa,
  0xcf, 0xc3, 0xba, 0xfa, 0xcf, 0xc3, 0xba, 0xfa, 0xcf, 0xc3, 0xba, 0xfa,
  0xcf, 0xc3, 0xba, 0xfa, 0xcf, 0xc3, 0xba, 0xfa, 0xcf, 0xc3, 0xba, 0xfa,
  0xcf, 0xc3, 0xba, 0xfa, 0xcf, 0xc3, 0xba, 0xfa, 0xcf, 0xc3, 0xba, 0xfa,
  0xcf, 0xc3, 0xba, 0xfa, 0xcf, 0xc3, 0xba, 0xfa, 0xd6, 0xc2, 0xc2, 0x19,
  0x00, 0x00, 0x00, 0x00, 0x00, 0x00, 0x00, 0x00, 0x00, 0x00, 0x00, 0x00,
  0x00, 0x00, 0x00, 0x00, 0x00, 0x00, 0x00, 0x00, 0x00, 0x00, 0x00, 0x00,
  0x00, 0x00, 0x00, 0x00, 0x00, 0x00, 0x00, 0x00, 0x00, 0x00, 0x00, 0x00,
  0x00, 0x00, 0x00, 0x00, 0x00, 0x00, 0x00, 0x00, 0x00, 0x00, 0x00, 0x00,
  0x00, 0x00, 0x00, 0x00, 0x00, 0x00, 0x00, 0x00, 0x00, 0x00, 0x00, 0x00,
  0x00, 0x00, 0x00, 0x00, 0x00, 0x00, 0x00, 0x00, 0x00, 0x00, 0x00, 0x00,
  0x00, 0x00, 0x00, 0x00, 0x00, 0x00, 0x00, 0x00, 0x00, 0x00, 0x00, 0x00,
  0x00, 0x00, 0x00, 0x00, 0x00, 0x00, 0x00, 0x00, 0x00, 0x00, 0x00, 0x00,
  0x00, 0x00, 0x00, 0x00, 0x00, 0x00, 0x00, 0x00, 0x00, 0x00, 0x00, 0x00,
  0x00, 0x00, 0x00, 0x00, 0x00, 0x00, 0x00, 0x00, 0x00, 0x00, 0x00, 0x00,
  0xbf, 0xbf, 0xbf, 0x08, 0xcf, 0xc3, 0xba, 0xfa, 0xcf, 0xc3, 0xba, 0xfa,
  0xcf, 0xc3, 0xba, 0xfa, 0xcf, 0xc3, 0xba, 0xfa, 0xcf, 0xc3, 0xba, 0xfa,
  0xcf, 0xc3, 0xba, 0xfa, 0xcf, 0xc3, 0xba, 0xfa, 0xcf, 0xc3, 0xba, 0xfa,
  0xcf, 0xc3, 0xba, 0xfa, 0xcf, 0xc3, 0xba, 0xfa, 0xcf, 0xc3, 0xba, 0xfa,
  0xcf, 0xc3, 0xba, 0xfa, 0xcf, 0xc3, 0xba, 0xfa, 0xcf, 0xc3, 0xba, 0xfa,
  0xcf, 0xc3, 0xba, 0xfa, 0xcf, 0xc3, 0xba, 0xfa, 0xcf, 0xc3, 0xba, 0xfa,
  0xcf, 0xc3, 0xba, 0xfa, 0xcf, 0xc3, 0xba, 0xfa, 0xcf, 0xc3, 0xba, 0xfa,
  0xcf, 0xc3, 0xba, 0xfa, 0xcf, 0xc3, 0xba, 0xfa, 0xcf, 0xc3, 0xba, 0xfa,
  0xcf, 0xc3, 0xba, 0xfa, 0xcf, 0xc3, 0xba, 0xfa, 0xcf, 0xc3, 0xba, 0xfa,
  0xcf, 0xc3, 0xba, 0xfa, 0xcf, 0xc3, 0xba, 0xfa, 0xbf, 0xbf, 0xbf, 0x08,
  0x00, 0x00, 0x00, 0x00, 0x00, 0x00, 0x00, 0x00, 0x00, 0x00, 0x00, 0x00,
  0x00, 0x00, 0x00, 0x00, 0x00, 0x00, 0x00, 0x00, 0x00, 0x00, 0x00, 0x00,
  0x00, 0x00, 0x00, 0x00, 0x00, 0x00, 0x00, 0x00, 0x00, 0x00, 0x00, 0x00,
  0x00, 0x00, 0x00, 0x00, 0x00, 0x00, 0x00, 0x00, 0x00, 0x00, 0x00, 0x00,
  0x00, 0x00, 0x00, 0x00, 0x00, 0x00, 0x00, 0x00, 0x00, 0x00, 0x00, 0x00,
  0x00, 0x00, 0x00, 0x00, 0x00, 0x00, 0x00, 0x00, 0x00, 0x00, 0x00, 0x00,
  0x00, 0x00, 0x00, 0x00, 0x00, 0x00, 0x00, 0x00, 0x00, 0x00, 0x00, 0x00,
  0x00, 0x00, 0x00, 0x00, 0x00, 0x00, 0x00, 0x00, 0x00, 0x00, 0x00, 0x00,
  0x00, 0x00, 0x00, 0x00, 0x00, 0x00, 0x00, 0x00, 0x00, 0x00, 0x00, 0x00,
  0x00, 0x00, 0x00, 0x00, 0x00, 0x00, 0x00, 0x00, 0x00, 0x00, 0x00, 0x00,
  0x00, 0x00, 0x00, 0x00, 0xcf, 0xc3, 0xba, 0xf1, 0xcf, 0xc3, 0xba, 0xfa,
  0xcf, 0xc3, 0xba, 0xfa, 0xcf, 0xc3, 0xba, 0xfa, 0xcf, 0xc3, 0xba, 0xfa,
  0xcf, 0xc3, 0xba, 0xfa, 0xcf, 0xc3, 0xba, 0xfa, 0xcf, 0xc3, 0xba, 0xfa,
  0xcf, 0xc3, 0xba, 0xfa, 0xcf, 0xc3, 0xba, 0xfa, 0xcf, 0xc3, 0xba, 0xfa,
  0xcf, 0xc3, 0xba, 0xfa, 0xcf, 0xc3, 0xba, 0xfa, 0xcf, 0xc3, 0xba, 0xfa,
  0xcf, 0xc3, 0xba, 0xfa, 0xcf, 0xc3, 0xba, 0xfa, 0xcf, 0xc3, 0xba, 0xfa,
  0xcf, 0xc3, 0xba, 0xfa, 0xcf, 0xc3, 0xba, 0xfa, 0xcf, 0xc3, 0xba, 0xfa,
  0xcf, 0xc3, 0xba, 0xfa, 0xcf, 0xc3, 0xba, 0xfa, 0xcf, 0xc3, 0xba, 0xfa,
  0xcf, 0xc3, 0xba, 0xfa, 0xcf, 0xc3, 0xba, 0xfa, 0xcf, 0xc3, 0xba, 0xfa,
  0xcf, 0xc3, 0xba, 0xfa, 0xcf, 0xc4, 0xba, 0xf0, 0x00, 0x00, 0x00, 0x00,
  0x00, 0x00, 0x00, 0x00, 0x00, 0x00, 0x00, 0x00, 0x00, 0x00, 0x00, 0x00,
  0x00, 0x00, 0x00, 0x00, 0x00, 0x00, 0x00, 0x00, 0x00, 0x00, 0x00, 0x00,
  0x00, 0x00, 0x00, 0x00, 0x00, 0x00, 0x00, 0x00, 0x00, 0x00, 0x00, 0x00,
  0x00, 0x00, 0x00, 0x00, 0x00, 0x00, 0x00, 0x00, 0x00, 0x00, 0x00, 0x00,
  0x00, 0x00, 0x00, 0x00, 0x00, 0x00, 0x00, 0x00, 0x00, 0x00, 0x00, 0x00,
  0x00, 0x00, 0x00, 0x00, 0x00, 0x00, 0x00, 0x00, 0x00, 0x00, 0x00, 0x00,
  0x00, 0x00, 0x00, 0x00, 0x00, 0x00, 0x00, 0x00, 0x00, 0x00, 0x00, 0x00,
  0x00, 0x00, 0x00, 0x00, 0x00, 0x00, 0x00, 0x00, 0x00, 0x00, 0x00, 0x00,
  0x00, 0x00, 0x00, 0x00, 0x00, 0x00, 0x00, 0x00, 0x00, 0x00, 0x00, 0x00,
  0x00, 0x00, 0x00, 0x00, 0x00, 0x00, 0x00, 0x00, 0x00, 0x00, 0x00, 0x00,
  0x00, 0x00, 0x00, 0x00, 0xcf, 0xc3, 0xba, 0xe0, 0xcf, 0xc3, 0xba, 0xfa,
  0xcf, 0xc3, 0xba, 0xfa, 0xcf, 0xc3, 0xba, 0xfa, 0xcf, 0xc3, 0xba, 0xfa,
  0xcf, 0xc3, 0xba, 0xfa, 0xcf, 0xc3, 0xba, 0xfa, 0xcf, 0xc3, 0xba, 0xfa,
  0xcf, 0xc3, 0xba, 0xfa, 0xcf, 0xc3, 0xba, 0xfa, 0xcf, 0xc3, 0xba, 0xfa,
  0xcf, 0xc3, 0xba, 0xfa, 0xcf, 0xc3, 0xba, 0xfa, 0xcf, 0xc3, 0xba, 0xfa,
  0xcf, 0xc3, 0xba, 0xfa, 0xcf, 0xc3, 0xba, 0xfa, 0xcf, 0xc3, 0xba, 0xfa,
  0xcf, 0xc3, 0xba, 0xfa, 0xcf, 0xc3, 0xba, 0xfa, 0xcf, 0xc3, 0xba, 0xfa,
  0xcf, 0xc3, 0xba, 0xfa, 0xcf, 0xc3, 0xba, 0xfa, 0xcf, 0xc3, 0xba, 0xfa,
  0xcf, 0xc3, 0xba, 0xfa, 0xcf, 0xc3, 0xba, 0xfa, 0xcf, 0xc3, 0xba, 0xfa,
  0xcf, 0xc3, 0xba, 0xfa, 0xcf, 0xc2, 0xb9, 0xdf, 0x00, 0x00, 0x00, 0x00,
  0x00, 0x00, 0x00, 0x00, 0x00, 0x00, 0x00, 0x00, 0x00, 0x00, 0x00, 0x00,
  0x00, 0x00, 0x00, 0x00, 0x00, 0x00, 0x00, 0x00, 0x00, 0x00, 0x00, 0x00,
  0x00, 0x00, 0x00, 0x00, 0x00, 0x00, 0x00, 0x00, 0x00, 0x00, 0x00, 0x00,
  0x00, 0x00, 0x00, 0x00, 0x00, 0x00, 0x00, 0x00, 0x00, 0x00, 0x00, 0x00,
  0x00, 0x00, 0x00, 0x00, 0x00, 0x00, 0x00, 0x00, 0x00, 0x00, 0x00, 0x00,
  0x00, 0x00, 0x00, 0x00, 0x00, 0x00, 0x00, 0x00, 0x00, 0x00, 0x00, 0x00,
  0x00, 0x00, 0x00, 0x00, 0x00, 0x00, 0x00, 0x00, 0x00, 0x00, 0x00, 0x00,
  0x00, 0x00, 0x00, 0x00, 0x00, 0x00, 0x00, 0x00, 0x00, 0x00, 0x00, 0x00,
  0x00, 0x00, 0x00, 0x00, 0x00, 0x00, 0x00, 0x00, 0x00, 0x00, 0x00, 0x00,
  0x00, 0x00, 0x00, 0x00, 0x00, 0x00, 0x00, 0x00, 0x00, 0x00, 0x00, 0x00,
  0x00, 0x00, 0x00, 0x00, 0xce, 0xc3, 0xb9, 0xcd, 0xcf, 0xc3, 0xba, 0xfa,
  0xcf, 0xc3, 0xba, 0xfa, 0xcf, 0xc3, 0xba, 0xfa, 0xcf, 0xc3, 0xba, 0xfa,
  0xcf, 0xc3, 0xba, 0xfa, 0xcf, 0xc3, 0xba, 0xfa, 0xcf, 0xc3, 0xba, 0xfa,
  0xcf, 0xc3, 0xba, 0xfa, 0xcf, 0xc3, 0xba, 0xfa, 0xcf, 0xc3, 0xba, 0xfa,
  0xcf, 0xc3, 0xba, 0xfa, 0xcf, 0xc3, 0xba, 0xfa, 0xcf, 0xc3, 0xba, 0xfa,
  0xcf, 0xc3, 0xba, 0xfa, 0xcf, 0xc3, 0xba, 0xfa, 0xcf, 0xc3, 0xba, 0xfa,
  0xcf, 0xc3, 0xba, 0xfa, 0xcf, 0xc3, 0xba, 0xfa, 0xcf, 0xc3, 0xba, 0xfa,
  0xcf, 0xc3, 0xba, 0xfa, 0xcf, 0xc3, 0xba, 0xfa, 0xcf, 0xc3, 0xba, 0xfa,
  0xcf, 0xc3, 0xba, 0xfa, 0xcf, 0xc3, 0xba, 0xfa, 0xcf, 0xc3, 0xba, 0xfa,
  0xcf, 0xc3, 0xba, 0xfa, 0xd0, 0xc3, 0xb9, 0xcc, 0x00, 0x00, 0x00, 0x00,
  0x00, 0x00, 0x00, 0x00, 0x00, 0x00, 0x00, 0x00, 0x00, 0x00, 0x00, 0x00,
  0x00, 0x00, 0x00, 0x00, 0x00, 0x00, 0x00, 0x00, 0x00, 0x00, 0x00, 0x00,
  0x00, 0x00, 0x00, 0x00, 0x00, 0x00, 0x00, 0x00, 0x00, 0x00, 0x00, 0x00,
  0x00, 0x00, 0x00, 0x00, 0x00, 0x00, 0x00, 0x00, 0x00, 0x00, 0x00, 0x00,
  0x00, 0x00, 0x00, 0x00, 0x00, 0x00, 0x00, 0x00, 0x00, 0x00, 0x00, 0x00,
  0x00, 0x00, 0x00, 0x00, 0x00, 0x00, 0x00, 0x00, 0x00, 0x00, 0x00, 0x00,
  0x00, 0x00, 0x00, 0x00, 0x00, 0x00, 0x00, 0x00, 0x00, 0x00, 0x00, 0x00,
  0x00, 0x00, 0x00, 0x00, 0x00, 0x00, 0x00, 0x00, 0x00, 0x00, 0x00, 0x00,
  0x00, 0x00, 0x00, 0x00, 0x00, 0x00, 0x00, 0x00, 0x00, 0x00, 0x00, 0x00,
  0x00, 0x00, 0x00, 0x00, 0x00, 0x00, 0x00, 0x00, 0x00, 0x00, 0x00, 0x00,
  0x00, 0x00, 0x00, 0x00, 0xcf, 0xc3, 0xb9, 0xbb, 0xcf, 0xc3, 0xba, 0xfa,
  0xcf, 0xc3, 0xba, 0xfa, 0xcf, 0xc3, 0xba, 0xfa, 0xcf, 0xc3, 0xba, 0xfa,
  0xcf, 0xc3, 0xba, 0xfa, 0xcf, 0xc3, 0xba, 0xfa, 0xcf, 0xc3, 0xba, 0xfa,
  0xcf, 0xc3, 0xba, 0xfa, 0xcf, 0xc3, 0xba, 0xfa, 0xcf, 0xc3, 0xba, 0xfa,
  0xcf, 0xc3, 0xba, 0xfa, 0xcf, 0xc3, 0xba, 0xfa, 0xcf, 0xc3, 0xba, 0xfa,
  0xcf, 0xc3, 0xba, 0xfa, 0xcf, 0xc3, 0xba, 0xfa, 0xcf, 0xc3, 0xba, 0xfa,
  0xcf, 0xc3, 0xba, 0xfa, 0xcf, 0xc3, 0xba, 0xfa, 0xcf, 0xc3, 0xba, 0xfa,
  0xcf, 0xc3, 0xba, 0xfa, 0xcf, 0xc3, 0xba, 0xfa, 0xcf, 0xc3, 0xba, 0xfa,
  0xcf, 0xc3, 0xba, 0xfa, 0xcf, 0xc3, 0xba, 0xfa, 0xcf, 0xc3, 0xba, 0xfa,
  0xcf, 0xc3, 0xba, 0xfa, 0xcf, 0xc3, 0xba, 0xba, 0x00, 0x00, 0x00, 0x00,
  0x00, 0x00, 0x00, 0x00, 0x00, 0x00, 0x00, 0x00, 0x00, 0x00, 0x00, 0x00,
  0x00, 0x00, 0x00, 0x00, 0x00, 0x00, 0x00, 0x00, 0x00, 0x00, 0x00, 0x00,
  0x00, 0x00, 0x00, 0x00, 0x00, 0x00, 0x00, 0x00, 0x00, 0x00, 0x00, 0x00,
  0x00, 0x00, 0x00, 0x00, 0x00, 0x00, 0x00, 0x00, 0x00, 0x00, 0x00, 0x00,
  0x00, 0x00, 0x00, 0x00, 0x00, 0x00, 0x00, 0x00, 0x00, 0x00, 0x00, 0x00,
  0x00, 0x00, 0x00, 0x00, 0x00, 0x00, 0x00, 0x00, 0x00, 0x00, 0x00, 0x00,
  0x00, 0x00, 0x00, 0x00, 0x00, 0x00, 0x00, 0x00, 0x00, 0x00, 0x00, 0x00,
  0x00, 0x00, 0x00, 0x00, 0x00, 0x00, 0x00, 0x00, 0x00, 0x00, 0x00, 0x00,
  0x00, 0x00, 0x00, 0x00, 0x00, 0x00, 0x00, 0x00, 0x00, 0x00, 0x00, 0x00,
  0x00, 0x00, 0x00, 0x00, 0x00, 0x00, 0x00, 0x00, 0x00, 0x00, 0x00, 0x00,
  0x00, 0x00, 0x00, 0x00, 0xcf, 0xc3, 0xb9, 0xaa, 0xcf, 0xc3, 0xba, 0xfa,
  0xcf, 0xc3, 0xba, 0xfa, 0xcf, 0xc3, 0xba, 0xfa, 0xcf, 0xc3, 0xba, 0xfa,
  0xcf, 0xc3, 0xba, 0xfa, 0xcf, 0xc3, 0xba, 0xfa, 0xcf, 0xc3, 0xba, 0xfa,
  0xcf, 0xc3, 0xba, 0xfa, 0xcf, 0xc3, 0xba, 0xfa, 0xcf, 0xc3, 0xba, 0xfa,
  0xcf, 0xc3, 0xba, 0xfa, 0xcf, 0xc3, 0xba, 0xfa, 0xcf, 0xc3, 0xba, 0xfa,
  0xcf, 0xc3, 0xba, 0xfa, 0xcf, 0xc3, 0xba, 0xfa, 0xcf, 0xc3, 0xba, 0xfa,
  0xcf, 0xc3, 0xba, 0xfa, 0xcf, 0xc3, 0xba, 0xfa, 0xcf, 0xc3, 0xba, 0xfa,
  0xcf, 0xc3, 0xba, 0xfa, 0xcf, 0xc3, 0xba, 0xfa, 0xcf, 0xc3, 0xba, 0xfa,
  0xcf, 0xc3, 0xba, 0xfa, 0xcf, 0xc3, 0xba, 0xfa, 0xcf, 0xc3, 0xba, 0xfa,
  0xcf, 0xc3, 0xba, 0xfa, 0xcf, 0xc3, 0xba, 0xa9, 0x00, 0x00, 0x00, 0x00,
  0x00, 0x00, 0x00, 0x00, 0x00, 0x00, 0x00, 0x00, 0x00, 0x00, 0x00, 0x00,
  0x00, 0x00, 0x00, 0x00, 0x00, 0x00, 0x00, 0x00, 0x00, 0x00, 0x00, 0x00,
  0x00, 0x00, 0x00, 0x00, 0x00, 0x00, 0x00, 0x00, 0x00, 0x00, 0x00, 0x00,
  0x00, 0x00, 0x00, 0x00, 0x00, 0x00, 0x00, 0x00, 0x00, 0x00, 0x00, 0x00,
  0x00, 0x00, 0x00, 0x00, 0x00, 0x00, 0x00, 0x00, 0x00, 0x00, 0x00, 0x00,
  0x00, 0x00, 0x00, 0x00, 0x00, 0x00, 0x00, 0x00, 0x00, 0x00, 0x00, 0x00,
  0x00, 0x00, 0x00, 0x00, 0x00, 0x00, 0x00, 0x00, 0x00, 0x00, 0x00, 0x00,
  0x00, 0x00, 0x00, 0x00, 0x00, 0x00, 0x00, 0x00, 0x00, 0x00, 0x00, 0x00,
  0x00, 0x00, 0x00, 0x00, 0x00, 0x00, 0x00, 0x00, 0x00, 0x00, 0x00, 0x00,
  0x00, 0x00, 0x00, 0x00, 0x00, 0x00, 0x00, 0x00, 0x00, 0x00, 0x00, 0x00,
  0x00, 0x00, 0x00, 0x00, 0xce, 0xc3, 0xba, 0x98, 0xcf, 0xc3, 0xba, 0xfa,
  0xcf, 0xc3, 0xba, 0xfa, 0xcf, 0xc3, 0xba, 0xfa, 0xcf, 0xc3, 0xba, 0xfa,
  0xcf, 0xc3, 0xba, 0xfa, 0xcf, 0xc3, 0xba, 0xfa, 0xcf, 0xc3, 0xba, 0xfa,
  0xcf, 0xc3, 0xba, 0xfa, 0xcf, 0xc3, 0xba, 0xfa, 0xcf, 0xc3, 0xba, 0xfa,
  0xcf, 0xc3, 0xba, 0xfa, 0xcf, 0xc3, 0xba, 0xfa, 0xcf, 0xc3, 0xba, 0xfa,
  0xcf, 0xc3, 0xba, 0xfa, 0xcf, 0xc3, 0xba, 0xfa, 0xcf, 0xc3, 0xba, 0xfa,
  0xcf, 0xc3, 0xba, 0xfa, 0xcf, 0xc3, 0xba, 0xfa, 0xcf, 0xc3, 0xba, 0xfa,
  0xcf, 0xc3, 0xba, 0xfa, 0xcf, 0xc3, 0xba, 0xfa, 0xcf, 0xc3, 0xba, 0xfa,
  0xcf, 0xc3, 0xba, 0xfa, 0xcf, 0xc3, 0xba, 0xfa, 0xcf, 0xc3, 0xba, 0xfa,
  0xcf, 0xc3, 0xba, 0xfa, 0xd0, 0xc2, 0xba, 0x97, 0x00, 0x00, 0x00, 0x00,
  0x00, 0x00, 0x00, 0x00, 0x00, 0x00, 0x00, 0x00, 0x00, 0x00, 0x00, 0x00,
  0x00, 0x00, 0x00, 0x00, 0x00, 0x00, 0x00, 0x00, 0x00, 0x00, 0x00, 0x00,
  0x00, 0x00, 0x00, 0x00, 0x00, 0x00, 0x00, 0x00, 0x00, 0x00, 0x00, 0x00,
  0x00, 0x00, 0x00, 0x00, 0x00, 0x00, 0x00, 0x00, 0x00, 0x00, 0x00, 0x00,
  0x00, 0x00, 0x00, 0x00, 0x00, 0x00, 0x00, 0x00, 0x00, 0x00, 0x00, 0x00,
  0x00, 0x00, 0x00, 0x00, 0x00, 0x00, 0x00, 0x00, 0x00, 0x00, 0x00, 0x00,
  0x00, 0x00, 0x00, 0x00, 0x00, 0x00, 0x00, 0x00, 0x00, 0x00, 0x00, 0x00,
  0x00, 0x00, 0x00, 0x00, 0x00, 0x00, 0x00, 0x00, 0x00, 0x00, 0x00, 0x00,
  0x00, 0x00, 0x00, 0x00, 0x00, 0x00, 0x00, 0x00, 0x00, 0x00, 0x00, 0x00,
  0x00, 0x00, 0x00, 0x00, 0x00, 0x00, 0x00, 0x00, 0x00, 0x00, 0x00, 0x00,
  0x00, 0x00, 0x00, 0x00, 0xcf, 0xc4, 0xba, 0x85, 0xcf, 0xc3, 0xba, 0xfa,
  0xcf, 0xc3, 0xba, 0xfa, 0xcf, 0xc3, 0xba, 0xfa, 0xcf, 0xc3, 0xba, 0xfa,
  0xcf, 0xc3, 0xba, 0xfa, 0xcf, 0xc3, 0xba, 0xfa, 0xcf, 0xc3, 0xba, 0xfa,
  0xcf, 0xc3, 0xba, 0xfa, 0xcf, 0xc3, 0xba, 0xfa, 0xcf, 0xc3, 0xba, 0xfa,
  0xcf, 0xc3, 0xba, 0xfa, 0xcf, 0xc3, 0xba, 0xfa, 0xcf, 0xc3, 0xba, 0xfa,
  0xcf, 0xc3, 0xba, 0xfa, 0xcf, 0xc3, 0xba, 0xfa, 0xcf, 0xc3, 0xba, 0xfa,
  0xcf, 0xc3, 0xba, 0xfa, 0xcf, 0xc3, 0xba, 0xfa, 0xcf, 0xc3, 0xba, 0xfa,
  0xcf, 0xc3, 0xba, 0xfa, 0xcf, 0xc3, 0xba, 0xfa, 0xcf, 0xc3, 0xba, 0xfa,
  0xcf, 0xc3, 0xba, 0xfa, 0xcf, 0xc3, 0xba, 0xfa, 0xcf, 0xc3, 0xba, 0xfa,
  0xcf, 0xc3, 0xba, 0xfa, 0xcf, 0xc3, 0xb9, 0x84, 0x00, 0x00, 0x00, 0x00,
  0x00, 0x00, 0x00, 0x00, 0x00, 0x00, 0x00, 0x00, 0x00, 0x00, 0x00, 0x00,
  0x00, 0x00, 0x00, 0x00, 0x00, 0x00, 0x00, 0x00, 0x00, 0x00, 0x00, 0x00,
  0x00, 0x00, 0x00, 0x00, 0x00, 0x00, 0x00, 0x00, 0x00, 0x00, 0x00, 0x00,
  0x00, 0x00, 0x00, 0x00, 0x00, 0x00, 0x00, 0x00, 0x00, 0x00, 0x00, 0x00,
  0x00, 0x00, 0x00, 0x00, 0x00, 0x00, 0x00, 0x00, 0x00, 0x00, 0x00, 0x00,
  0x00, 0x00, 0x00, 0x00, 0x00, 0x00, 0x00, 0x00, 0x00, 0x00, 0x00, 0x00,
  0x00, 0x00, 0x00, 0x00, 0x00, 0x00, 0x00, 0x00, 0x00, 0x00, 0x00, 0x00,
  0x00, 0x00, 0x00, 0x00, 0x00, 0x00, 0x00, 0x00, 0x00, 0x00, 0x00, 0x00,
  0x00, 0x00, 0x00, 0x00, 0x00, 0x00, 0x00, 0x00, 0x00, 0x00, 0x00, 0x00,
  0x00, 0x00, 0x00, 0x00, 0x00, 0x00, 0x00, 0x00, 0x00, 0x00, 0x00, 0x00,
  0x00, 0x00, 0x00, 0x00, 0xcf, 0xc2, 0xb9, 0x75, 0xcf, 0xc3, 0xba, 0xfa,
  0xcf, 0xc3, 0xba, 0xfa, 0xcf, 0xc3, 0xba, 0xfa, 0xcf, 0xc3, 0xba, 0xfa,
  0xcf, 0xc3, 0xba, 0xfa, 0xcf, 0xc3, 0xba, 0xfa, 0xcf, 0xc3, 0xba, 0xfa,
  0xcf, 0xc3, 0xba, 0xfa, 0xcf, 0xc3, 0xba, 0xfa, 0xcf, 0xc3, 0xba, 0xfa,
  0xcf, 0xc3, 0xba, 0xfa, 0xcf, 0xc3, 0xba, 0xfa, 0xcf, 0xc3, 0xba, 0xfa,
  0xcf, 0xc3, 0xba, 0xfa, 0xcf, 0xc3, 0xba, 0xfa, 0xcf, 0xc3, 0xba, 0xfa,
  0xcf, 0xc3, 0xba, 0xfa, 0xcf, 0xc3, 0xba, 0xfa, 0xcf, 0xc3, 0xba, 0xfa,
  0xcf, 0xc3, 0xba, 0xfa, 0xcf, 0xc3, 0xba, 0xfa, 0xcf, 0xc3, 0xba, 0xfa,
  0xcf, 0xc3, 0xba, 0xfa, 0xcf, 0xc3, 0xba, 0xfa, 0xcf, 0xc3, 0xba, 0xfa,
  0xcf, 0xc3, 0xba, 0xfa, 0xcf, 0xc1, 0xb9, 0x74, 0x00, 0x00, 0x00, 0x00,
  0x00, 0x00, 0x00, 0x00, 0x00, 0x00, 0x00, 0x00, 0x00, 0x00, 0x00, 0x00,
  0x00, 0x00, 0x00, 0x00, 0x00, 0x00, 0x00, 0x00, 0x00, 0x00, 0x00, 0x00,
  0x00, 0x00, 0x00, 0x00, 0x00, 0x00, 0x00, 0x00, 0x00, 0x00, 0x00, 0x00,
  0x00, 0x00, 0x00, 0x00, 0x00, 0x00, 0x00, 0x00, 0x00, 0x00, 0x00, 0x00,
  0x00, 0x00, 0x00, 0x00, 0x00, 0x00, 0x00, 0x00, 0x00, 0x00, 0x00, 0x00,
  0x00, 0x00, 0x00, 0x00, 0x00, 0x00, 0x00, 0x00, 0x00, 0x00, 0x00, 0x00,
  0x00, 0x00, 0x00, 0x00, 0x00, 0x00, 0x00, 0x00, 0x00, 0x00, 0x00, 0x00,
  0x00, 0x00, 0x00, 0x00, 0x00, 0x00, 0x00, 0x00, 0x00, 0x00, 0x00, 0x00,
  0x00, 0x00, 0x00, 0x00, 0x00, 0x00, 0x00, 0x00, 0x00, 0x00, 0x00, 0x00,
  0x00, 0x00, 0x00, 0x00, 0x00, 0x00, 0x00, 0x00, 0x00, 0x00, 0x00, 0x00,
  0x00, 0x00, 0x00, 0x00, 0xd0, 0xc3, 0xb9, 0x62, 0xcf, 0xc3, 0xba, 0xfa,
  0xcf, 0xc3, 0xba, 0xfa, 0xcf, 0xc3, 0xba, 0xfa, 0xcf, 0xc3, 0xba, 0xfa,
  0xcf, 0xc3, 0xba, 0xfa, 0xcf, 0xc3, 0xba, 0xfa, 0xcf, 0xc3, 0xba, 0xfa,
  0xcf, 0xc3, 0xba, 0xfa, 0xcf, 0xc3, 0xba, 0xfa, 0xcf, 0xc3, 0xba, 0xfa,
  0xcf, 0xc3, 0xba, 0xfa, 0xcf, 0xc3, 0xba, 0xfa, 0xcf, 0xc3, 0xba, 0xfa,
  0xcf, 0xc3, 0xba, 0xfa, 0xcf, 0xc3, 0xba, 0xfa, 0xcf, 0xc3, 0xba, 0xfa,
  0xcf, 0xc3, 0xba, 0xfa, 0xcf, 0xc3, 0xba, 0xfa, 0xcf, 0xc3, 0xba, 0xfa,
  0xcf, 0xc3, 0xba, 0xfa, 0xcf, 0xc3, 0xba, 0xfa, 0xcf, 0xc3, 0xba, 0xfa,
  0xcf, 0xc3, 0xba, 0xfa, 0xcf, 0xc3, 0xba, 0xfa, 0xcf, 0xc3, 0xba, 0xfa,
  0xcf, 0xc3, 0xba, 0xfa, 0xd0, 0xc3, 0xbb, 0x61, 0x00, 0x00, 0x00, 0x00,
  0x00, 0x00, 0x00, 0x00, 0x00, 0x00, 0x00, 0x00, 0x00, 0x00, 0x00, 0x00,
  0x00, 0x00, 0x00, 0x00, 0x00, 0x00, 0x00, 0x00, 0x00, 0x00, 0x00, 0x00,
  0x00, 0x00, 0x00, 0x00, 0x00, 0x00, 0x00, 0x00, 0x00, 0x00, 0x00, 0x00,
  0x00, 0x00, 0x00, 0x00, 0x00, 0x00, 0x00, 0x00, 0x00, 0x00, 0x00, 0x00,
  0x00, 0x00, 0x00, 0x00, 0x00, 0x00, 0x00, 0x00, 0x00, 0x00, 0x00, 0x00,
  0x00, 0x00, 0x00, 0x00, 0x00, 0x00, 0x00, 0x00, 0x00, 0x00, 0x00, 0x00,
  0x00, 0x00, 0x00, 0x00, 0x00, 0x00, 0x00, 0x00, 0x00, 0x00, 0x00, 0x00,
  0x00, 0x00, 0x00, 0x00, 0x00, 0x00, 0x00, 0x00, 0x00, 0x00, 0x00, 0x00,
  0x00, 0x00, 0x00, 0x00, 0x00, 0x00, 0x00, 0x00, 0x00, 0x00, 0x00, 0x00,
  0x00, 0x00, 0x00, 0x00, 0x00, 0x00, 0x00, 0x00, 0x00, 0x00, 0x00, 0x00,
  0x00, 0x00, 0x00, 0x00, 0xcf, 0xc2, 0xbc, 0x50, 0xcf, 0xc3, 0xba, 0xfa,
  0xcf, 0xc3, 0xba, 0xfa, 0xcf, 0xc3, 0xba, 0xfa, 0xcf, 0xc3, 0xba, 0xfa,
  0xcf, 0xc3, 0xba, 0xfa, 0xcf, 0xc3, 0xba, 0xfa, 0xcf, 0xc3, 0xba, 0xfa,
  0xcf, 0xc3, 0xba, 0xfa, 0xcf, 0xc3, 0xba, 0xfa, 0xcf, 0xc3, 0xba, 0xfa,
  0xcf, 0xc3, 0xba, 0xfa, 0xcf, 0xc3, 0xba, 0xfa, 0xcf, 0xc3, 0xba, 0xfa,
  0xcf, 0xc3, 0xba, 0xfa, 0xcf, 0xc3, 0xba, 0xfa, 0xcf, 0xc3, 0xba, 0xfa,
  0xcf, 0xc3, 0xba, 0xfa, 0xcf, 0xc3, 0xba, 0xfa, 0xcf, 0xc3, 0xba, 0xfa,
  0xcf, 0xc3, 0xba, 0xfa, 0xcf, 0xc3, 0xba, 0xfa, 0xcf, 0xc3, 0xba, 0xfa,
  0xcf, 0xc3, 0xba, 0xfa, 0xcf, 0xc3, 0xba, 0xfa, 0xcf, 0xc3, 0xba, 0xfa,
  0xcf, 0xc3, 0xba, 0xfa, 0xcf, 0xc5, 0xbb, 0x4f, 0x00, 0x00, 0x00, 0x00,
  0x00, 0x00, 0x00, 0x00, 0x00, 0x00, 0x00, 0x00, 0x00, 0x00, 0x00, 0x00,
  0x00, 0x00, 0x00, 0x00, 0x00, 0x00, 0x00, 0x00, 0x00, 0x00, 0x00, 0x00,
  0x00, 0x00, 0x00, 0x00, 0x00, 0x00, 0x00, 0x00, 0x00, 0x00, 0x00, 0x00,
  0x00, 0x00, 0x00, 0x00, 0x00, 0x00, 0x00, 0x00, 0x00, 0x00, 0x00, 0x00,
  0x00, 0x00, 0x00, 0x00, 0x00, 0x00, 0x00, 0x00, 0x00, 0x00, 0x00, 0x00,
  0x00, 0x00, 0x00, 0x00, 0x00, 0x00, 0x00, 0x00, 0x00, 0x00, 0x00, 0x00,
  0x00, 0x00, 0x00, 0x00, 0x00, 0x00, 0x00, 0x00, 0x00, 0x00, 0x00, 0x00,
  0x00, 0x00, 0x00, 0x00, 0x00, 0x00, 0x00, 0x00, 0x00, 0x00, 0x00, 0x00,
  0x00, 0x00, 0x00, 0x00, 0x00, 0x00, 0x00, 0x00, 0x00, 0x00, 0x00, 0x00,
  0x00, 0x00, 0x00, 0x00, 0x00, 0x00, 0x00, 0x00, 0x00, 0x00, 0x00, 0x00,
  0x00, 0x00, 0x00, 0x00, 0xce, 0xc2, 0xba, 0x3f, 0xcf, 0xc3, 0xba, 0xfa,
  0xcf, 0xc3, 0xba, 0xfa, 0xcf, 0xc3, 0xba, 0xfa, 0xcf, 0xc3, 0xba, 0xfa,
  0xcf, 0xc3, 0xba, 0xfa, 0xcf, 0xc3, 0xba, 0xfa, 0xcf, 0xc3, 0xba, 0xfa,
  0xcf, 0xc3, 0xba, 0xfa, 0xcf, 0xc3, 0xba, 0xfa, 0xcf, 0xc3, 0xba, 0xfa,
  0xcf, 0xc3, 0xba, 0xfa, 0xcf, 0xc3, 0xba, 0xfa, 0xcf, 0xc3, 0xba, 0xfa,
  0xcf, 0xc3, 0xba, 0xfa, 0xcf, 0xc3, 0xba, 0xfa, 0xcf, 0xc3, 0xba, 0xfa,
  0xcf, 0xc3, 0xba, 0xfa, 0xcf, 0xc3, 0xba, 0xfa, 0xcf, 0xc3, 0xba, 0xfa,
  0xcf, 0xc3, 0xba, 0xfa, 0xcf, 0xc3, 0xba, 0xfa, 0xcf, 0xc3, 0xba, 0xfa,
  0xcf, 0xc3, 0xba, 0xfa, 0xcf, 0xc3, 0xba, 0xfa, 0xcf, 0xc3, 0xba, 0xfa,
  0xcf, 0xc3, 0xba, 0xfa, 0xce, 0xc1, 0xb9, 0x3e, 0x00, 0x00, 0x00, 0x00,
  0x00, 0x00, 0x00, 0x00, 0x00, 0x00, 0x00, 0x00, 0x00, 0x00, 0x00, 0x00,
  0x00, 0x00, 0x00, 0x00, 0x00, 0x00, 0x00, 0x00, 0x00, 0x00, 0x00, 0x00,
  0x00, 0x00, 0x00, 0x00, 0x00, 0x00, 0x00, 0x00, 0x00, 0x00, 0x00, 0x00,
  0x00, 0x00, 0x00, 0x00, 0x00, 0x00, 0x00, 0x00, 0x00, 0x00, 0x00, 0x00,
  0x00, 0x00, 0x00, 0x00, 0x00, 0x00, 0x00, 0x00, 0x00, 0x00, 0x00, 0x00,
  0x00, 0x00, 0x00, 0x00, 0x00, 0x00, 0x00, 0x00, 0x00, 0x00, 0x00, 0x00,
  0x00, 0x00, 0x00, 0x00, 0x00, 0x00, 0x00, 0x00, 0x00, 0x00, 0x00, 0x00,
  0x00, 0x00, 0x00, 0x00, 0x00, 0x00, 0x00, 0x00, 0x00, 0x00, 0x00, 0x00,
  0x00, 0x00, 0x00, 0x00, 0x00, 0x00, 0x00, 0x00, 0x00, 0x00, 0x00, 0x00,
  0x00, 0x00, 0x00, 0x00, 0x00, 0x00, 0x00, 0x00, 0x00, 0x00, 0x00, 0x00,
  0x00, 0x00, 0x00, 0x00, 0xd2, 0xc1, 0xbb, 0x2d, 0xcf, 0xc3, 0xba, 0xfa,
  0xcf, 0xc3, 0xba, 0xfa, 0xcf, 0xc3, 0xba, 0xfa, 0xcf, 0xc3, 0xba, 0xfa,
  0xcf, 0xc3, 0xba, 0xfa, 0xcf, 0xc3, 0xba, 0xfa, 0xcf, 0xc3, 0xba, 0xfa,
  0xcf, 0xc3, 0xba, 0xfa, 0xcf, 0xc3, 0xba, 0xfa, 0xcf, 0xc3, 0xba, 0xfa,
  0xcf, 0xc3, 0xba, 0xfa, 0xcf, 0xc3, 0xba, 0xfa, 0xcf, 0xc3, 0xba, 0xfa,
  0xcf, 0xc3, 0xba, 0xfa, 0xcf, 0xc3, 0xba, 0xfa, 0xcf, 0xc3, 0xba, 0xfa,
  0xcf, 0xc3, 0xba, 0xfa, 0xcf, 0xc3, 0xba, 0xfa, 0xcf, 0xc3, 0xba, 0xfa,
  0xcf, 0xc3, 0xba, 0xfa, 0xcf, 0xc3, 0xba, 0xfa, 0xcf, 0xc3, 0xba, 0xfa,
  0xcf, 0xc3, 0xba, 0xfa, 0xcf, 0xc3, 0xba, 0xfa, 0xcf, 0xc3, 0xba, 0xfa,
  0xcf, 0xc3, 0xba, 0xfa, 0xd1, 0xc5, 0xb9, 0x2c, 0x00, 0x00, 0x00, 0x00,
  0x00, 0x00, 0x00, 0x00, 0x00, 0x00, 0x00, 0x00, 0x00, 0x00, 0x00, 0x00,
  0x00, 0x00, 0x00, 0x00, 0x00, 0x00, 0x00, 0x00, 0x00, 0x00, 0x00, 0x00,
  0x00, 0x00, 0x00, 0x00, 0x00, 0x00, 0x00, 0x00, 0x00, 0x00, 0x00, 0x00,
  0x00, 0x00, 0x00, 0x00, 0x00, 0x00, 0x00, 0x00, 0x00, 0x00, 0x00, 0x00,
  0x00, 0x00, 0x00, 0x00, 0x00, 0x00, 0x00, 0x00, 0x00, 0x00, 0x00, 0x00,
  0x00, 0x00, 0x00, 0x00, 0x00, 0x00, 0x00, 0x00, 0x00, 0x00, 0x00, 0x00,
  0x00, 0x00, 0x00, 0x00, 0x00, 0x00, 0x00, 0x00, 0x00, 0x00, 0x00, 0x00,
  0x00, 0x00, 0x00, 0x00, 0x00, 0x00, 0x00, 0x00, 0x00, 0x00, 0x00, 0x00,
  0x00, 0x00, 0x00, 0x00, 0x00, 0x00, 0x00, 0x00, 0x00, 0x00, 0x00, 0x00,
  0x00, 0x00, 0x00, 0x00, 0x00, 0x00, 0x00, 0x00, 0x00, 0x00, 0x00, 0x00,
  0x00, 0x00, 0x00, 0x00, 0xce, 0xc4, 0xba, 0x1a, 0xcf, 0xc3, 0xba, 0xfa,
  0xcf, 0xc3, 0xba, 0xfa, 0xcf, 0xc3, 0xba, 0xfa, 0xcf, 0xc3, 0xba, 0xfa,
  0xcf, 0xc3, 0xba, 0xfa, 0xcf, 0xc3, 0xba, 0xfa, 0xcf, 0xc3, 0xba, 0xfa,
  0xcf, 0xc3, 0xba, 0xfa, 0xcf, 0xc3, 0xba, 0xfa, 0xcf, 0xc3, 0xba, 0xfa,
  0xcf, 0xc3, 0xba, 0xfa, 0xcf, 0xc3, 0xba, 0xfa, 0xcf, 0xc3, 0xba, 0xfa,
  0xcf, 0xc3, 0xba, 0xfa, 0xcf, 0xc3, 0xba, 0xfa, 0xcf, 0xc3, 0xba, 0xfa,
  0xcf, 0xc3, 0xba, 0xfa, 0xcf, 0xc3, 0xba, 0xfa, 0xcf, 0xc3, 0xba, 0xfa,
  0xcf, 0xc3, 0xba, 0xfa, 0xcf, 0xc3, 0xba, 0xfa, 0xcf, 0xc3, 0xba, 0xfa,
  0xcf, 0xc3, 0xba, 0xfa, 0xcf, 0xc3, 0xba, 0xfa, 0xcf, 0xc3, 0xba, 0xfa,
  0xcf, 0xc3, 0xba, 0xfa, 0xd6, 0xc2, 0xc2, 0x19, 0x00, 0x00, 0x00, 0x00,
  0x00, 0x00, 0x00, 0x00, 0x00, 0x00, 0x00, 0x00, 0x00, 0x00, 0x00, 0x00,
  0x00, 0x00, 0x00, 0x00, 0x00, 0x00, 0x00, 0x00, 0x00, 0x00, 0x00, 0x00,
  0x00, 0x00, 0x00, 0x00, 0x00, 0x00, 0x00, 0x00, 0x00, 0x00, 0x00, 0x00,
  0x00, 0x00, 0x00, 0x00, 0x00, 0x00, 0x00, 0x00, 0x00, 0x00, 0x00, 0x00,
  0x00, 0x00, 0x00, 0x00, 0x00, 0x00, 0x00, 0x00, 0x00, 0x00, 0x00, 0x00,
  0x00, 0x00, 0x00, 0x00, 0x00, 0x00, 0x00, 0x00, 0x00, 0x00, 0x00, 0x00,
  0x00, 0x00, 0x00, 0x00, 0x00, 0x00, 0x00, 0x00, 0x00, 0x00, 0x00, 0x00,
  0x00, 0x00, 0x00, 0x00, 0x00, 0x00, 0x00, 0x00, 0x00, 0x00, 0x00, 0x00,
  0x00, 0x00, 0x00, 0x00, 0x00, 0x00, 0x00, 0x00, 0x00, 0x00, 0x00, 0x00,
  0x00, 0x00, 0x00, 0x00, 0x00, 0x00, 0x00, 0x00, 0x00, 0x00, 0x00, 0x00,
  0x00, 0x00, 0x00, 0x00, 0xbf, 0xbf, 0xbf, 0x08, 0xcf, 0xc3, 0xba, 0xfa,
  0xcf, 0xc3, 0xba, 0xfa, 0xcf, 0xc3, 0xba, 0xfa, 0xcf, 0xc3, 0xba, 0xfa,
  0xcf, 0xc3, 0xba, 0xfa, 0xcf, 0xc3, 0xba, 0xfa, 0xcf, 0xc3, 0xba, 0xfa,
  0xcf, 0xc3, 0xba, 0xfa, 0xcf, 0xc3, 0xba, 0xfa, 0xcf, 0xc3, 0xba, 0xfa,
  0xcf, 0xc3, 0xba, 0xfa, 0xcf, 0xc3, 0xba, 0xfa, 0xcf, 0xc3, 0xba, 0xfa,
  0xcf, 0xc3, 0xba, 0xfa, 0xcf, 0xc3, 0xba, 0xfa, 0xcf, 0xc3, 0xba, 0xfa,
  0xcf, 0xc3, 0xba, 0xfa, 0xcf, 0xc3, 0xba, 0xfa, 0xcf, 0xc3, 0xba, 0xfa,
  0xcf, 0xc3, 0xba, 0xfa, 0xcf, 0xc3, 0xba, 0xfa, 0xcf, 0xc3, 0xba, 0xfa,
  0xcf, 0xc3, 0xba, 0xfa, 0xcf, 0xc3, 0xba, 0xfa, 0xcf, 0xc3, 0xba, 0xfa,
  0xcf, 0xc3, 0xba, 0xfa, 0xbf, 0xbf, 0xbf, 0x08, 0x00, 0x00, 0x00, 0x00,
  0x00, 0x00, 0x00, 0x00, 0x00, 0x00, 0x00, 0x00, 0x00, 0x00, 0x00, 0x00,
  0x00, 0x00, 0x00, 0x00, 0x00, 0x00, 0x00, 0x00, 0x00, 0x00, 0x00, 0x00,
  0x00, 0x00, 0x00, 0x00, 0x00, 0x00, 0x00, 0x00, 0x00, 0x00, 0x00, 0x00,
  0x00, 0x00, 0x00, 0x00, 0x00, 0x00, 0x00, 0x00, 0x00, 0x00, 0x00, 0x00,
  0x00, 0x00, 0x00, 0x00, 0x00, 0x00, 0x00, 0x00, 0x00, 0x00, 0x00, 0x00,
  0x00, 0x00, 0x00, 0x00, 0x00, 0x00, 0x00, 0x00, 0x00, 0x00, 0x00, 0x00,
  0x00, 0x00, 0x00, 0x00, 0x00, 0x00, 0x00, 0x00, 0x00, 0x00, 0x00, 0x00,
  0x00, 0x00, 0x00, 0x00, 0x00, 0x00, 0x00, 0x00, 0x00, 0x00, 0x00, 0x00,
  0x00, 0x00, 0x00, 0x00, 0x00, 0x00, 0x00, 0x00, 0x00, 0x00, 0x00, 0x00,
  0x00, 0x00, 0x00, 0x00, 0x00, 0x00, 0x00, 0x00, 0x00, 0x00, 0x00, 0x00,
  0x00, 0x00, 0x00, 0x00, 0x00, 0x00, 0x00, 0x00, 0xcf, 0xc3, 0xba, 0xf1,
  0xcf, 0xc3, 0xba, 0xfa, 0xcf, 0xc3, 0xba, 0xfa, 0xcf, 0xc3, 0xba, 0xfa,
  0xcf, 0xc3, 0xba, 0xfa, 0xcf, 0xc3, 0xba, 0xfa, 0xcf, 0xc3, 0xba, 0xfa,
  0xcf, 0xc3, 0xba, 0xfa, 0xcf, 0xc3, 0xba, 0xfa, 0xcf, 0xc3, 0xba, 0xfa,
  0xcf, 0xc3, 0xba, 0xfa, 0xcf, 0xc3, 0xba, 0xfa, 0xcf, 0xc3, 0xba, 0xfa,
  0xcf, 0xc3, 0xba, 0xfa, 0xcf, 0xc3, 0xba, 0xfa, 0xcf, 0xc3, 0xba, 0xfa,
  0xcf, 0xc3, 0xba, 0xfa, 0xcf, 0xc3, 0xba, 0xfa, 0xcf, 0xc3, 0xba, 0xfa,
  0xcf, 0xc3, 0xba, 0xfa, 0xcf, 0xc3, 0xba, 0xfa, 0xcf, 0xc3, 0xba, 0xfa,
  0xcf, 0xc3, 0xba, 0xfa, 0xcf, 0xc3, 0xba, 0xfa, 0xcf, 0xc3, 0xba, 0xfa,
  0xcf, 0xc4, 0xba, 0xf0, 0x00, 0x00, 0x00, 0x00, 0x00, 0x00, 0x00, 0x00,
  0x00, 0x00, 0x00, 0x00, 0x00, 0x00, 0x00, 0x00, 0x00, 0x00, 0x00, 0x00,
  0x00, 0x00, 0x00, 0x00, 0x00, 0x00, 0x00, 0x00, 0x00, 0x00, 0x00, 0x00,
  0x00, 0x00, 0x00, 0x00, 0x00, 0x00, 0x00, 0x00, 0x00, 0x00, 0x00, 0x00,
  0x00, 0x00, 0x00, 0x00, 0x00, 0x00, 0x00, 0x00, 0x00, 0x00, 0x00, 0x00,
  0x00, 0x00, 0x00, 0x00, 0x00, 0x00, 0x00, 0x00, 0x00, 0x00, 0x00, 0x00,
  0x00, 0x00, 0x00, 0x00, 0x00, 0x00, 0x00, 0x00, 0x00, 0x00, 0x00, 0x00,
  0x00, 0x00, 0x00, 0x00, 0x00, 0x00, 0x00, 0x00, 0x00, 0x00, 0x00, 0x00,
  0x00, 0x00, 0x00, 0x00, 0x00, 0x00, 0x00, 0x00, 0x00, 0x00, 0x00, 0x00,
  0x00, 0x00, 0x00, 0x00, 0x00, 0x00, 0x00, 0x00, 0x00, 0x00, 0x00, 0x00,
  0x00, 0x00, 0x00, 0x00, 0x00, 0x00, 0x00, 0x00, 0x00, 0x00, 0x00, 0x00,
  0x00, 0x00, 0x00, 0x00, 0x00, 0x00, 0x00, 0x00, 0xcf, 0xc3, 0xba, 0xe0,
  0xcf, 0xc3, 0xba, 0xfa, 0xcf, 0xc3, 0xba, 0xfa, 0xcf, 0xc3, 0xba, 0xfa,
  0xcf, 0xc3, 0xba, 0xfa, 0xcf, 0xc3, 0xba, 0xfa, 0xcf, 0xc3, 0xba, 0xfa,
  0xcf, 0xc3, 0xba, 0xfa, 0xcf, 0xc3, 0xba, 0xfa, 0xcf, 0xc3, 0xba, 0xfa,
  0xcf, 0xc3, 0xba, 0xfa, 0xcf, 0xc3, 0xba, 0xfa, 0xcf, 0xc3, 0xba, 0xfa,
  0xcf, 0xc3, 0xba, 0xfa, 0xcf, 0xc3, 0xba, 0xfa, 0xcf, 0xc3, 0xba, 0xfa,
  0xcf, 0xc3, 0xba, 0xfa, 0xcf, 0xc3, 0xba, 0xfa, 0xcf, 0xc3, 0xba, 0xfa,
  0xcf, 0xc3, 0xba, 0xfa, 0xcf, 0xc3, 0xba, 0xfa, 0xcf, 0xc3, 0xba, 0xfa,
  0xcf, 0xc3, 0xba, 0xfa, 0xcf, 0xc3, 0xba, 0xfa, 0xcf, 0xc3, 0xba, 0xfa,
  0xcf, 0xc2, 0xb9, 0xdf, 0x00, 0x00, 0x00, 0x00, 0x00, 0x00, 0x00, 0x00,
  0x00, 0x00, 0x00, 0x00, 0x00, 0x00, 0x00, 0x00, 0x00, 0x00, 0x00, 0x00,
  0x00, 0x00, 0x00, 0x00, 0x00, 0x00, 0x00, 0x00, 0x00, 0x00, 0x00, 0x00,
  0x00, 0x00, 0x00, 0x00, 0x00, 0x00, 0x00, 0x00, 0x00, 0x00, 0x00, 0x00,
  0x00, 0x00, 0x00, 0x00, 0x00, 0x00, 0x00, 0x00, 0x00, 0x00, 0x00, 0x00,
  0x00, 0x00, 0x00, 0x00, 0x00, 0x00, 0x00, 0x00, 0x00, 0x00, 0x00, 0x00,
  0x00, 0x00, 0x00, 0x00, 0x00, 0x00, 0x00, 0x00, 0x00, 0x00, 0x00, 0x00,
  0x00, 0x00, 0x00, 0x00, 0x00, 0x00, 0x00, 0x00, 0x00, 0x00, 0x00, 0x00,
  0x00, 0x00, 0x00, 0x00, 0x00, 0x00, 0x00, 0x00, 0x00, 0x00, 0x00, 0x00,
  0x00, 0x00, 0x00, 0x00, 0x00, 0x00, 0x00, 0x00, 0x00, 0x00, 0x00, 0x00,
  0x00, 0x00, 0x00, 0x00, 0x00, 0x00, 0x00, 0x00, 0x00, 0x00, 0x00, 0x00,
  0x00, 0x00, 0x00, 0x00, 0x00, 0x00, 0x00, 0x00, 0xce, 0xc3, 0xb9, 0xcd,
  0xcf, 0xc3, 0xba, 0xfa, 0xcf, 0xc3, 0xba, 0xfa, 0xcf, 0xc3, 0xba, 0xfa,
  0xcf, 0xc3, 0xba, 0xfa, 0xcf, 0xc3, 0xba, 0xfa, 0xcf, 0xc3, 0xba, 0xfa,
  0xcf, 0xc3, 0xba, 0xfa, 0xcf, 0xc3, 0xba, 0xfa, 0xcf, 0xc3, 0xba, 0xfa,
  0xcf, 0xc3, 0xba, 0xfa, 0xcf, 0xc3, 0xba, 0xfa, 0xcf, 0xc3, 0xba, 0xfa,
  0xcf, 0xc3, 0xba, 0xfa, 0xcf, 0xc3, 0xba, 0xfa, 0xcf, 0xc3, 0xba, 0xfa,
  0xcf, 0xc3, 0xba, 0xfa, 0xcf, 0xc3, 0xba, 0xfa, 0xcf, 0xc3, 0xba, 0xfa,
  0xcf, 0xc3, 0xba, 0xfa, 0xcf, 0xc3, 0xba, 0xfa, 0xcf, 0xc3, 0xba, 0xfa,
  0xcf, 0xc3, 0xba, 0xfa, 0xcf, 0xc3, 0xba, 0xfa, 0xcf, 0xc3, 0xba, 0xfa,
  0xd0, 0xc3, 0xb9, 0xcc, 0x00, 0x00, 0x00, 0x00, 0x00, 0x00, 0x00, 0x00,
  0x00, 0x00, 0x00, 0x00, 0x00, 0x00, 0x00, 0x00, 0x00, 0x00, 0x00, 0x00,
  0x00, 0x00, 0x00, 0x00, 0x00, 0x00, 0x00, 0x00, 0x00, 0x00, 0x00, 0x00,
  0x00, 0x00, 0x00, 0x00, 0x00, 0x00, 0x00, 0x00, 0x00, 0x00, 0x00, 0x00,
  0x00, 0x00, 0x00, 0x00, 0x00, 0x00, 0x00, 0x00, 0x00, 0x00, 0x00, 0x00,
  0x00, 0x00, 0x00, 0x00, 0x00, 0x00, 0x00, 0x00, 0x00, 0x00, 0x00, 0x00,
  0x00, 0x00, 0x00, 0x00, 0x00, 0x00, 0x00, 0x00, 0x00, 0x00, 0x00, 0x00,
  0x00, 0x00, 0x00, 0x00, 0x00, 0x00, 0x00, 0x00, 0x00, 0x00, 0x00, 0x00,
  0x00, 0x00, 0x00, 0x00, 0x00, 0x00, 0x00, 0x00, 0x00, 0x00, 0x00, 0x00,
  0x00, 0x00, 0x00, 0x00, 0x00, 0x00, 0x00, 0x00, 0x00, 0x00, 0x00, 0x00,
  0x00, 0x00, 0x00, 0x00, 0x00, 0x00, 0x00, 0x00, 0x00, 0x00, 0x00, 0x00,
  0x00, 0x00, 0x00, 0x00, 0x00, 0x00, 0x00, 0x00, 0xcf, 0xc3, 0xb9, 0xbb,
  0xcf, 0xc3, 0xba, 0xfa, 0xcf, 0xc3, 0xba, 0xfa, 0xcf, 0xc3, 0xba, 0xfa,
  0xcf, 0xc3, 0xba, 0xfa, 0xcf, 0xc3, 0xba, 0xfa, 0xcf, 0xc3, 0xba, 0xfa,
  0xcf, 0xc3, 0xba, 0xfa, 0xcf, 0xc3, 0xba, 0xfa, 0xcf, 0xc3, 0xba, 0xfa,
  0xcf, 0xc3, 0xba, 0xfa, 0xcf, 0xc3, 0xba, 0xfa, 0xcf, 0xc3, 0xba, 0xfa,
  0xcf, 0xc3, 0xba, 0xfa, 0xcf, 0xc3, 0xba, 0xfa, 0xcf, 0xc3, 0xba, 0xfa,
  0xcf, 0xc3, 0xba, 0xfa, 0xcf, 0xc3, 0xba, 0xfa, 0xcf, 0xc3, 0xba, 0xfa,
  0xcf, 0xc3, 0xba, 0xfa, 0xcf, 0xc3, 0xba, 0xfa, 0xcf, 0xc3, 0xba, 0xfa,
  0xcf, 0xc3, 0xba, 0xfa, 0xcf, 0xc3, 0xba, 0xfa, 0xcf, 0xc3, 0xba, 0xfa,
  0xcf, 0xc3, 0xba, 0xba, 0x00, 0x00, 0x00, 0x00, 0x00, 0x00, 0x00, 0x00,
  0x00, 0x00, 0x00, 0x00, 0x00, 0x00, 0x00, 0x00, 0x00, 0x00, 0x00, 0x00,
  0x00, 0x00, 0x00, 0x00, 0x00, 0x00, 0x00, 0x00, 0x00, 0x00, 0x00, 0x00,
  0x00, 0x00, 0x00, 0x00, 0x00, 0x00, 0x00, 0x00, 0x00, 0x00, 0x00, 0x00,
  0x00, 0x00, 0x00, 0x00, 0x00, 0x00, 0x00, 0x00, 0x00, 0x00, 0x00, 0x00,
  0x00, 0x00, 0x00, 0x00, 0x00, 0x00, 0x00, 0x00, 0x00, 0x00, 0x00, 0x00,
  0x00, 0x00, 0x00, 0x00, 0x00, 0x00, 0x00, 0x00, 0x00, 0x00, 0x00, 0x00,
  0x00, 0x00, 0x00, 0x00, 0x00, 0x00, 0x00, 0x00, 0x00, 0x00, 0x00, 0x00,
  0x00, 0x00, 0x00, 0x00, 0x00, 0x00, 0x00, 0x00, 0x00, 0x00, 0x00, 0x00,
  0x00, 0x00, 0x00, 0x00, 0x00, 0x00, 0x00, 0x00, 0x00, 0x00, 0x00, 0x00,
  0x00, 0x00, 0x00, 0x00, 0x00, 0x00, 0x00, 0x00, 0x00, 0x00, 0x00, 0x00,
  0x00, 0x00, 0x00, 0x00, 0x00, 0x00, 0x00, 0x00, 0xcf, 0xc3, 0xb9, 0xaa,
  0xcf, 0xc3, 0xba, 0xfa, 0xcf, 0xc3, 0xba, 0xfa, 0xcf, 0xc3, 0xba, 0xfa,
  0xcf, 0xc3, 0xba, 0xfa, 0xcf, 0xc3, 0xba, 0xfa, 0xcf, 0xc3, 0xba, 0xfa,
  0xcf, 0xc3, 0xba, 0xfa, 0xcf, 0xc3, 0xba, 0xfa, 0xcf, 0xc3, 0xba, 0xfa,
  0xcf, 0xc3, 0xba, 0xfa, 0xcf, 0xc3, 0xba, 0xfa, 0xcf, 0xc3, 0xba, 0xfa,
  0xcf, 0xc3, 0xba, 0xfa, 0xcf, 0xc3, 0xba, 0xfa, 0xcf, 0xc3, 0xba, 0xfa,
  0xcf, 0xc3, 0xba, 0xfa, 0xcf, 0xc3, 0xba, 0xfa, 0xcf, 0xc3, 0xba, 0xfa,
  0xcf, 0xc3, 0xba, 0xfa, 0xcf, 0xc3, 0xba, 0xfa, 0xcf, 0xc3, 0xba, 0xfa,
  0xcf, 0xc3, 0xba, 0xfa, 0xcf, 0xc3, 0xba, 0xfa, 0xcf, 0xc3, 0xba, 0xfa,
  0xcf, 0xc3, 0xba, 0xa9, 0x00, 0x00, 0x00, 0x00, 0x00, 0x00, 0x00, 0x00,
  0x00, 0x00, 0x00, 0x00, 0x00, 0x00, 0x00, 0x00, 0x00, 0x00, 0x00, 0x00,
  0x00, 0x00, 0x00, 0x00, 0x00, 0x00, 0x00, 0x00, 0x00, 0x00, 0x00, 0x00,
  0x00, 0x00, 0x00, 0x00, 0x00, 0x00, 0x00, 0x00, 0x00, 0x00, 0x00, 0x00,
  0x00, 0x00, 0x00, 0x00, 0x00, 0x00, 0x00, 0x00, 0x00, 0x00, 0x00, 0x00,
  0x00, 0x00, 0x00, 0x00, 0x00, 0x00, 0x00, 0x00, 0x00, 0x00, 0x00, 0x00,
  0x00, 0x00, 0x00, 0x00, 0x00, 0x00, 0x00, 0x00, 0x00, 0x00, 0x00, 0x00,
  0x00, 0x00, 0x00, 0x00, 0x00, 0x00, 0x00, 0x00, 0x00, 0x00, 0x00, 0x00,
  0x00, 0x00, 0x00, 0x00, 0x00, 0x00, 0x00, 0x00, 0x00, 0x00, 0x00, 0x00,
  0x00, 0x00, 0x00, 0x00, 0x00, 0x00, 0x00, 0x00, 0x00, 0x00, 0x00, 0x00,
  0x00, 0x00, 0x00, 0x00, 0x00, 0x00, 0x00, 0x00, 0x00, 0x00, 0x00, 0x00,
  0x00, 0x00, 0x00, 0x00, 0x00, 0x00, 0x00, 0x00, 0xce, 0xc3, 0xba, 0x98,
  0xcf, 0xc3, 0xba, 0xfa, 0xcf, 0xc3, 0xba, 0xfa, 0xcf, 0xc3, 0xba, 0xfa,
  0xcf, 0xc3, 0xba, 0xfa, 0xcf, 0xc3, 0xba, 0xfa, 0xcf, 0xc3, 0xba, 0xfa,
  0xcf, 0xc3, 0xba, 0xfa, 0xcf, 0xc3, 0xba, 0xfa, 0xcf, 0xc3, 0xba, 0xfa,
  0xcf, 0xc3, 0xba, 0xfa, 0xcf, 0xc3, 0xba, 0xfa, 0xcf, 0xc3, 0xba, 0xfa,
  0xcf, 0xc3, 0xba, 0xfa, 0xcf, 0xc3, 0xba, 0xfa, 0xcf, 0xc3, 0xba, 0xfa,
  0xcf, 0xc3, 0xba, 0xfa, 0xcf, 0xc3, 0xba, 0xfa, 0xcf, 0xc3, 0xba, 0xfa,
  0xcf, 0xc3, 0xba, 0xfa, 0xcf, 0xc3, 0xba, 0xfa, 0xcf, 0xc3, 0xba, 0xfa,
  0xcf, 0xc3, 0xba, 0xfa, 0xcf, 0xc3, 0xba, 0xfa, 0xcf, 0xc3, 0xba, 0xfa,
  0xd0, 0xc2, 0xba, 0x97, 0x00, 0x00, 0x00, 0x00, 0x00, 0x00, 0x00, 0x00,
  0x00, 0x00, 0x00, 0x00, 0x00, 0x00, 0x00, 0x00, 0x00, 0x00, 0x00, 0x00,
  0x00, 0x00, 0x00, 0x00, 0x00, 0x00, 0x00, 0x00, 0x00, 0x00, 0x00, 0x00,
  0x00, 0x00, 0x00, 0x00, 0x00, 0x00, 0x00, 0x00, 0x00, 0x00, 0x00, 0x00,
  0x00, 0x00, 0x00, 0x00, 0x00, 0x00, 0x00, 0x00, 0x00, 0x00, 0x00, 0x00,
  0x00, 0x00, 0x00, 0x00, 0x00, 0x00, 0x00, 0x00, 0x00, 0x00, 0x00, 0x00,
  0x00, 0x00, 0x00, 0x00, 0x00, 0x00, 0x00, 0x00, 0x00, 0x00, 0x00, 0x00,
  0x00, 0x00, 0x00, 0x00, 0x00, 0x00, 0x00, 0x00, 0x00, 0x00, 0x00, 0x00,
  0x00, 0x00, 0x00, 0x00, 0x00, 0x00, 0x00, 0x00, 0x00, 0x00, 0x00, 0x00,
  0x00, 0x00, 0x00, 0x00, 0x00, 0x00, 0x00, 0x00, 0x00, 0x00, 0x00, 0x00,
  0x00, 0x00, 0x00, 0x00, 0x00, 0x00, 0x00, 0x00, 0x00, 0x00, 0x00, 0x00,
  0x00, 0x00, 0x00, 0x00, 0x00, 0x00, 0x00, 0x00, 0xcf, 0xc4, 0xba, 0x85,
  0xcf, 0xc3, 0xba, 0xfa, 0xcf, 0xc3, 0xba, 0xfa, 0xcf, 0xc3, 0xba, 0xfa,
  0xcf, 0xc3, 0xba, 0xfa, 0xcf, 0xc3, 0xba, 0xfa, 0xcf, 0xc3, 0xba, 0xfa,
  0xcf, 0xc3, 0xba, 0xfa, 0xcf, 0xc3, 0xba, 0xfa, 0xcf, 0xc3, 0xba, 0xfa,
  0xcf, 0xc3, 0xba, 0xfa, 0xcf, 0xc3, 0xba, 0xfa, 0xcf, 0xc3, 0xba, 0xfa,
  0xcf, 0xc3, 0xba, 0xfa, 0xcf, 0xc3, 0xba, 0xfa, 0xcf, 0xc3, 0xba, 0xfa,
  0xcf, 0xc3, 0xba, 0xfa, 0xcf, 0xc3, 0xba, 0xfa, 0xcf, 0xc3, 0xba, 0xfa,
  0xcf, 0xc3, 0xba, 0xfa, 0xcf, 0xc3, 0xba, 0xfa, 0xcf, 0xc3, 0xba, 0xfa,
  0xcf, 0xc3, 0xba, 0xfa, 0xcf, 0xc3, 0xba, 0xfa, 0xcf, 0xc3, 0xba, 0xfa,
  0xcf, 0xc3, 0xb9, 0x84, 0x00, 0x00, 0x00, 0x00, 0x00, 0x00, 0x00, 0x00,
  0x00, 0x00, 0x00, 0x00, 0x00, 0x00, 0x00, 0x00, 0x00, 0x00, 0x00, 0x00,
  0x00, 0x00, 0x00, 0x00, 0x00, 0x00, 0x00, 0x00, 0x00, 0x00, 0x00, 0x00,
  0x00, 0x00, 0x00, 0x00, 0x00, 0x00, 0x00, 0x00, 0x00, 0x00, 0x00, 0x00,
  0x00, 0x00, 0x00, 0x00, 0x00, 0x00, 0x00, 0x00, 0x00, 0x00, 0x00, 0x00,
  0x00, 0x00, 0x00, 0x00, 0x00, 0x00, 0x00, 0x00, 0x00, 0x00, 0x00, 0x00,
  0x00, 0x00, 0x00, 0x00, 0x00, 0x00, 0x00, 0x00, 0x00, 0x00, 0x00, 0x00,
  0x00, 0x00, 0x00, 0x00, 0x00, 0x00, 0x00, 0x00, 0x00, 0x00, 0x00, 0x00,
  0x00, 0x00, 0x00, 0x00, 0x00, 0x00, 0x00, 0x00, 0x00, 0x00, 0x00, 0x00,
  0x00, 0x00, 0x00, 0x00, 0x00, 0x00, 0x00, 0x00, 0x00, 0x00, 0x00, 0x00,
  0x00, 0x00, 0x00, 0x00, 0x00, 0x00, 0x00, 0x00, 0x00, 0x00, 0x00, 0x00,
  0x00, 0x00, 0x00, 0x00, 0x00, 0x00, 0x00, 0x00, 0xcf, 0xc2, 0xb9, 0x75,
  0xcf, 0xc3, 0xba, 0xfa, 0xcf, 0xc3, 0xba, 0xfa, 0xcf, 0xc3, 0xba, 0xfa,
  0xcf, 0xc3, 0xba, 0xfa, 0xcf, 0xc3, 0xba, 0xfa, 0xcf, 0xc3, 0xba, 0xfa,
  0xcf, 0xc3, 0xba, 0xfa, 0xcf, 0xc3, 0xba, 0xfa, 0xcf, 0xc3, 0xba, 0xfa,
  0xcf, 0xc3, 0xba, 0xfa, 0xcf, 0xc3, 0xba, 0xfa, 0xcf, 0xc3, 0xba, 0xfa,
  0xcf, 0xc3, 0xba, 0xfa, 0xcf, 0xc3, 0xba, 0xfa, 0xcf, 0xc3, 0xba, 0xfa,
  0xcf, 0xc3, 0xba, 0xfa, 0xcf, 0xc3, 0xba, 0xfa, 0xcf, 0xc3, 0xba, 0xfa,
  0xcf, 0xc3, 0xba, 0xfa, 0xcf, 0xc3, 0xba, 0xfa, 0xcf, 0xc3, 0xba, 0xfa,
  0xcf, 0xc3, 0xba, 0xfa, 0xcf, 0xc3, 0xba, 0xfa, 0xcf, 0xc3, 0xba, 0xfa,
  0xcf, 0xc1, 0xb9, 0x74, 0x00, 0x00, 0x00, 0x00, 0x00, 0x00, 0x00, 0x00,
  0x00, 0x00, 0x00, 0x00, 0x00, 0x00, 0x00, 0x00, 0x00, 0x00, 0x00, 0x00,
  0x00, 0x00, 0x00, 0x00, 0x00, 0x00, 0x00, 0x00, 0x00, 0x00, 0x00, 0x00,
  0x00, 0x00, 0x00, 0x00, 0x00, 0x00, 0x00, 0x00, 0x00, 0x00, 0x00, 0x00,
  0x00, 0x00, 0x00, 0x00, 0x00, 0x00, 0x00, 0x00, 0x00, 0x00, 0x00, 0x00,
  0x00, 0x00, 0x00, 0x00, 0x00, 0x00, 0x00, 0x00, 0x00, 0x00, 0x00, 0x00,
  0x00, 0x00, 0x00, 0x00, 0x00, 0x00, 0x00, 0x00, 0x00, 0x00, 0x00, 0x00,
  0x00, 0x00, 0x00, 0x00, 0x00, 0x00, 0x00, 0x00, 0x00, 0x00, 0x00, 0x00,
  0x00, 0x00, 0x00, 0x00, 0x00, 0x00, 0x00, 0x00, 0x00, 0x00, 0x00, 0x00,
  0x00, 0x00, 0x00, 0x00, 0x00, 0x00, 0x00, 0x00, 0x00, 0x00, 0x00, 0x00,
  0x00, 0x00, 0x00, 0x00, 0x00, 0x00, 0x00, 0x00, 0x00, 0x00, 0x00, 0x00,
  0x00, 0x00, 0x00, 0x00, 0x00, 0x00, 0x00, 0x00, 0xd0, 0xc3, 0xb9, 0x62,
  0xcf, 0xc3, 0xba, 0xfa, 0xcf, 0xc3, 0xba, 0xfa, 0xcf, 0xc3, 0xba, 0xfa,
  0xcf, 0xc3, 0xba, 0xfa, 0xcf, 0xc3, 0xba, 0xfa, 0xcf, 0xc3, 0xba, 0xfa,
  0xcf, 0xc3, 0xba, 0xfa, 0xcf, 0xc3, 0xba, 0xfa, 0xcf, 0xc3, 0xba, 0xfa,
  0xcf, 0xc3, 0xba, 0xfa, 0xcf, 0xc3, 0xba, 0xfa, 0xcf, 0xc3, 0xba, 0xfa,
  0xcf, 0xc3, 0xba, 0xfa, 0xcf, 0xc3, 0xba, 0xfa, 0xcf, 0xc3, 0xba, 0xfa,
  0xcf, 0xc3, 0xba, 0xfa, 0xcf, 0xc3, 0xba, 0xfa, 0xcf, 0xc3, 0xba, 0xfa,
  0xcf, 0xc3, 0xba, 0xfa, 0xcf, 0xc3, 0xba, 0xfa, 0xcf, 0xc3, 0xba, 0xfa,
  0xcf, 0xc3, 0xba, 0xfa, 0xcf, 0xc3, 0xba, 0xfa, 0xcf, 0xc3, 0xba, 0xfa,
  0xd0, 0xc3, 0xbb, 0x61, 0x00, 0x00, 0x00, 0x00, 0x00, 0x00, 0x00, 0x00,
  0x00, 0x00, 0x00, 0x00, 0x00, 0x00, 0x00, 0x00, 0x00, 0x00, 0x00, 0x00,
  0x00, 0x00, 0x00, 0x00, 0x00, 0x00, 0x00, 0x00, 0x00, 0x00, 0x00, 0x00,
  0x00, 0x00, 0x00, 0x00, 0x00, 0x00, 0x00, 0x00, 0x00, 0x00, 0x00, 0x00,
  0x00, 0x00, 0x00, 0x00, 0x00, 0x00, 0x00, 0x00, 0x00, 0x00, 0x00, 0x00,
  0x00, 0x00, 0x00, 0x00, 0x00, 0x00, 0x00, 0x00, 0x00, 0x00, 0x00, 0x00,
  0x00, 0x00, 0x00, 0x00, 0x00, 0x00, 0x00, 0x00, 0x00, 0x00, 0x00, 0x00,
  0x00, 0x00, 0x00, 0x00, 0x00, 0x00, 0x00, 0x00, 0x00, 0x00, 0x00, 0x00,
  0x00, 0x00, 0x00, 0x00, 0x00, 0x00, 0x00, 0x00, 0x00, 0x00, 0x00, 0x00,
  0x00, 0x00, 0x00, 0x00, 0x00, 0x00, 0x00, 0x00, 0x00, 0x00, 0x00, 0x00,
  0x00, 0x00, 0x00, 0x00, 0x00, 0x00, 0x00, 0x00, 0x00, 0x00, 0x00, 0x00,
  0x00, 0x00, 0x00, 0x00, 0x00, 0x00, 0x00, 0x00, 0xcf, 0xc2, 0xbc, 0x50,
  0xcf, 0xc3, 0xba, 0xfa, 0xcf, 0xc3, 0xba, 0xfa, 0xcf, 0xc3, 0xba, 0xfa,
  0xcf, 0xc3, 0xba, 0xfa, 0xcf, 0xc3, 0xba, 0xfa, 0xcf, 0xc3, 0xba, 0xfa,
  0xcf, 0xc3, 0xba, 0xfa, 0xcf, 0xc3, 0xba, 0xfa, 0xcf, 0xc3, 0xba, 0xfa,
  0xcf, 0xc3, 0xba, 0xfa, 0xcf, 0xc3, 0xba, 0xfa, 0xcf, 0xc3, 0xba, 0xfa,
  0xcf, 0xc3, 0xba, 0xfa, 0xcf, 0xc3, 0xba, 0xfa, 0xcf, 0xc3, 0xba, 0xfa,
  0xcf, 0xc3, 0xba, 0xfa, 0xcf, 0xc3, 0xba, 0xfa, 0xcf, 0xc3, 0xba, 0xfa,
  0xcf, 0xc3, 0xba, 0xfa, 0xcf, 0xc3, 0xba, 0xfa, 0xcf, 0xc3, 0xba, 0xfa,
  0xcf, 0xc3, 0xba, 0xfa, 0xcf, 0xc3, 0xba, 0xfa, 0xcf, 0xc3, 0xba, 0xfa,
  0xcf, 0xc5, 0xbb, 0x4f, 0x00, 0x00, 0x00, 0x00, 0x00, 0x00, 0x00, 0x00,
  0x00, 0x00, 0x00, 0x00, 0x00, 0x00, 0x00, 0x00, 0x00, 0x00, 0x00, 0x00,
  0x00, 0x00, 0x00, 0x00, 0x00, 0x00, 0x00, 0x00, 0x00, 0x00, 0x00, 0x00,
  0x00, 0x00, 0x00, 0x00, 0x00, 0x00, 0x00, 0x00, 0x00, 0x00, 0x00, 0x00,
  0x00, 0x00, 0x00, 0x00, 0x00, 0x00, 0x00, 0x00, 0x00, 0x00, 0x00, 0x00,
  0x00, 0x00, 0x00, 0x00, 0x00, 0x00, 0x00, 0x00, 0x00, 0x00, 0x00, 0x00,
  0x00, 0x00, 0x00, 0x00, 0x00, 0x00, 0x00, 0x00, 0x00, 0x00, 0x00, 0x00,
  0x00, 0x00, 0x00, 0x00, 0x00, 0x00, 0x00, 0x00, 0x00, 0x00, 0x00, 0x00,
  0x00, 0x00, 0x00, 0x00, 0x00, 0x00, 0x00, 0x00, 0x00, 0x00, 0x00, 0x00,
  0x00, 0x00, 0x00, 0x00, 0x00, 0x00, 0x00, 0x00, 0x00, 0x00, 0x00, 0x00,
  0x00, 0x00, 0x00, 0x00, 0x00, 0x00, 0x00, 0x00, 0x00, 0x00, 0x00, 0x00,
  0x00, 0x00, 0x00, 0x00, 0x00, 0x00, 0x00, 0x00, 0xce, 0xc2, 0xba, 0x3f,
  0xcf, 0xc3, 0xba, 0xfa, 0xcf, 0xc3, 0xba, 0xfa, 0xcf, 0xc3, 0xba, 0xfa,
  0xcf, 0xc3, 0xba, 0xfa, 0xcf, 0xc3, 0xba, 0xfa, 0xcf, 0xc3, 0xba, 0xfa,
  0xcf, 0xc3, 0xba, 0xfa, 0xcf, 0xc3, 0xba, 0xfa, 0xcf, 0xc3, 0xba, 0xfa,
  0xcf, 0xc3, 0xba, 0xfa, 0xcf, 0xc3, 0xba, 0xfa, 0xcf, 0xc3, 0xba, 0xfa,
  0xcf, 0xc3, 0xba, 0xfa, 0xcf, 0xc3, 0xba, 0xfa, 0xcf, 0xc3, 0xba, 0xfa,
  0xcf, 0xc3, 0xba, 0xfa, 0xcf, 0xc3, 0xba, 0xfa, 0xcf, 0xc3, 0xba, 0xfa,
  0xcf, 0xc3, 0xba, 0xfa, 0xcf, 0xc3, 0xba, 0xfa, 0xcf, 0xc3, 0xba, 0xfa,
  0xcf, 0xc3, 0xba, 0xfa, 0xcf, 0xc3, 0xba, 0xfa, 0xcf, 0xc3, 0xba, 0xfa,
  0xce, 0xc1, 0xb9, 0x3e, 0x00, 0x00, 0x00, 0x00, 0x00, 0x00, 0x00, 0x00,
  0x00, 0x00, 0x00, 0x00, 0x00, 0x00, 0x00, 0x00, 0x00, 0x00, 0x00, 0x00,
  0x00, 0x00, 0x00, 0x00, 0x00, 0x00, 0x00, 0x00, 0x00, 0x00, 0x00, 0x00,
  0x00, 0x00, 0x00, 0x00, 0x00, 0x00, 0x00, 0x00, 0x00, 0x00, 0x00, 0x00,
  0x00, 0x00, 0x00, 0x00, 0x00, 0x00, 0x00, 0x00, 0x00, 0x00, 0x00, 0x00,
  0x00, 0x00, 0x00, 0x00, 0x00, 0x00, 0x00, 0x00, 0x00, 0x00, 0x00, 0x00,
  0x00, 0x00, 0x00, 0x00, 0x00, 0x00, 0x00, 0x00, 0x00, 0x00, 0x00, 0x00,
  0x00, 0x00, 0x00, 0x00, 0x00, 0x00, 0x00, 0x00, 0x00, 0x00, 0x00, 0x00,
  0x00, 0x00, 0x00, 0x00, 0x00, 0x00, 0x00, 0x00, 0x00, 0x00, 0x00, 0x00,
  0x00, 0x00, 0x00, 0x00, 0x00, 0x00, 0x00, 0x00, 0x00, 0x00, 0x00, 0x00,
  0x00, 0x00, 0x00, 0x00, 0x00, 0x00, 0x00, 0x00, 0x00, 0x00, 0x00, 0x00,
  0x00, 0x00, 0x00, 0x00, 0x00, 0x00, 0x00, 0x00, 0xd2, 0xc1, 0xbb, 0x2d,
  0xcf, 0xc3, 0xba, 0xfa, 0xcf, 0xc3, 0xba, 0xfa, 0xcf, 0xc3, 0xba, 0xfa,
  0xcf, 0xc3, 0xba, 0xfa, 0xcf, 0xc3, 0xba, 0xfa, 0xcf, 0xc3, 0xba, 0xfa,
  0xcf, 0xc3, 0xba, 0xfa, 0xcf, 0xc3, 0xba, 0xfa, 0xcf, 0xc3, 0xba, 0xfa,
  0xcf, 0xc3, 0xba, 0xfa, 0xcf, 0xc3, 0xba, 0xfa, 0xcf, 0xc3, 0xba, 0xfa,
  0xcf, 0xc3, 0xba, 0xfa, 0xcf, 0xc3, 0xba, 0xfa, 0xcf, 0xc3, 0xba, 0xfa,
  0xcf, 0xc3, 0xba, 0xfa, 0xcf, 0xc3, 0xba, 0xfa, 0xcf, 0xc3, 0xba, 0xfa,
  0xcf, 0xc3, 0xba, 0xfa, 0xcf, 0xc3, 0xba, 0xfa, 0xcf, 0xc3, 0xba, 0xfa,
  0xcf, 0xc3, 0xba, 0xfa, 0xcf, 0xc3, 0xba, 0xfa, 0xcf, 0xc3, 0xba, 0xfa,
  0xd1, 0xc5, 0xb9, 0x2c, 0x00, 0x00, 0x00, 0x00, 0x00, 0x00, 0x00, 0x00,
  0x00, 0x00, 0x00, 0x00, 0x00, 0x00, 0x00, 0x00, 0x00, 0x00, 0x00, 0x00,
  0x00, 0x00, 0x00, 0x00, 0x00, 0x00, 0x00, 0x00, 0x00, 0x00, 0x00, 0x00,
  0x00, 0x00, 0x00, 0x00, 0x00, 0x00, 0x00, 0x00, 0x00, 0x00, 0x00, 0x00,
  0x00, 0x00, 0x00, 0x00, 0x00, 0x00, 0x00, 0x00, 0x00, 0x00, 0x00, 0x00,
  0x00, 0x00, 0x00, 0x00, 0x00, 0x00, 0x00, 0x00, 0x00, 0x00, 0x00, 0x00,
  0x00, 0x00, 0x00, 0x00, 0x00, 0x00, 0x00, 0x00, 0x00, 0x00, 0x00, 0x00,
  0x00, 0x00, 0x00, 0x00, 0x00, 0x00, 0x00, 0x00, 0x00, 0x00, 0x00, 0x00,
  0x00, 0x00, 0x00, 0x00, 0x00, 0x00, 0x00, 0x00, 0x00, 0x00, 0x00, 0x00,
  0x00, 0x00, 0x00, 0x00, 0x00, 0x00, 0x00, 0x00, 0x00, 0x00, 0x00, 0x00,
  0x00, 0x00, 0x00, 0x00, 0x00, 0x00, 0x00, 0x00, 0x00, 0x00, 0x00, 0x00,
  0x00, 0x00, 0x00, 0x00, 0x00, 0x00, 0x00, 0x00, 0xce, 0xc4, 0xba, 0x1a,
  0xcf, 0xc3, 0xba, 0xfa, 0xcf, 0xc3, 0xba, 0xfa, 0xcf, 0xc3, 0xba, 0xfa,
  0xcf, 0xc3, 0xba, 0xfa, 0xcf, 0xc3, 0xba, 0xfa, 0xcf, 0xc3, 0xba, 0xfa,
  0xcf, 0xc3, 0xba, 0xfa, 0xcf, 0xc3, 0xba, 0xfa, 0xcf, 0xc3, 0xba, 0xfa,
  0xcf, 0xc3, 0xba, 0xfa, 0xcf, 0xc3, 0xba, 0xfa, 0xcf, 0xc3, 0xba, 0xfa,
  0xcf, 0xc3, 0xba, 0xfa, 0xcf, 0xc3, 0xba, 0xfa, 0xcf, 0xc3, 0xba, 0xfa,
  0xcf, 0xc3, 0xba, 0xfa, 0xcf, 0xc3, 0xba, 0xfa, 0xcf, 0xc3, 0xba, 0xfa,
  0xcf, 0xc3, 0xba, 0xfa, 0xcf, 0xc3, 0xba, 0xfa, 0xcf, 0xc3, 0xba, 0xfa,
  0xcf, 0xc3, 0xba, 0xfa, 0xcf, 0xc3, 0xba, 0xfa, 0xcf, 0xc3, 0xba, 0xfa,
  0xd6, 0xc2, 0xc2, 0x19, 0x00, 0x00, 0x00, 0x00, 0x00, 0x00, 0x00, 0x00,
  0x00, 0x00, 0x00, 0x00, 0x00, 0x00, 0x00, 0x00, 0x00, 0x00, 0x00, 0x00,
  0x00, 0x00, 0x00, 0x00, 0x00, 0x00, 0x00, 0x00, 0x00, 0x00, 0x00, 0x00,
  0x00, 0x00, 0x00, 0x00, 0x00, 0x00, 0x00, 0x00, 0x00, 0x00, 0x00, 0x00,
  0x00, 0x00, 0x00, 0x00, 0x00, 0x00, 0x00, 0x00, 0x00, 0x00, 0x00, 0x00,
  0x00, 0x00, 0x00, 0x00, 0x00, 0x00, 0x00, 0x00, 0x00, 0x00, 0x00, 0x00,
  0x00, 0x00, 0x00, 0x00, 0x00, 0x00, 0x00, 0x00, 0x00, 0x00, 0x00, 0x00,
  0x00, 0x00, 0x00, 0x00, 0x00, 0x00, 0x00, 0x00, 0x00, 0x00, 0x00, 0x00,
  0x00, 0x00, 0x00, 0x00, 0x00, 0x00, 0x00, 0x00, 0x00, 0x00, 0x00, 0x00,
  0x00, 0x00, 0x00, 0x00, 0x00, 0x00, 0x00, 0x00, 0x00, 0x00, 0x00, 0x00,
  0x00, 0x00, 0x00, 0x00, 0x00, 0x00, 0x00, 0x00, 0x00, 0x00, 0x00, 0x00,
  0x00, 0x00, 0x00, 0x00, 0x00, 0x00, 0x00, 0x00, 0xbf, 0xbf, 0xbf, 0x08,
  0xcf, 0xc3, 0xba, 0xfa, 0xcf, 0xc3, 0xba, 0xfa, 0xcf, 0xc3, 0xba, 0xfa,
  0xcf, 0xc3, 0xba, 0xfa, 0xcf, 0xc3, 0xba, 0xfa, 0xcf, 0xc3, 0xba, 0xfa,
  0xcf, 0xc3, 0xba, 0xfa, 0xcf, 0xc3, 0xba, 0xfa, 0xcf, 0xc3, 0xba, 0xfa,
  0xcf, 0xc3, 0xba, 0xfa, 0xcf, 0xc3, 0xba, 0xfa, 0xcf, 0xc3, 0xba, 0xfa,
  0xcf, 0xc3, 0xba, 0xfa, 0xcf, 0xc3, 0xba, 0xfa, 0xcf, 0xc3, 0xba, 0xfa,
  0xcf, 0xc3, 0xba, 0xfa, 0xcf, 0xc3, 0xba, 0xfa, 0xcf, 0xc3, 0xba, 0xfa,
  0xcf, 0xc3, 0xba, 0xfa, 0xcf, 0xc3, 0xba, 0xfa, 0xcf, 0xc3, 0xba, 0xfa,
  0xcf, 0xc3, 0xba, 0xfa, 0xcf, 0xc3, 0xba, 0xfa, 0xcf, 0xc3, 0xba, 0xfa,
  0xbf, 0xbf, 0xbf, 0x08, 0x00, 0x00, 0x00, 0x00, 0x00, 0x00, 0x00, 0x00,
  0x00, 0x00, 0x00, 0x00, 0x00, 0x00, 0x00, 0x00, 0x00, 0x00, 0x00, 0x00,
  0x00, 0x00, 0x00, 0x00, 0x00, 0x00, 0x00, 0x00, 0x00, 0x00, 0x00, 0x00,
  0x00, 0x00, 0x00, 0x00, 0x00, 0x00, 0x00, 0x00, 0x00, 0x00, 0x00, 0x00,
  0x00, 0x00, 0x00, 0x00, 0x00, 0x00, 0x00, 0x00, 0x00, 0x00, 0x00, 0x00,
  0x00, 0x00, 0x00, 0x00, 0x00, 0x00, 0x00, 0x00, 0x00, 0x00, 0x00, 0x00,
  0x00, 0x00, 0x00, 0x00, 0x00, 0x00, 0x00, 0x00, 0x00, 0x00, 0x00, 0x00,
  0x00, 0x00, 0x00, 0x00, 0x00, 0x00, 0x00, 0x00, 0x00, 0x00, 0x00, 0x00,
  0x00, 0x00, 0x00, 0x00, 0x00, 0x00, 0x00, 0x00, 0x00, 0x00, 0x00, 0x00,
  0x00, 0x00, 0x00, 0x00, 0x00, 0x00, 0x00, 0x00, 0x00, 0x00, 0x00, 0x00,
  0x00, 0x00, 0x00, 0x00, 0x00, 0x00, 0x00, 0x00, 0x00, 0x00, 0x00, 0x00,
  0x00, 0x00, 0x00, 0x00, 0x00, 0x00, 0x00, 0x00, 0x00, 0x00, 0x00, 0x00,
  0xcf, 0xc3, 0xba, 0xef, 0xcf, 0xc3, 0xba, 0xfa, 0xcf, 0xc3, 0xba, 0xfa,
  0xcf, 0xc3, 0xba, 0xfa, 0xcf, 0xc3, 0xba, 0xfa, 0xcf, 0xc3, 0xba, 0xfa,
  0xcf, 0xc3, 0xba, 0xfa, 0xcf, 0xc3, 0xba, 0xfa, 0xcf, 0xc3, 0xba, 0xfa,
  0xcf, 0xc3, 0xba, 0xfa, 0xcf, 0xc3, 0xba, 0xfa, 0xcf, 0xc3, 0xba, 0xfa,
  0xcf, 0xc3, 0xba, 0xfa, 0xcf, 0xc3, 0xba, 0xfa, 0xcf, 0xc3, 0xba, 0xfa,
  0xcf, 0xc3, 0xba, 0xfa, 0xcf, 0xc3, 0xba, 0xfa, 0xcf, 0xc3, 0xba, 0xfa,
  0xcf, 0xc3, 0xba, 0xfa, 0xcf, 0xc3, 0xba, 0xfa, 0xcf, 0xc3, 0xba, 0xfa,
  0xcf, 0xc3, 0xba, 0xfa, 0xcf, 0xc3, 0xba, 0xfa, 0xcf, 0xc3, 0xb9, 0xee,
  0x00, 0x00, 0x00, 0x00, 0x00, 0x00, 0x00, 0x00, 0x00, 0x00, 0x00, 0x00,
  0x00, 0x00, 0x00, 0x00, 0x00, 0x00, 0x00, 0x00, 0x00, 0x00, 0x00, 0x00,
  0x00, 0x00, 0x00, 0x00, 0x00, 0x00, 0x00, 0x00, 0x00, 0x00, 0x00, 0x00,
  0x00, 0x00, 0x00, 0x00, 0x00, 0x00, 0x00, 0x00, 0x00, 0x00, 0x00, 0x00,
  0x00, 0x00, 0x00, 0x00, 0x00, 0x00, 0x00, 0x00, 0x00, 0x00, 0x00, 0x00,
  0x00, 0x00, 0x00, 0x00, 0x00, 0x00, 0x00, 0x00, 0x00, 0x00, 0x00, 0x00,
  0x00, 0x00, 0x00, 0x00, 0x00, 0x00, 0x00, 0x00, 0x00, 0x00, 0x00, 0x00,
  0x00, 0x00, 0x00, 0x00, 0x00, 0x00, 0x00, 0x00, 0x00, 0x00, 0x00, 0x00,
  0x00, 0x00, 0x00, 0x00, 0x00, 0x00, 0x00, 0x00, 0x00, 0x00, 0x00, 0x00,
  0x00, 0x00, 0x00, 0x00, 0x00, 0x00, 0x00, 0x00, 0x00, 0x00, 0x00, 0x00,
  0x00, 0x00, 0x00, 0x00, 0x00, 0x00, 0x00, 0x00, 0x00, 0x00, 0x00, 0x00,
  0x00, 0x00, 0x00, 0x00, 0x00, 0x00, 0x00, 0x00, 0x00, 0x00, 0x00, 0x00,
  0xcf, 0xc3, 0xba, 0xd9, 0xcf, 0xc3, 0xba, 0xfa, 0xcf, 0xc3, 0xba, 0xfa,
  0xcf, 0xc3, 0xba, 0xfa, 0xcf, 0xc3, 0xba, 0xfa, 0xcf, 0xc3, 0xba, 0xfa,
  0xcf, 0xc3, 0xba, 0xfa, 0xcf, 0xc3, 0xba, 0xfa, 0xcf, 0xc3, 0xba, 0xfa,
  0xcf, 0xc3, 0xba, 0xfa, 0xcf, 0xc3, 0xba, 0xfa, 0xcf, 0xc3, 0xba, 0xfa,
  0xcf, 0xc3, 0xba, 0xfa, 0xcf, 0xc3, 0xba, 0xfa, 0xcf, 0xc3, 0xba, 0xfa,
  0xcf, 0xc3, 0xba, 0xfa, 0xcf, 0xc3, 0xba, 0xfa, 0xcf, 0xc3, 0xba, 0xfa,
  0xcf, 0xc3, 0xba, 0xfa, 0xcf, 0xc3, 0xba, 0xfa, 0xcf, 0xc3, 0xba, 0xfa,
  0xcf, 0xc3, 0xba, 0xfa, 0xcf, 0xc3, 0xba, 0xfa, 0xcf, 0xc3, 0xb9, 0xd8,
  0x00, 0x00, 0x00, 0x00, 0x00, 0x00, 0x00, 0x00, 0x00, 0x00, 0x00, 0x00,
  0x00, 0x00, 0x00, 0x00, 0x00, 0x00, 0x00, 0x00, 0x00, 0x00, 0x00, 0x00,
  0x00, 0x00, 0x00, 0x00, 0x00, 0x00, 0x00, 0x00, 0x00, 0x00, 0x00, 0x00,
  0x00, 0x00, 0x00, 0x00, 0x00, 0x00, 0x00, 0x00, 0x00, 0x00, 0x00, 0x00,
  0x00, 0x00, 0x00, 0x00, 0x00, 0x00, 0x00, 0x00, 0x00, 0x00, 0x00, 0x00,
  0x00, 0x00, 0x00, 0x00, 0x00, 0x00, 0x00, 0x00, 0x00, 0x00, 0x00, 0x00,
  0x00, 0x00, 0x00, 0x00, 0x00, 0x00, 0x00, 0x00, 0x00, 0x00, 0x00, 0x00,
  0x00, 0x00, 0x00, 0x00, 0x00, 0x00, 0x00, 0x00, 0x00, 0x00, 0x00, 0x00,
  0x00, 0x00, 0x00, 0x00, 0x00, 0x00, 0x00, 0x00, 0x00, 0x00, 0x00, 0x00,
  0x00, 0x00, 0x00, 0x00, 0x00, 0x00, 0x00, 0x00, 0x00, 0x00, 0x00, 0x00,
  0x00, 0x00, 0x00, 0x00, 0x00, 0x00, 0x00, 0x00, 0x00, 0x00, 0x00, 0x00,
  0x00, 0x00, 0x00, 0x00, 0x00, 0x00, 0x00, 0x00, 0x00, 0x00, 0x00, 0x00,
  0xd0, 0xc3, 0xb9, 0xc2, 0xcf, 0xc3, 0xba, 0xfa, 0xcf, 0xc3, 0xba, 0xfa,
  0xcf, 0xc3, 0xba, 0xfa, 0xcf, 0xc3, 0xba, 0xfa, 0xcf, 0xc3, 0xba, 0xfa,
  0xcf, 0xc3, 0xba, 0xfa, 0xcf, 0xc3, 0xba, 0xfa, 0xcf, 0xc3, 0xba, 0xfa,
  0xcf, 0xc3, 0xba, 0xfa, 0xcf, 0xc3, 0xba, 0xfa, 0xcf, 0xc3, 0xba, 0xfa,
  0xcf, 0xc3, 0xba, 0xfa, 0xcf, 0xc3, 0xba, 0xfa, 0xcf, 0xc3, 0xba, 0xfa,
  0xcf, 0xc3, 0xba, 0xfa, 0xcf, 0xc3, 0xba, 0xfa, 0xcf, 0xc3, 0xba, 0xfa,
  0xcf, 0xc3, 0xba, 0xfa, 0xcf, 0xc3, 0xba, 0xfa, 0xcf, 0xc3, 0xba, 0xfa,
  0xcf, 0xc3, 0xba, 0xfa, 0xcf, 0xc3, 0xba, 0xfa, 0xcf, 0xc4, 0xba, 0xc1,
  0x00, 0x00, 0x00, 0x00, 0x00, 0x00, 0x00, 0x00, 0x00, 0x00, 0x00, 0x00,
  0x00, 0x00, 0x00, 0x00, 0x00, 0x00, 0x00, 0x00, 0x00, 0x00, 0x00, 0x00,
  0x00, 0x00, 0x00, 0x00, 0x00, 0x00, 0x00, 0x00, 0x00, 0x00, 0x00, 0x00,
  0x00, 0x00, 0x00, 0x00, 0x00, 0x00, 0x00, 0x00, 0x00, 0x00, 0x00, 0x00,
  0x00, 0x00, 0x00, 0x00, 0x00, 0x00, 0x00, 0x00, 0x00, 0x00, 0x00, 0x00,
  0x00, 0x00, 0x00, 0x00, 0x00, 0x00, 0x00, 0x00, 0x00, 0x00, 0x00, 0x00,
  0x00, 0x00, 0x00, 0x00, 0x00, 0x00, 0x00, 0x00, 0x00, 0x00, 0x00, 0x00,
  0x00, 0x00, 0x00, 0x00, 0x00, 0x00, 0x00, 0x00, 0x00, 0x00, 0x00, 0x00,
  0x00, 0x00, 0x00, 0x00, 0x00, 0x00, 0x00, 0x00, 0x00, 0x00, 0x00, 0x00,
  0x00, 0x00, 0x00, 0x00, 0x00, 0x00, 0x00, 0x00, 0x00, 0x00, 0x00, 0x00,
  0x00, 0x00, 0x00, 0x00, 0x00, 0x00, 0x00, 0x00, 0x00, 0x00, 0x00, 0x00,
  0x00, 0x00, 0x00, 0x00, 0x00, 0x00, 0x00, 0x00, 0x00, 0x00, 0x00, 0x00,
  0xce, 0xc2, 0xb9, 0xac, 0xcf, 0xc3, 0xba, 0xfa, 0xcf, 0xc3, 0xba, 0xfa,
  0xcf, 0xc3, 0xba, 0xfa, 0xcf, 0xc3, 0xba, 0xfa, 0xcf, 0xc3, 0xba, 0xfa,
  0xcf, 0xc3, 0xba, 0xfa, 0xcf, 0xc3, 0xba, 0xfa, 0xcf, 0xc3, 0xba, 0xfa,
  0xcf, 0xc3, 0xba, 0xfa, 0xcf, 0xc3, 0xba, 0xfa, 0xcf, 0xc3, 0xba, 0xfa,
  0xcf, 0xc3, 0xba, 0xfa, 0xcf, 0xc3, 0xba, 0xfa, 0xcf, 0xc3, 0xba, 0xfa,
  0xcf, 0xc3, 0xba, 0xfa, 0xcf, 0xc3, 0xba, 0xfa, 0xcf, 0xc3, 0xba, 0xfa,
  0xcf, 0xc3, 0xba, 0xfa, 0xcf, 0xc3, 0xba, 0xfa, 0xcf, 0xc3, 0xba, 0xfa,
  0xcf, 0xc3, 0xba, 0xfa, 0xcf, 0xc3, 0xba, 0xfa, 0xcf, 0xc2, 0xb9, 0xab,
  0x00, 0x00, 0x00, 0x00, 0x00, 0x00, 0x00, 0x00, 0x00, 0x00, 0x00, 0x00,
  0x00, 0x00, 0x00, 0x00, 0x00, 0x00, 0x00, 0x00, 0x00, 0x00, 0x00, 0x00,
  0x00, 0x00, 0x00, 0x00, 0x00, 0x00, 0x00, 0x00, 0x00, 0x00, 0x00, 0x00,
  0x00, 0x00, 0x00, 0x00, 0x00, 0x00, 0x00, 0x00, 0x00, 0x00, 0x00, 0x00,
  0x00, 0x00, 0x00, 0x00, 0x00, 0x00, 0x00, 0x00, 0x00, 0x00, 0x00, 0x00,
  0x00, 0x00, 0x00, 0x00, 0x00, 0x00, 0x00, 0x00, 0x00, 0x00, 0x00, 0x00,
  0x00, 0x00, 0x00, 0x00, 0x00, 0x00, 0x00, 0x00, 0x00, 0x00, 0x00, 0x00,
  0x00, 0x00, 0x00, 0x00, 0x00, 0x00, 0x00, 0x00, 0x00, 0x00, 0x00, 0x00,
  0x00, 0x00, 0x00, 0x00, 0x00, 0x00, 0x00, 0x00, 0x00, 0x00, 0x00, 0x00,
  0x00, 0x00, 0x00, 0x00, 0x00, 0x00, 0x00, 0x00, 0x00, 0x00, 0x00, 0x00,
  0x00, 0x00, 0x00, 0x00, 0x00, 0x00, 0x00, 0x00, 0x00, 0x00, 0x00, 0x00,
  0x00, 0x00, 0x00, 0x00, 0x00, 0x00, 0x00, 0x00, 0x00, 0x00, 0x00, 0x00,
  0xcf, 0xc4, 0xb9, 0x96, 0xcf, 0xc3, 0xba, 0xfa, 0xcf, 0xc3, 0xba, 0xfa,
  0xcf, 0xc3, 0xba, 0xfa, 0xcf, 0xc3, 0xba, 0xfa, 0xcf, 0xc3, 0xba, 0xfa,
  0xcf, 0xc3, 0xba, 0xfa, 0xcf, 0xc3, 0xba, 0xfa, 0xcf, 0xc3, 0xba, 0xfa,
  0xcf, 0xc3, 0xba, 0xfa, 0xcf, 0xc3, 0xba, 0xfa, 0xcf, 0xc3, 0xba, 0xfa,
  0xcf, 0xc3, 0xba, 0xfa, 0xcf, 0xc3, 0xba, 0xfa, 0xcf, 0xc3, 0xba, 0xfa,
  0xcf, 0xc3, 0xba, 0xfa, 0xcf, 0xc3, 0xba, 0xfa, 0xcf, 0xc3, 0xba, 0xfa,
  0xcf, 0xc3, 0xba, 0xfa, 0xcf, 0xc3, 0xba, 0xfa, 0xcf, 0xc3, 0xba, 0xfa,
  0xcf, 0xc3, 0xba, 0xfa, 0xcf, 0xc3, 0xba, 0xfa, 0xcf, 0xc3, 0xb9, 0x95,
  0x00, 0x00, 0x00, 0x00, 0x00, 0x00, 0x00, 0x00, 0x00, 0x00, 0x00, 0x00,
  0x00, 0x00, 0x00, 0x00, 0x00, 0x00, 0x00, 0x00, 0x00, 0x00, 0x00, 0x00,
  0x00, 0x00, 0x00, 0x00, 0x00, 0x00, 0x00, 0x00, 0x00, 0x00, 0x00, 0x00,
  0x00, 0x00, 0x00, 0x00, 0x00, 0x00, 0x00, 0x00, 0x00, 0x00, 0x00, 0x00,
  0x00, 0x00, 0x00, 0x00, 0x00, 0x00, 0x00, 0x00, 0x00, 0x00, 0x00, 0x00,
  0x00, 0x00, 0x00, 0x00, 0x00, 0x00, 0x00, 0x00, 0x00, 0x00, 0x00, 0x00,
  0x00, 0x00, 0x00, 0x00, 0x00, 0x00, 0x00, 0x00, 0x00, 0x00, 0x00, 0x00,
  0x00, 0x00, 0x00, 0x00, 0x00, 0x00, 0x00, 0x00, 0x00, 0x00, 0x00, 0x00,
  0x00, 0x00, 0x00, 0x00, 0x00, 0x00, 0x00, 0x00, 0x00, 0x00, 0x00, 0x00,
  0x00, 0x00, 0x00, 0x00, 0x00, 0x00, 0x00, 0x00, 0x00, 0x00, 0x00, 0x00,
  0x00, 0x00, 0x00, 0x00, 0x00, 0x00, 0x00, 0x00, 0x00, 0x00, 0x00, 0x00,
  0x00, 0x00, 0x00, 0x00, 0x00, 0x00, 0x00, 0x00, 0x00, 0x00, 0x00, 0x00,
  0xcf, 0xc3, 0xbb, 0x7f, 0xcf, 0xc3, 0xba, 0xfa, 0xcf, 0xc3, 0xba, 0xfa,
  0xcf, 0xc3, 0xba, 0xfa, 0xcf, 0xc3, 0xba, 0xfa, 0xcf, 0xc3, 0xba, 0xfa,
  0xcf, 0xc3, 0xba, 0xfa, 0xcf, 0xc3, 0xba, 0xfa, 0xcf, 0xc3, 0xba, 0xfa,
  0xcf, 0xc3, 0xba, 0xfa, 0xcf, 0xc3, 0xba, 0xfa, 0xcf, 0xc3, 0xba, 0xfa,
  0xcf, 0xc3, 0xba, 0xfa, 0xcf, 0xc3, 0xba, 0xfa, 0xcf, 0xc3, 0xba, 0xfa,
  0xcf, 0xc3, 0xba, 0xfa, 0xcf, 0xc3, 0xba, 0xfa, 0xcf, 0xc3, 0xba, 0xfa,
  0xcf, 0xc3, 0xba, 0xfa, 0xcf, 0xc3, 0xba, 0xfa, 0xcf, 0xc3, 0xba, 0xfa,
  0xcf, 0xc3, 0xba, 0xfa, 0xcf, 0xc3, 0xba, 0xfa, 0xd0, 0xc4, 0xba, 0x7e,
  0x00, 0x00, 0x00, 0x00, 0x00, 0x00, 0x00, 0x00, 0x00, 0x00, 0x00, 0x00,
  0x00, 0x00, 0x00, 0x00, 0x00, 0x00, 0x00, 0x00, 0x00, 0x00, 0x00, 0x00,
  0x00, 0x00, 0x00, 0x00, 0x00, 0x00, 0x00, 0x00, 0x00, 0x00, 0x00, 0x00,
  0x00, 0x00, 0x00, 0x00, 0x00, 0x00, 0x00, 0x00, 0x00, 0x00, 0x00, 0x00,
  0x00, 0x00, 0x00, 0x00, 0x00, 0x00, 0x00, 0x00, 0x00, 0x00, 0x00, 0x00,
  0x00, 0x00, 0x00, 0x00, 0x00, 0x00, 0x00, 0x00, 0x00, 0x00, 0x00, 0x00,
  0x00, 0x00, 0x00, 0x00, 0x00, 0x00, 0x00, 0x00, 0x00, 0x00, 0x00, 0x00,
  0x00, 0x00, 0x00, 0x00, 0x00, 0x00, 0x00, 0x00, 0x00, 0x00, 0x00, 0x00,
  0x00, 0x00, 0x00, 0x00, 0x00, 0x00, 0x00, 0x00, 0x00, 0x00, 0x00, 0x00,
  0x00, 0x00, 0x00, 0x00, 0x00, 0x00, 0x00, 0x00, 0x00, 0x00, 0x00, 0x00,
  0x00, 0x00, 0x00, 0x00, 0x00, 0x00, 0x00, 0x00, 0x00, 0x00, 0x00, 0x00,
  0x00, 0x00, 0x00, 0x00, 0x00, 0x00, 0x00, 0x00, 0x00, 0x00, 0x00, 0x00,
  0xce, 0xc2, 0xb9, 0x69, 0xcf, 0xc3, 0xba, 0xfa, 0xcf, 0xc3, 0xba, 0xfa,
  0xcf, 0xc3, 0xba, 0xfa, 0xcf, 0xc3, 0xba, 0xfa, 0xcf, 0xc3, 0xba, 0xfa,
  0xcf, 0xc3, 0xba, 0xfa, 0xcf, 0xc3, 0xba, 0xfa, 0xcf, 0xc3, 0xba, 0xfa,
  0xcf, 0xc3, 0xba, 0xfa, 0xcf, 0xc3, 0xba, 0xfa, 0xcf, 0xc3, 0xba, 0xfa,
  0xcf, 0xc3, 0xba, 0xfa, 0xcf, 0xc3, 0xba, 0xfa, 0xcf, 0xc3, 0xba, 0xfa,
  0xcf, 0xc3, 0xba, 0xfa, 0xcf, 0xc3, 0xba, 0xfa, 0xcf, 0xc3, 0xba, 0xfa,
  0xcf, 0xc3, 0xba, 0xfa, 0xcf, 0xc3, 0xba, 0xfa, 0xcf, 0xc3, 0xba, 0xfa,
  0xcf, 0xc3, 0xba, 0xfa, 0xcf, 0xc3, 0xba, 0xfa, 0xce, 0xc2, 0xba, 0x68,
  0x00, 0x00, 0x00, 0x00, 0x00, 0x00, 0x00, 0x00, 0x00, 0x00, 0x00, 0x00,
  0x00, 0x00, 0x00, 0x00, 0x00, 0x00, 0x00, 0x00, 0x00, 0x00, 0x00, 0x00,
  0x00, 0x00, 0x00, 0x00, 0x00, 0x00, 0x00, 0x00, 0x00, 0x00, 0x00, 0x00,
  0x00, 0x00, 0x00, 0x00, 0x00, 0x00, 0x00, 0x00, 0x00, 0x00, 0x00, 0x00,
  0x00, 0x00, 0x00, 0x00, 0x00, 0x00, 0x00, 0x00, 0x00, 0x00, 0x00, 0x00,
  0x00, 0x00, 0x00, 0x00, 0x00, 0x00, 0x00, 0x00, 0x00, 0x00, 0x00, 0x00,
  0x00, 0x00, 0x00, 0x00, 0x00, 0x00, 0x00, 0x00, 0x00, 0x00, 0x00, 0x00,
  0x00, 0x00, 0x00, 0x00, 0x00, 0x00, 0x00, 0x00, 0x00, 0x00, 0x00, 0x00,
  0x00, 0x00, 0x00, 0x00, 0x00, 0x00, 0x00, 0x00, 0x00, 0x00, 0x00, 0x00,
  0x00, 0x00, 0x00, 0x00, 0x00, 0x00, 0x00, 0x00, 0x00, 0x00, 0x00, 0x00,
  0x00, 0x00, 0x00, 0x00, 0x00, 0x00, 0x00, 0x00, 0x00, 0x00, 0x00, 0x00,
  0x00, 0x00, 0x00, 0x00, 0x00, 0x00, 0x00, 0x00, 0x00, 0x00, 0x00, 0x00,
  0xd0, 0xc4, 0xbb, 0x52, 0xcf, 0xc3, 0xba, 0xfa, 0xcf, 0xc3, 0xba, 0xfa,
  0xcf, 0xc3, 0xba, 0xfa, 0xcf, 0xc3, 0xba, 0xfa, 0xcf, 0xc3, 0xba, 0xfa,
  0xcf, 0xc3, 0xba, 0xfa, 0xcf, 0xc3, 0xba, 0xfa, 0xcf, 0xc3, 0xba, 0xfa,
  0xcf, 0xc3, 0xba, 0xfa, 0xcf, 0xc3, 0xba, 0xfa, 0xcf, 0xc3, 0xba, 0xfa,
  0xcf, 0xc3, 0xba, 0xfa, 0xcf, 0xc3, 0xba, 0xfa, 0xcf, 0xc3, 0xba, 0xfa,
  0xcf, 0xc3, 0xba, 0xfa, 0xcf, 0xc3, 0xba, 0xfa, 0xcf, 0xc3, 0xba, 0xfa,
  0xcf, 0xc3, 0xba, 0xfa, 0xcf, 0xc3, 0xba, 0xfa, 0xcf, 0xc3, 0xba, 0xfa,
  0xcf, 0xc3, 0xba, 0xfa, 0xcf, 0xc3, 0xba, 0xfa, 0xd0, 0xc3, 0xba, 0x51,
  0x00, 0x00, 0x00, 0x00, 0x00, 0x00, 0x00, 0x00, 0x00, 0x00, 0x00, 0x00,
  0x00, 0x00, 0x00, 0x00, 0x00, 0x00, 0x00, 0x00, 0x00, 0x00, 0x00, 0x00,
  0x00, 0x00, 0x00, 0x00, 0x00, 0x00, 0x00, 0x00, 0x00, 0x00, 0x00, 0x00,
  0x00, 0x00, 0x00, 0x00, 0x00, 0x00, 0x00, 0x00, 0x00, 0x00, 0x00, 0x00,
  0x00, 0x00, 0x00, 0x00, 0x00, 0x00, 0x00, 0x00, 0x00, 0x00, 0x00, 0x00,
  0x00, 0x00, 0x00, 0x00, 0x00, 0x00, 0x00, 0x00, 0x00, 0x00, 0x00, 0x00,
  0x00, 0x00, 0x00, 0x00, 0x00, 0x00, 0x00, 0x00, 0x00, 0x00, 0x00, 0x00,
  0x00, 0x00, 0x00, 0x00, 0x00, 0x00, 0x00, 0x00, 0x00, 0x00, 0x00, 0x00,
  0x00, 0x00, 0x00, 0x00, 0x00, 0x00, 0x00, 0x00, 0x00, 0x00, 0x00, 0x00,
  0x00, 0x00, 0x00, 0x00, 0x00, 0x00, 0x00, 0x00, 0x00, 0x00, 0x00, 0x00,
  0x00, 0x00, 0x00, 0x00, 0x00, 0x00, 0x00, 0x00, 0x00, 0x00, 0x00, 0x00,
  0x00, 0x00, 0x00, 0x00, 0x00, 0x00, 0x00, 0x00, 0x00, 0x00, 0x00, 0x00,
  0xd0, 0xc4, 0xbb, 0x3c, 0xcf, 0xc3, 0xba, 0xfa, 0xcf, 0xc3, 0xba, 0xfa,
  0xcf, 0xc3, 0xba, 0xfa, 0xcf, 0xc3, 0xba, 0xfa, 0xcf, 0xc3, 0xba, 0xfa,
  0xcf, 0xc3, 0xba, 0xfa, 0xcf, 0xc3, 0xba, 0xfa, 0xcf, 0xc3, 0xba, 0xfa,
  0xcf, 0xc3, 0xba, 0xfa, 0xcf, 0xc3, 0xba, 0xfa, 0xcf, 0xc3, 0xba, 0xfa,
  0xcf, 0xc3, 0xba, 0xfa, 0xcf, 0xc3, 0xba, 0xfa, 0xcf, 0xc3, 0xba, 0xfa,
  0xcf, 0xc3, 0xba, 0xfa, 0xcf, 0xc3, 0xba, 0xfa, 0xcf, 0xc3, 0xba, 0xfa,
  0xcf, 0xc3, 0xba, 0xfa, 0xcf, 0xc3, 0xba, 0xfa, 0xcf, 0xc3, 0xba, 0xfa,
  0xcf, 0xc3, 0xba, 0xfa, 0xcf, 0xc3, 0xba, 0xfa, 0xcf, 0xc2, 0xba, 0x3b,
  0x00, 0x00, 0x00, 0x00, 0x00, 0x00, 0x00, 0x00, 0x00, 0x00, 0x00, 0x00,
  0x00, 0x00, 0x00, 0x00, 0x00, 0x00, 0x00, 0x00, 0x00, 0x00, 0x00, 0x00,
  0x00, 0x00, 0x00, 0x00, 0x00, 0x00, 0x00, 0x00, 0x00, 0x00, 0x00, 0x00,
  0x00, 0x00, 0x00, 0x00, 0x00, 0x00, 0x00, 0x00, 0x00, 0x00, 0x00, 0x00,
  0x00, 0x00, 0x00, 0x00, 0x00, 0x00, 0x00, 0x00, 0x00, 0x00, 0x00, 0x00,
  0x00, 0x00, 0x00, 0x00, 0x00, 0x00, 0x00, 0x00, 0x00, 0x00, 0x00, 0x00,
  0x00, 0x00, 0x00, 0x00, 0x00, 0x00, 0x00, 0x00, 0x00, 0x00, 0x00, 0x00,
  0x00, 0x00, 0x00, 0x00, 0x00, 0x00, 0x00, 0x00, 0x00, 0x00, 0x00, 0x00,
  0x00, 0x00, 0x00, 0x00, 0x00, 0x00, 0x00, 0x00, 0x00, 0x00, 0x00, 0x00,
  0x00, 0x00, 0x00, 0x00, 0x00, 0x00, 0x00, 0x00, 0x00, 0x00, 0x00, 0x00,
  0x00, 0x00, 0x00, 0x00, 0x00, 0x00, 0x00, 0x00, 0x00, 0x00, 0x00, 0x00,
  0x00, 0x00, 0x00, 0x00, 0x00, 0x00, 0x00, 0x00, 0x00, 0x00, 0x00, 0x00,
  0xcf, 0xc1, 0xba, 0x25, 0xcf, 0xc3, 0xba, 0xfa, 0xcf, 0xc3, 0xba, 0xfa,
  0xcf, 0xc3, 0xba, 0xfa, 0xcf, 0xc3, 0xba, 0xfa, 0xcf, 0xc3, 0xba, 0xfa,
  0xcf, 0xc3, 0xba, 0xfa, 0xcf, 0xc3, 0xba, 0xfa, 0xcf, 0xc3, 0xba, 0xfa,
  0xcf, 0xc3, 0xba, 0xfa, 0xcf, 0xc3, 0xba, 0xfa, 0xcf, 0xc3, 0xba, 0xfa,
  0xcf, 0xc3, 0xba, 0xfa, 0xcf, 0xc3, 0xba, 0xfa, 0xcf, 0xc3, 0xba, 0xfa,
  0xcf, 0xc3, 0xba, 0xfa, 0xcf, 0xc3, 0xba, 0xfa, 0xcf, 0xc3, 0xba, 0xfa,
  0xcf, 0xc3, 0xba, 0xfa, 0xcf, 0xc3, 0xba, 0xfa, 0xcf, 0xc3, 0xba, 0xfa,
  0xcf, 0xc3, 0xba, 0xfa, 0xcf, 0xc3, 0xba, 0xfa, 0xcd, 0xc6, 0xb8, 0x24,
  0x00, 0x00, 0x00, 0x00, 0x00, 0x00, 0x00, 0x00, 0x00, 0x00, 0x00, 0x00,
  0x00, 0x00, 0x00, 0x00, 0x00, 0x00, 0x00, 0x00, 0x00, 0x00, 0x00, 0x00,
  0x00, 0x00, 0x00, 0x00, 0x00, 0x00, 0x00, 0x00, 0x00, 0x00, 0x00, 0x00,
  0x00, 0x00, 0x00, 0x00, 0x00, 0x00, 0x00, 0x00, 0x00, 0x00, 0x00, 0x00,
  0x00, 0x00, 0x00, 0x00, 0x00, 0x00, 0x00, 0x00, 0x00, 0x00, 0x00, 0x00,
  0x00, 0x00, 0x00, 0x00, 0x00, 0x00, 0x00, 0x00, 0x00, 0x00, 0x00, 0x00,
  0x00, 0x00, 0x00, 0x00, 0x00, 0x00, 0x00, 0x00, 0x00, 0x00, 0x00, 0x00,
  0x00, 0x00, 0x00, 0x00, 0x00, 0x00, 0x00, 0x00, 0x00, 0x00, 0x00, 0x00,
  0x00, 0x00, 0x00, 0x00, 0x00, 0x00, 0x00, 0x00, 0x00, 0x00, 0x00, 0x00,
  0x00, 0x00, 0x00, 0x00, 0x00, 0x00, 0x00, 0x00, 0x00, 0x00, 0x00, 0x00,
  0x00, 0x00, 0x00, 0x00, 0x00, 0x00, 0x00, 0x00, 0x00, 0x00, 0x00, 0x00,
  0x00, 0x00, 0x00, 0x00, 0x00, 0x00, 0x00, 0x00, 0x00, 0x00, 0x00, 0x00,
  0xcf, 0xbf, 0xaf, 0x10, 0xcf, 0xc3, 0xba, 0xfa, 0xcf, 0xc3, 0xba, 0xfa,
  0xcf, 0xc3, 0xba, 0xfa, 0xcf, 0xc3, 0xba, 0xfa, 0xcf, 0xc3, 0xba, 0xfa,
  0xcf, 0xc3, 0xba, 0xfa, 0xcf, 0xc3, 0xba, 0xfa, 0xcf, 0xc3, 0xba, 0xfa,
  0xcf, 0xc3, 0xba, 0xfa, 0xcf, 0xc3, 0xba, 0xfa, 0xcf, 0xc3, 0xba, 0xfa,
  0xcf, 0xc3, 0xba, 0xfa, 0xcf, 0xc3, 0xba, 0xfa, 0xcf, 0xc3, 0xba, 0xfa,
  0xcf, 0xc3, 0xba, 0xfa, 0xcf, 0xc3, 0xba, 0xfa, 0xcf, 0xc3, 0xba, 0xfa,
  0xcf, 0xc3, 0xba, 0xfa, 0xcf, 0xc3, 0xba, 0xfa, 0xcf, 0xc3, 0xba, 0xfa,
  0xcf, 0xc3, 0xba, 0xfa, 0xcf, 0xc3, 0xba, 0xfa, 0xcc, 0xbb, 0xbb, 0x0f,
  0x00, 0x00, 0x00, 0x00, 0x00, 0x00, 0x00, 0x00, 0x00, 0x00, 0x00, 0x00,
  0x00, 0x00, 0x00, 0x00, 0x00, 0x00, 0x00, 0x00, 0x00, 0x00, 0x00, 0x00,
  0x00, 0x00, 0x00, 0x00, 0x00, 0x00, 0x00, 0x00, 0x00, 0x00, 0x00, 0x00,
  0x00, 0x00, 0x00, 0x00, 0x00, 0x00, 0x00, 0x00, 0x00, 0x00, 0x00, 0x00,
  0x00, 0x00, 0x00, 0x00, 0x00, 0x00, 0x00, 0x00, 0x00, 0x00, 0x00, 0x00,
  0x00, 0x00, 0x00, 0x00, 0x00, 0x00, 0x00, 0x00, 0x00, 0x00, 0x00, 0x00,
  0x00, 0x00, 0x00, 0x00, 0x00, 0x00, 0x00, 0x00, 0x00, 0x00, 0x00, 0x00,
  0x00, 0x00, 0x00, 0x00, 0x00, 0x00, 0x00, 0x00, 0x00, 0x00, 0x00, 0x00,
  0x00, 0x00, 0x00, 0x00, 0x00, 0x00, 0x00, 0x00, 0x00, 0x00, 0x00, 0x00,
  0x00, 0x00, 0x00, 0x00, 0x00, 0x00, 0x00, 0x00, 0x00, 0x00, 0x00, 0x00,
  0x00, 0x00, 0x00, 0x00, 0x00, 0x00, 0x00, 0x00, 0x00, 0x00, 0x00, 0x00,
  0x00, 0x00, 0x00, 0x00, 0x00, 0x00, 0x00, 0x00, 0x00, 0x00, 0x00, 0x00,
  0x00, 0x00, 0x00, 0x00, 0xd0, 0xc3, 0xb9, 0xf2, 0xcf, 0xc3, 0xba, 0xfa,
  0xcf, 0xc3, 0xba, 0xfa, 0xcf, 0xc3, 0xba, 0xfa, 0xcf, 0xc3, 0xba, 0xfa,
  0xcf, 0xc3, 0xba, 0xfa, 0xcf, 0xc3, 0xba, 0xfa, 0xcf, 0xc3, 0xba, 0xfa,
  0xcf, 0xc3, 0xba, 0xfa, 0xcf, 0xc3, 0xba, 0xfa, 0xcf, 0xc3, 0xba, 0xfa,
  0xcf, 0xc3, 0xba, 0xfa, 0xcf, 0xc3, 0xba, 0xfa, 0xcf, 0xc3, 0xba, 0xfa,
  0xcf, 0xc3, 0xba, 0xfa, 0xcf, 0xc3, 0xba, 0xfa, 0xcf, 0xc3, 0xba, 0xfa,
  0xcf, 0xc3, 0xba, 0xfa, 0xcf, 0xc3, 0xba, 0xfa, 0xcf, 0xc3, 0xba, 0xfa,
  0xcf, 0xc3, 0xba, 0xfa, 0xd0, 0xc3, 0xb9, 0xf2, 0x00, 0x00, 0x00, 0x00,
  0x00, 0x00, 0x00, 0x00, 0x00, 0x00, 0x00, 0x00, 0x00, 0x00, 0x00, 0x00,
  0x00, 0x00, 0x00, 0x00, 0x00, 0x00, 0x00, 0x00, 0x00, 0x00, 0x00, 0x00,
  0x00, 0x00, 0x00, 0x00, 0x00, 0x00, 0x00, 0x00, 0x00, 0x00, 0x00, 0x00,
  0x00, 0x00, 0x00, 0x00, 0x00, 0x00, 0x00, 0x00, 0x00, 0x00, 0x00, 0x00,
  0x00, 0x00, 0x00, 0x00, 0x00, 0x00, 0x00, 0x00, 0x00, 0x00, 0x00, 0x00,
  0x00, 0x00, 0x00, 0x00, 0x00, 0x00, 0x00, 0x00, 0x00, 0x00, 0x00, 0x00,
  0x00, 0x00, 0x00, 0x00, 0x00, 0x00, 0x00, 0x00, 0x00, 0x00, 0x00, 0x00,
  0x00, 0x00, 0x00, 0x00, 0x00, 0x00, 0x00, 0x00, 0x00, 0x00, 0x00, 0x00,
  0x00, 0x00, 0x00, 0x00, 0x00, 0x00, 0x00, 0x00, 0x00, 0x00, 0x00, 0x00,
  0x00, 0x00, 0x00, 0x00, 0x00, 0x00, 0x00, 0x00, 0x00, 0x00, 0x00, 0x00,
  0x00, 0x00, 0x00, 0x00, 0x00, 0x00, 0x00, 0x00, 0x00, 0x00, 0x00, 0x00,
  0x00, 0x00, 0x00, 0x00, 0x00, 0x00, 0x00, 0x00, 0x00, 0x00, 0x00, 0x00,
  0x00, 0x00, 0x00, 0x00, 0xcf, 0xc2, 0xb9, 0xde, 0xcf, 0xc3, 0xba, 0xfa,
  0xcf, 0xc3, 0xba, 0xfa, 0xcf, 0xc3, 0xba, 0xfa, 0xcf, 0xc3, 0xba, 0xfa,
  0xcf, 0xc3, 0xba, 0xfa, 0xcf, 0xc3, 0xba, 0xfa, 0xcf, 0xc3, 0xba, 0xfa,
  0xcf, 0xc3, 0xba, 0xfa, 0xcf, 0xc3, 0xba, 0xfa, 0xcf, 0xc3, 0xba, 0xfa,
  0xcf, 0xc3, 0xba, 0xfa, 0xcf, 0xc3, 0xba, 0xfa, 0xcf, 0xc3, 0xba, 0xfa,
  0xcf, 0xc3, 0xba, 0xfa, 0xcf, 0xc3, 0xba, 0xfa, 0xcf, 0xc3, 0xba, 0xfa,
  0xcf, 0xc3, 0xba, 0xfa, 0xcf, 0xc3, 0xba, 0xfa, 0xcf, 0xc3, 0xba, 0xfa,
  0xcf, 0xc3, 0xba, 0xfa, 0xcf, 0xc3, 0xba, 0xdd, 0x00, 0x00, 0x00, 0x00,
  0x00, 0x00, 0x00, 0x00, 0x00, 0x00, 0x00, 0x00, 0x00, 0x00, 0x00, 0x00,
  0x00, 0x00, 0x00, 0x00, 0x00, 0x00, 0x00, 0x00, 0x00, 0x00, 0x00, 0x00,
  0x00, 0x00, 0x00, 0x00, 0x00, 0x00, 0x00, 0x00, 0x00, 0x00, 0x00, 0x00,
  0x00, 0x00, 0x00, 0x00, 0x00, 0x00, 0x00, 0x00, 0x00, 0x00, 0x00, 0x00,
  0x00, 0x00, 0x00, 0x00, 0x00, 0x00, 0x00, 0x00, 0x00, 0x00, 0x00, 0x00,
  0x00, 0x00, 0x00, 0x00, 0x00, 0x00, 0x00, 0x00, 0x00, 0x00, 0x00, 0x00,
  0x00, 0x00, 0x00, 0x00, 0x00, 0x00, 0x00, 0x00, 0x00, 0x00, 0x00, 0x00,
  0x00, 0x00, 0x00, 0x00, 0x00, 0x00, 0x00, 0x00, 0x00, 0x00, 0x00, 0x00,
  0x00, 0x00, 0x00, 0x00, 0x00, 0x00, 0x00, 0x00, 0x00, 0x00, 0x00, 0x00,
  0x00, 0x00, 0x00, 0x00, 0x00, 0x00, 0x00, 0x00, 0x00, 0x00, 0x00, 0x00,
  0x00, 0x00, 0x00, 0x00, 0x00, 0x00, 0x00, 0x00, 0x00, 0x00, 0x00, 0x00,
  0x00, 0x00, 0x00, 0x00, 0x00, 0x00, 0x00, 0x00, 0x00, 0x00, 0x00, 0x00,
  0x00, 0x00, 0x00, 0x00, 0xd0, 0xc3, 0xba, 0xc7, 0xcf, 0xc3, 0xba, 0xfa,
  0xcf, 0xc3, 0xba, 0xfa, 0xcf, 0xc3, 0xba, 0xfa, 0xcf, 0xc3, 0xba, 0xfa,
  0xcf, 0xc3, 0xba, 0xfa, 0xcf, 0xc3, 0xba, 0xfa, 0xcf, 0xc3, 0xba, 0xfa,
  0xcf, 0xc3, 0xba, 0xfa, 0xcf, 0xc3, 0xba, 0xfa, 0xcf, 0xc3, 0xba, 0xfa,
  0xcf, 0xc3, 0xba, 0xfa, 0xcf, 0xc3, 0xba, 0xfa, 0xcf, 0xc3, 0xba, 0xfa,
  0xcf, 0xc3, 0xba, 0xfa, 0xcf, 0xc3, 0xba, 0xfa, 0xcf, 0xc3, 0xba, 0xfa,
  0xcf, 0xc3, 0xba, 0xfa, 0xcf, 0xc3, 0xba, 0xfa, 0xcf, 0xc3, 0xba, 0xfa,
  0xcf, 0xc3, 0xba, 0xfa, 0xcf, 0xc2, 0xb9, 0xc6, 0x00, 0x00, 0x00, 0x00,
  0x00, 0x00, 0x00, 0x00, 0x00, 0x00, 0x00, 0x00, 0x00, 0x00, 0x00, 0x00,
  0x00, 0x00, 0x00, 0x00, 0x00, 0x00, 0x00, 0x00, 0x00, 0x00, 0x00, 0x00,
  0x00, 0x00, 0x00, 0x00, 0x00, 0x00, 0x00, 0x00, 0x00, 0x00, 0x00, 0x00,
  0x00, 0x00, 0x00, 0x00, 0x00, 0x00, 0x00, 0x00, 0x00, 0x00, 0x00, 0x00,
  0x00, 0x00, 0x00, 0x00, 0x00, 0x00, 0x00, 0x00, 0x00, 0x00, 0x00, 0x00,
  0x00, 0x00, 0x00, 0x00, 0x00, 0x00, 0x00, 0x00, 0x00, 0x00, 0x00, 0x00,
  0x00, 0x00, 0x00, 0x00, 0x00, 0x00, 0x00, 0x00, 0x00, 0x00, 0x00, 0x00,
  0x00, 0x00, 0x00, 0x00, 0x00, 0x00, 0x00, 0x00, 0x00, 0x00, 0x00, 0x00,
  0x00, 0x00, 0x00, 0x00, 0x00, 0x00, 0x00, 0x00, 0x00, 0x00, 0x00, 0x00,
  0x00, 0x00, 0x00, 0x00, 0x00, 0x00, 0x00, 0x00, 0x00, 0x00, 0x00, 0x00,
  0x00, 0x00, 0x00, 0x00, 0x00, 0x00, 0x00, 0x00, 0x00, 0x00, 0x00, 0x00,
  0x00, 0x00, 0x00, 0x00, 0x00, 0x00, 0x00, 0x00, 0x00, 0x00, 0x00, 0x00,
  0x00, 0x00, 0x00, 0x00, 0xcf, 0xc4, 0xb9, 0xb0, 0xcf, 0xc3, 0xba, 0xfa,
  0xcf, 0xc3, 0xba, 0xfa, 0xcf, 0xc3, 0xba, 0xfa, 0xcf, 0xc3, 0xba, 0xfa,
  0xcf, 0xc3, 0xba, 0xfa, 0xcf, 0xc3, 0xba, 0xfa, 0xcf, 0xc3, 0xba, 0xfa,
  0xcf, 0xc3, 0xba, 0xfa, 0xcf, 0xc3, 0xba, 0xfa, 0xcf, 0xc3, 0xba, 0xfa,
  0xcf, 0xc3, 0xba, 0xfa, 0xcf, 0xc3, 0xba, 0xfa, 0xcf, 0xc3, 0xba, 0xfa,
  0xcf, 0xc3, 0xba, 0xfa, 0xcf, 0xc3, 0xba, 0xfa, 0xcf, 0xc3, 0xba, 0xfa,
  0xcf, 0xc3, 0xba, 0xfa, 0xcf, 0xc3, 0xba, 0xfa, 0xcf, 0xc3, 0xba, 0xfa,
  0xcf, 0xc3, 0xba, 0xfa, 0xcf, 0xc3, 0xbb, 0xaf, 0x00, 0x00, 0x00, 0x00,
  0x00, 0x00, 0x00, 0x00, 0x00, 0x00, 0x00, 0x00, 0x00, 0x00, 0x00, 0x00,
  0x00, 0x00, 0x00, 0x00, 0x00, 0x00, 0x00, 0x00, 0x00, 0x00, 0x00, 0x00,
  0x00, 0x00, 0x00, 0x00, 0x00, 0x00, 0x00, 0x00, 0x00, 0x00, 0x00, 0x00,
  0x00, 0x00, 0x00, 0x00, 0x00, 0x00, 0x00, 0x00, 0x00, 0x00, 0x00, 0x00,
  0x00, 0x00, 0x00, 0x00, 0x00, 0x00, 0x00, 0x00, 0x00, 0x00, 0x00, 0x00,
  0x00, 0x00, 0x00, 0x00, 0x00, 0x00, 0x00, 0x00, 0x00, 0x00, 0x00, 0x00,
  0x00, 0x00, 0x00, 0x00, 0x00, 0x00, 0x00, 0x00, 0x00, 0x00, 0x00, 0x00,
  0x00, 0x00, 0x00, 0x00, 0x00, 0x00, 0x00, 0x00, 0x00, 0x00, 0x00, 0x00,
  0x00, 0x00, 0x00, 0x00, 0x00, 0x00, 0x00, 0x00, 0x00, 0x00, 0x00, 0x00,
  0x00, 0x00, 0x00, 0x00, 0x00, 0x00, 0x00, 0x00, 0x00, 0x00, 0x00, 0x00,
  0x00, 0x00, 0x00, 0x00, 0x00, 0x00, 0x00, 0x00, 0x00, 0x00, 0x00, 0x00,
  0x00, 0x00, 0x00, 0x00, 0x00, 0x00, 0x00, 0x00, 0x00, 0x00, 0x00, 0x00,
  0x00, 0x00, 0x00, 0x00, 0xcf, 0xc3, 0xb9, 0x9a, 0xcf, 0xc3, 0xba, 0xfa,
  0xcf, 0xc3, 0xba, 0xfa, 0xcf, 0xc3, 0xba, 0xfa, 0xcf, 0xc3, 0xba, 0xfa,
  0xcf, 0xc3, 0xba, 0xfa, 0xcf, 0xc3, 0xba, 0xfa, 0xcf, 0xc3, 0xba, 0xfa,
  0xcf, 0xc3, 0xba, 0xfa, 0xcf, 0xc3, 0xba, 0xfa, 0xcf, 0xc3, 0xba, 0xfa,
  0xcf, 0xc3, 0xba, 0xfa, 0xcf, 0xc3, 0xba, 0xfa, 0xcf, 0xc3, 0xba, 0xfa,
  0xcf, 0xc3, 0xba, 0xfa, 0xcf, 0xc3, 0xba, 0xfa, 0xcf, 0xc3, 0xba, 0xfa,
  0xcf, 0xc3, 0xba, 0xfa, 0xcf, 0xc3, 0xba, 0xfa, 0xcf, 0xc3, 0xba, 0xfa,
  0xcf, 0xc3, 0xba, 0xfa, 0xcf, 0xc3, 0xb9, 0x99, 0x00, 0x00, 0x00, 0x00,
  0x00, 0x00, 0x00, 0x00, 0x00, 0x00, 0x00, 0x00, 0x00, 0x00, 0x00, 0x00,
  0x00, 0x00, 0x00, 0x00, 0x00, 0x00, 0x00, 0x00, 0x00, 0x00, 0x00, 0x00,
  0x00, 0x00, 0x00, 0x00, 0x00, 0x00, 0x00, 0x00, 0x00, 0x00, 0x00, 0x00,
  0x00, 0x00, 0x00, 0x00, 0x00, 0x00, 0x00, 0x00, 0x00, 0x00, 0x00, 0x00,
  0x00, 0x00, 0x00, 0x00, 0x00, 0x00, 0x00, 0x00, 0x00, 0x00, 0x00, 0x00,
  0x00, 0x00, 0x00, 0x00, 0x00, 0x00, 0x00, 0x00, 0x00, 0x00, 0x00, 0x00,
  0x00, 0x00, 0x00, 0x00, 0x00, 0x00, 0x00, 0x00, 0x00, 0x00, 0x00, 0x00,
  0x00, 0x00, 0x00, 0x00, 0x00, 0x00, 0x00, 0x00, 0x00, 0x00, 0x00, 0x00,
  0x00, 0x00, 0x00, 0x00, 0x00, 0x00, 0x00, 0x00, 0x00, 0x00, 0x00, 0x00,
  0x00, 0x00, 0x00, 0x00, 0x00, 0x00, 0x00, 0x00, 0x00, 0x00, 0x00, 0x00,
  0x00, 0x00, 0x00, 0x00, 0x00, 0x00, 0x00, 0x00, 0x00, 0x00, 0x00, 0x00,
  0x00, 0x00, 0x00, 0x00, 0x00, 0x00, 0x00, 0x00, 0x00, 0x00, 0x00, 0x00,
  0x00, 0x00, 0x00, 0x00, 0xd0, 0xc3, 0xbb, 0x83, 0xcf, 0xc3, 0xba, 0xfa,
  0xcf, 0xc3, 0xba, 0xfa, 0xcf, 0xc3, 0xba, 0xfa, 0xcf, 0xc3, 0xba, 0xfa,
  0xcf, 0xc3, 0xba, 0xfa, 0xcf, 0xc3, 0xba, 0xfa, 0xcf, 0xc3, 0xba, 0xfa,
  0xcf, 0xc3, 0xba, 0xfa, 0xcf, 0xc3, 0xba, 0xfa, 0xcf, 0xc3, 0xba, 0xfa,
  0xcf, 0xc3, 0xba, 0xfa, 0xcf, 0xc3, 0xba, 0xfa, 0xcf, 0xc3, 0xba, 0xfa,
  0xcf, 0xc3, 0xba, 0xfa, 0xcf, 0xc3, 0xba, 0xfa, 0xcf, 0xc3, 0xba, 0xfa,
  0xcf, 0xc3, 0xba, 0xfa, 0xcf, 0xc3, 0xba, 0xfa, 0xcf, 0xc3, 0xba, 0xfa,
  0xcf, 0xc3, 0xba, 0xfa, 0xd0, 0xc4, 0xba, 0x82, 0x00, 0x00, 0x00, 0x00,
  0x00, 0x00, 0x00, 0x00, 0x00, 0x00, 0x00, 0x00, 0x00, 0x00, 0x00, 0x00,
  0x00, 0x00, 0x00, 0x00, 0x00, 0x00, 0x00, 0x00, 0x00, 0x00, 0x00, 0x00,
  0x00, 0x00, 0x00, 0x00, 0x00, 0x00, 0x00, 0x00, 0x00, 0x00, 0x00, 0x00,
  0x00, 0x00, 0x00, 0x00, 0x00, 0x00, 0x00, 0x00, 0x00, 0x00, 0x00, 0x00,
  0x00, 0x00, 0x00, 0x00, 0x00, 0x00, 0x00, 0x00, 0x00, 0x00, 0x00, 0x00,
  0x00, 0x00, 0x00, 0x00, 0x00, 0x00, 0x00, 0x00, 0x00, 0x00, 0x00, 0x00,
  0x00, 0x00, 0x00, 0x00, 0x00, 0x00, 0x00, 0x00, 0x00, 0x00, 0x00, 0x00,
  0x00, 0x00, 0x00, 0x00, 0x00, 0x00, 0x00, 0x00, 0x00, 0x00, 0x00, 0x00,
  0x00, 0x00, 0x00, 0x00, 0x00, 0x00, 0x00, 0x00, 0x00, 0x00, 0x00, 0x00,
  0x00, 0x00, 0x00, 0x00, 0x00, 0x00, 0x00, 0x00, 0x00, 0x00, 0x00, 0x00,
  0x00, 0x00, 0x00, 0x00, 0x00, 0x00, 0x00, 0x00, 0x00, 0x00, 0x00, 0x00,
  0x00, 0x00, 0x00, 0x00, 0x00, 0x00, 0x00, 0x00, 0x00, 0x00, 0x00, 0x00,
  0x00, 0x00, 0x00, 0x00, 0xce, 0xc3, 0xb9, 0x6e, 0xcf, 0xc3, 0xba, 0xfa,
  0xcf, 0xc3, 0xba, 0xfa, 0xcf, 0xc3, 0xba, 0xfa, 0xcf, 0xc3, 0xba, 0xfa,
  0xcf, 0xc3, 0xba, 0xfa, 0xcf, 0xc3, 0xba, 0xfa, 0xcf, 0xc3, 0xba, 0xfa,
  0xcf, 0xc3, 0xba, 0xfa, 0xcf, 0xc3, 0xba, 0xfa, 0xcf, 0xc3, 0xba, 0xfa,
  0xcf, 0xc3, 0xba, 0xfa, 0xcf, 0xc3, 0xba, 0xfa, 0xcf, 0xc3, 0xba, 0xfa,
  0xcf, 0xc3, 0xba, 0xfa, 0xcf, 0xc3, 0xba, 0xfa, 0xcf, 0xc3, 0xba, 0xfa,
  0xcf, 0xc3, 0xba, 0xfa, 0xcf, 0xc3, 0xba, 0xfa, 0xcf, 0xc3, 0xba, 0xfa,
  0xcf, 0xc3, 0xba, 0xfa, 0xce, 0xc2, 0xb9, 0x6d, 0x00, 0x00, 0x00, 0x00,
  0x00, 0x00, 0x00, 0x00, 0x00, 0x00, 0x00, 0x00, 0x00, 0x00, 0x00, 0x00,
  0x00, 0x00, 0x00, 0x00, 0x00, 0x00, 0x00, 0x00, 0x00, 0x00, 0x00, 0x00,
  0x00, 0x00, 0x00, 0x00, 0x00, 0x00, 0x00, 0x00, 0x00, 0x00, 0x00, 0x00,
  0x00, 0x00, 0x00, 0x00, 0x00, 0x00, 0x00, 0x00, 0x00, 0x00, 0x00, 0x00,
  0x00, 0x00, 0x00, 0x00, 0x00, 0x00, 0x00, 0x00, 0x00, 0x00, 0x00, 0x00,
  0x00, 0x00, 0x00, 0x00, 0x00, 0x00, 0x00, 0x00, 0x00, 0x00, 0x00, 0x00,
  0x00, 0x00, 0x00, 0x00, 0x00, 0x00, 0x00, 0x00, 0x00, 0x00, 0x00, 0x00,
  0x00, 0x00, 0x00, 0x00, 0x00, 0x00, 0x00, 0x00, 0x00, 0x00, 0x00, 0x00,
  0x00, 0x00, 0x00, 0x00, 0x00, 0x00, 0x00, 0x00, 0x00, 0x00, 0x00, 0x00,
  0x00, 0x00, 0x00, 0x00, 0x00, 0x00, 0x00, 0x00, 0x00, 0x00, 0x00, 0x00,
  0x00, 0x00, 0x00, 0x00, 0x00, 0x00, 0x00, 0x00, 0x00, 0x00, 0x00, 0x00,
  0x00, 0x00, 0x00, 0x00, 0x00, 0x00, 0x00, 0x00, 0x00, 0x00, 0x00, 0x00,
  0x00, 0x00, 0x00, 0x00, 0xd0, 0xc4, 0xbc, 0x57, 0xcf, 0xc3, 0xba, 0xfa,
  0xcf, 0xc3, 0xba, 0xfa, 0xcf, 0xc3, 0xba, 0xfa, 0xcf, 0xc3, 0xba, 0xfa,
  0xcf, 0xc3, 0xba, 0xfa, 0xcf, 0xc3, 0xba, 0xfa, 0xcf, 0xc3, 0xba, 0xfa,
  0xcf, 0xc3, 0xba, 0xfa, 0xcf, 0xc3, 0xba, 0xfa, 0xcf, 0xc3, 0xba, 0xfa,
  0xcf, 0xc3, 0xba, 0xfa, 0xcf, 0xc3, 0xba, 0xfa, 0xcf, 0xc3, 0xba, 0xfa,
  0xcf, 0xc3, 0xba, 0xfa, 0xcf, 0xc3, 0xba, 0xfa, 0xcf, 0xc3, 0xba, 0xfa,
  0xcf, 0xc3, 0xba, 0xfa, 0xcf, 0xc3, 0xba, 0xfa, 0xcf, 0xc3, 0xba, 0xfa,
  0xcf, 0xc3, 0xba, 0xfa, 0xd0, 0xc4, 0xbb, 0x56, 0x00, 0x00, 0x00, 0x00,
  0x00, 0x00, 0x00, 0x00, 0x00, 0x00, 0x00, 0x00, 0x00, 0x00, 0x00, 0x00,
  0x00, 0x00, 0x00, 0x00, 0x00, 0x00, 0x00, 0x00, 0x00, 0x00, 0x00, 0x00,
  0x00, 0x00, 0x00, 0x00, 0x00, 0x00, 0x00, 0x00, 0x00, 0x00, 0x00, 0x00,
  0x00, 0x00, 0x00, 0x00, 0x00, 0x00, 0x00, 0x00, 0x00, 0x00, 0x00, 0x00,
  0x00, 0x00, 0x00, 0x00, 0x00, 0x00, 0x00, 0x00, 0x00, 0x00, 0x00, 0x00,
  0x00, 0x00, 0x00, 0x00, 0x00, 0x00, 0x00, 0x00, 0x00, 0x00, 0x00, 0x00,
  0x00, 0x00, 0x00, 0x00, 0x00, 0x00, 0x00, 0x00, 0x00, 0x00, 0x00, 0x00,
  0x00, 0x00, 0x00, 0x00, 0x00, 0x00, 0x00, 0x00, 0x00, 0x00, 0x00, 0x00,
  0x00, 0x00, 0x00, 0x00, 0x00, 0x00, 0x00, 0x00, 0x00, 0x00, 0x00, 0x00,
  0x00, 0x00, 0x00, 0x00, 0x00, 0x00, 0x00, 0x00, 0x00, 0x00, 0x00, 0x00,
  0x00, 0x00, 0x00, 0x00, 0x00, 0x00, 0x00, 0x00, 0x00, 0x00, 0x00, 0x00,
  0x00, 0x00, 0x00, 0x00, 0x00, 0x00, 0x00, 0x00, 0x00, 0x00, 0x00, 0x00,
  0x00, 0x00, 0x00, 0x00, 0xd0, 0xc0, 0xb8, 0x41, 0xcf, 0xc3, 0xba, 0xfa,
  0xcf, 0xc3, 0xba, 0xfa, 0xcf, 0xc3, 0xba, 0xfa, 0xcf, 0xc3, 0xba, 0xfa,
  0xcf, 0xc3, 0xba, 0xfa, 0xcf, 0xc3, 0xba, 0xfa, 0xcf, 0xc3, 0xba, 0xfa,
  0xcf, 0xc3, 0xba, 0xfa, 0xcf, 0xc3, 0xba, 0xfa, 0xcf, 0xc3, 0xba, 0xfa,
  0xcf, 0xc3, 0xba, 0xfa, 0xcf, 0xc3, 0xba, 0xfa, 0xcf, 0xc3, 0xba, 0xfa,
  0xcf, 0xc3, 0xba, 0xfa, 0xcf, 0xc3, 0xba, 0xfa, 0xcf, 0xc3, 0xba, 0xfa,
  0xcf, 0xc3, 0xba, 0xfa, 0xcf, 0xc3, 0xba, 0xfa, 0xcf, 0xc3, 0xba, 0xfa,
  0xcf, 0xc3, 0xba, 0xfa, 0xcf, 0xc3, 0xb7, 0x40, 0x00, 0x00, 0x00, 0x00,
  0x00, 0x00, 0x00, 0x00, 0x00, 0x00, 0x00, 0x00, 0x00, 0x00, 0x00, 0x00,
  0x00, 0x00, 0x00, 0x00, 0x00, 0x00, 0x00, 0x00, 0x00, 0x00, 0x00, 0x00,
  0x00, 0x00, 0x00, 0x00, 0x00, 0x00, 0x00, 0x00, 0x00, 0x00, 0x00, 0x00,
  0x00, 0x00, 0x00, 0x00, 0x00, 0x00, 0x00, 0x00, 0x00, 0x00, 0x00, 0x00,
  0x00, 0x00, 0x00, 0x00, 0x00, 0x00, 0x00, 0x00, 0x00, 0x00, 0x00, 0x00,
  0x00, 0x00, 0x00, 0x00, 0x00, 0x00, 0x00, 0x00, 0x00, 0x00, 0x00, 0x00,
  0x00, 0x00, 0x00, 0x00, 0x00, 0x00, 0x00, 0x00, 0x00, 0x00, 0x00, 0x00,
  0x00, 0x00, 0x00, 0x00, 0x00, 0x00, 0x00, 0x00, 0x00, 0x00, 0x00, 0x00,
  0x00, 0x00, 0x00, 0x00, 0x00, 0x00, 0x00, 0x00, 0x00, 0x00, 0x00, 0x00,
  0x00, 0x00, 0x00, 0x00, 0x00, 0x00, 0x00, 0x00, 0x00, 0x00, 0x00, 0x00,
  0x00, 0x00, 0x00, 0x00, 0x00, 0x00, 0x00, 0x00, 0x00, 0x00, 0x00, 0x00,
  0x00, 0x00, 0x00, 0x00, 0x00, 0x00, 0x00, 0x00, 0x00, 0x00, 0x00, 0x00,
  0x00, 0x00, 0x00, 0x00, 0xce, 0xc2, 0xbc, 0x2a, 0xcf, 0xc3, 0xba, 0xfa,
  0xcf, 0xc3, 0xba, 0xfa, 0xcf, 0xc3, 0xba, 0xfa, 0xcf, 0xc3, 0xba, 0xfa,
  0xcf, 0xc3, 0xba, 0xfa, 0xcf, 0xc3, 0xba, 0xfa, 0xcf, 0xc3, 0xba, 0xfa,
  0xcf, 0xc3, 0xba, 0xfa, 0xcf, 0xc3, 0xba, 0xfa, 0xcf, 0xc3, 0xba, 0xfa,
  0xcf, 0xc3, 0xba, 0xfa, 0xcf, 0xc3, 0xba, 0xfa, 0xcf, 0xc3, 0xba, 0xfa,
  0xcf, 0xc3, 0xba, 0xfa, 0xcf, 0xc3, 0xba, 0xfa, 0xcf, 0xc3, 0xba, 0xfa,
  0xcf, 0xc3, 0xba, 0xfa, 0xcf, 0xc3, 0xba, 0xfa, 0xcf, 0xc3, 0xba, 0xfa,
  0xcf, 0xc3, 0xba, 0xfa, 0xcd, 0xc1, 0xbb, 0x29, 0x00, 0x00, 0x00, 0x00,
  0x00, 0x00, 0x00, 0x00, 0x00, 0x00, 0x00, 0x00, 0x00, 0x00, 0x00, 0x00,
  0x00, 0x00, 0x00, 0x00, 0x00, 0x00, 0x00, 0x00, 0x00, 0x00, 0x00, 0x00,
  0x00, 0x00, 0x00, 0x00, 0x00, 0x00, 0x00, 0x00, 0x00, 0x00, 0x00, 0x00,
  0x00, 0x00, 0x00, 0x00, 0x00, 0x00, 0x00, 0x00, 0x00, 0x00, 0x00, 0x00,
  0x00, 0x00, 0x00, 0x00, 0x00, 0x00, 0x00, 0x00, 0x00, 0x00, 0x00, 0x00,
  0x00, 0x00, 0x00, 0x00, 0x00, 0x00, 0x00, 0x00, 0x00, 0x00, 0x00, 0x00,
  0x00, 0x00, 0x00, 0x00, 0x00, 0x00, 0x00, 0x00, 0x00, 0x00, 0x00, 0x00,
  0x00, 0x00, 0x00, 0x00, 0x00, 0x00, 0x00, 0x00, 0x00, 0x00, 0x00, 0x00,
  0x00, 0x00, 0x00, 0x00, 0x00, 0x00, 0x00, 0x00, 0x00, 0x00, 0x00, 0x00,
  0x00, 0x00, 0x00, 0x00, 0x00, 0x00, 0x00, 0x00, 0x00, 0x00, 0x00, 0x00,
  0x00, 0x00, 0x00, 0x00, 0x00, 0x00, 0x00, 0x00, 0x00, 0x00, 0x00, 0x00,
  0x00, 0x00, 0x00, 0x00, 0x00, 0x00, 0x00, 0x00, 0x00, 0x00, 0x00, 0x00,
  0x00, 0x00, 0x00, 0x00, 0xcc, 0xbf, 0xb3, 0x14, 0xcf, 0xc3, 0xba, 0xfa,
  0xcf, 0xc3, 0xba, 0xfa, 0xcf, 0xc3, 0xba, 0xfa, 0xcf, 0xc3, 0xba, 0xfa,
  0xcf, 0xc3, 0xba, 0xfa, 0xcf, 0xc3, 0xba, 0xfa, 0xcf, 0xc3, 0xba, 0xfa,
  0xcf, 0xc3, 0xba, 0xfa, 0xcf, 0xc3, 0xba, 0xfa, 0xcf, 0xc3, 0xba, 0xfa,
  0xcf, 0xc3, 0xba, 0xfa, 0xcf, 0xc3, 0xba, 0xfa, 0xcf, 0xc3, 0xba, 0xfa,
  0xcf, 0xc3, 0xba, 0xfa, 0xcf, 0xc3, 0xba, 0xfa, 0xcf, 0xc3, 0xba, 0xfa,
  0xcf, 0xc3, 0xba, 0xfa, 0xcf, 0xc3, 0xba, 0xfa, 0xcf, 0xc3, 0xba, 0xfa,
  0xcf, 0xc3, 0xba, 0xfa, 0xc9, 0xbc, 0xbc, 0x13, 0x00, 0x00, 0x00, 0x00,
  0x00, 0x00, 0x00, 0x00, 0x00, 0x00, 0x00, 0x00, 0x00, 0x00, 0x00, 0x00,
  0x00, 0x00, 0x00, 0x00, 0x00, 0x00, 0x00, 0x00, 0x00, 0x00, 0x00, 0x00,
  0x00, 0x00, 0x00, 0x00, 0x00, 0x00, 0x00, 0x00, 0x00, 0x00, 0x00, 0x00,
  0x00, 0x00, 0x00, 0x00, 0x00, 0x00, 0x00, 0x00, 0x00, 0x00, 0x00, 0x00,
  0x00, 0x00, 0x00, 0x00, 0x00, 0x00, 0x00, 0x00, 0x00, 0x00, 0x00, 0x00,
  0x00, 0x00, 0x00, 0x00, 0x00, 0x00, 0x00, 0x00, 0x00, 0x00, 0x00, 0x00,
  0x00, 0x00, 0x00, 0x00, 0x00, 0x00, 0x00, 0x00, 0x00, 0x00, 0x00, 0x00,
  0x00, 0x00, 0x00, 0x00, 0x00, 0x00, 0x00, 0x00, 0x00, 0x00, 0x00, 0x00,
  0x00, 0x00, 0x00, 0x00, 0x00, 0x00, 0x00, 0x00, 0x00, 0x00, 0x00, 0x00,
  0x00, 0x00, 0x00, 0x00, 0x00, 0x00, 0x00, 0x00, 0x00, 0x00, 0x00, 0x00,
  0x00, 0x00, 0x00, 0x00, 0x00, 0x00, 0x00, 0x00, 0x00, 0x00, 0x00, 0x00,
  0x00, 0x00, 0x00, 0x00, 0x00, 0x00, 0x00, 0x00, 0x00, 0x00, 0x00, 0x00,
  0x00, 0x00, 0x00, 0x00, 0xff, 0xff, 0xff, 0x01, 0xcf, 0xc3, 0xb9, 0xf5,
  0xcf, 0xc3, 0xba, 0xfa, 0xcf, 0xc3, 0xba, 0xfa, 0xcf, 0xc3, 0xba, 0xfa,
  0xcf, 0xc3, 0xba, 0xfa, 0xcf, 0xc3, 0xba, 0xfa, 0xcf, 0xc3, 0xba, 0xfa,
  0xcf, 0xc3, 0xba, 0xfa, 0xcf, 0xc3, 0xba, 0xfa, 0xcf, 0xc3, 0xba, 0xfa,
  0xcf, 0xc3, 0xba, 0xfa, 0xcf, 0xc3, 0xba, 0xfa, 0xcf, 0xc3, 0xba, 0xfa,
  0xcf, 0xc3, 0xba, 0xfa, 0xcf, 0xc3, 0xba, 0xfa, 0xcf, 0xc3, 0xba, 0xfa,
  0xcf, 0xc3, 0xba, 0xfa, 0xcf, 0xc3, 0xba, 0xfa, 0xcf, 0xc3, 0xba, 0xfa,
  0xcf, 0xc3, 0xba, 0xf6, 0xff, 0x80, 0x80, 0x02, 0x00, 0x00, 0x00, 0x00,
  0x00, 0x00, 0x00, 0x00, 0x00, 0x00, 0x00, 0x00, 0x00, 0x00, 0x00, 0x00,
  0x00, 0x00, 0x00, 0x00, 0x00, 0x00, 0x00, 0x00, 0x00, 0x00, 0x00, 0x00,
  0x00, 0x00, 0x00, 0x00, 0x00, 0x00, 0x00, 0x00, 0x00, 0x00, 0x00, 0x00,
  0x00, 0x00, 0x00, 0x00, 0x00, 0x00, 0x00, 0x00, 0x00, 0x00, 0x00, 0x00,
  0x00, 0x00, 0x00, 0x00, 0x00, 0x00, 0x00, 0x00, 0x00, 0x00, 0x00, 0x00,
  0x00, 0x00, 0x00, 0x00, 0x00, 0x00, 0x00, 0x00, 0x00, 0x00, 0x00, 0x00,
  0x00, 0x00, 0x00, 0x00, 0x00, 0x00, 0x00, 0x00, 0x00, 0x00, 0x00, 0x00,
  0x00, 0x00, 0x00, 0x00, 0x00, 0x00, 0x00, 0x00, 0x00, 0x00, 0x00, 0x00,
  0x00, 0x00, 0x00, 0x00, 0x00, 0x00, 0x00, 0x00, 0x00, 0x00, 0x00, 0x00,
  0x00, 0x00, 0x00, 0x00, 0x00, 0x00, 0x00, 0x00, 0x00, 0x00, 0x00, 0x00,
  0x00, 0x00, 0x00, 0x00, 0x00, 0x00, 0x00, 0x00, 0x00, 0x00, 0x00, 0x00,
  0x00, 0x00, 0x00, 0x00, 0x00, 0x00, 0x00, 0x00, 0x00, 0x00, 0x00, 0x00,
  0x00, 0x00, 0x00, 0x00, 0x00, 0x00, 0x00, 0x00, 0xcf, 0xc3, 0xba, 0xe1,
  0xcf, 0xc3, 0xba, 0xfa, 0xcf, 0xc3, 0xba, 0xfa, 0xcf, 0xc3, 0xba, 0xfa,
  0xcf, 0xc3, 0xba, 0xfa, 0xcf, 0xc3, 0xba, 0xfa, 0xcf, 0xc3, 0xba, 0xfa,
  0xcf, 0xc3, 0xba, 0xfa, 0xcf, 0xc3, 0xba, 0xfa, 0xcf, 0xc3, 0xba, 0xfa,
  0xcf, 0xc3, 0xba, 0xfa, 0xcf, 0xc3, 0xba, 0xfa, 0xcf, 0xc3, 0xba, 0xfa,
  0xcf, 0xc3, 0xba, 0xfa, 0xcf, 0xc3, 0xba, 0xfa, 0xcf, 0xc3, 0xba, 0xfa,
  0xcf, 0xc3, 0xba, 0xfa, 0xcf, 0xc3, 0xba, 0xfa, 0xcf, 0xc3, 0xba, 0xfa,
  0xce, 0xc3, 0xb9, 0xe1, 0x00, 0x00, 0x00, 0x00, 0x00, 0x00, 0x00, 0x00,
  0x00, 0x00, 0x00, 0x00, 0x00, 0x00, 0x00, 0x00, 0x00, 0x00, 0x00, 0x00,
  0x00, 0x00, 0x00, 0x00, 0x00, 0x00, 0x00, 0x00, 0x00, 0x00, 0x00, 0x00,
  0x00, 0x00, 0x00, 0x00, 0x00, 0x00, 0x00, 0x00, 0x00, 0x00, 0x00, 0x00,
  0x00, 0x00, 0x00, 0x00, 0x00, 0x00, 0x00, 0x00, 0x00, 0x00, 0x00, 0x00,
  0x00, 0x00, 0x00, 0x00, 0x00, 0x00, 0x00, 0x00, 0x00, 0x00, 0x00, 0x00,
  0x00, 0x00, 0x00, 0x00, 0x00, 0x00, 0x00, 0x00, 0x00, 0x00, 0x00, 0x00,
  0x00, 0x00, 0x00, 0x00, 0x00, 0x00, 0x00, 0x00, 0x00, 0x00, 0x00, 0x00,
  0x00, 0x00, 0x00, 0x00, 0x00, 0x00, 0x00, 0x00, 0x00, 0x00, 0x00, 0x00,
  0x00, 0x00, 0x00, 0x00, 0x00, 0x00, 0x00, 0x00, 0x00, 0x00, 0x00, 0x00,
  0x00, 0x00, 0x00, 0x00, 0x00, 0x00, 0x00, 0x00, 0x00, 0x00, 0x00, 0x00,
  0x00, 0x00, 0x00, 0x00, 0x00, 0x00, 0x00, 0x00, 0x00, 0x00, 0x00, 0x00,
  0x00, 0x00, 0x00, 0x00, 0x00, 0x00, 0x00, 0x00, 0x00, 0x00, 0x00, 0x00,
  0x00, 0x00, 0x00, 0x00, 0x00, 0x00, 0x00, 0x00, 0xcf, 0xc3, 0xba, 0xcb,
  0xcf, 0xc3, 0xba, 0xfa, 0xcf, 0xc3, 0xba, 0xfa, 0xcf, 0xc3, 0xba, 0xfa,
  0xcf, 0xc3, 0xba, 0xfa, 0xcf, 0xc3, 0xba, 0xfa, 0xcf, 0xc3, 0xba, 0xfa,
  0xcf, 0xc3, 0xba, 0xfa, 0xcf, 0xc3, 0xba, 0xfa, 0xcf, 0xc3, 0xba, 0xfa,
  0xcf, 0xc3, 0xba, 0xfa, 0xcf, 0xc3, 0xba, 0xfa, 0xcf, 0xc3, 0xba, 0xfa,
  0xcf, 0xc3, 0xba, 0xfa, 0xcf, 0xc3, 0xba, 0xfa, 0xcf, 0xc3, 0xba, 0xfa,
  0xcf, 0xc3, 0xba, 0xfa, 0xcf, 0xc3, 0xba, 0xfa, 0xcf, 0xc3, 0xba, 0xfa,
  0xcf, 0xc2, 0xba, 0xca, 0x00, 0x00, 0x00, 0x00, 0x00, 0x00, 0x00, 0x00,
  0x00, 0x00, 0x00, 0x00, 0x00, 0x00, 0x00, 0x00, 0x00, 0x00, 0x00, 0x00,
  0x00, 0x00, 0x00, 0x00, 0x00, 0x00, 0x00, 0x00, 0x00, 0x00, 0x00, 0x00,
  0x00, 0x00, 0x00, 0x00, 0x00, 0x00, 0x00, 0x00, 0x00, 0x00, 0x00, 0x00,
  0x00, 0x00, 0x00, 0x00, 0x00, 0x00, 0x00, 0x00, 0x00, 0x00, 0x00, 0x00,
  0x00, 0x00, 0x00, 0x00, 0x00, 0x00, 0x00, 0x00, 0x00, 0x00, 0x00, 0x00,
  0x00, 0x00, 0x00, 0x00, 0x00, 0x00, 0x00, 0x00, 0x00, 0x00, 0x00, 0x00,
  0x00, 0x00, 0x00, 0x00, 0x00, 0x00, 0x00, 0x00, 0x00, 0x00, 0x00, 0x00,
  0x00, 0x00, 0x00, 0x00, 0x00, 0x00, 0x00, 0x00, 0x00, 0x00, 0x00, 0x00,
  0x00, 0x00, 0x00, 0x00, 0x00, 0x00, 0x00, 0x00, 0x00, 0x00, 0x00, 0x00,
  0x00, 0x00, 0x00, 0x00, 0x00, 0x00, 0x00, 0x00, 0x00, 0x00, 0x00, 0x00,
  0x00, 0x00, 0x00, 0x00, 0x00, 0x00, 0x00, 0x00, 0x00, 0x00, 0x00, 0x00,
  0x00, 0x00, 0x00, 0x00, 0x00, 0x00, 0x00, 0x00, 0x00, 0x00, 0x00, 0x00,
  0x00, 0x00, 0x00, 0x00, 0x00, 0x00, 0x00, 0x00, 0xcf, 0xc4, 0xba, 0xb5,
  0xcf, 0xc3, 0xba, 0xfa, 0xcf, 0xc3, 0xba, 0xfa, 0xcf, 0xc3, 0xba, 0xfa,
  0xcf, 0xc3, 0xba, 0xfa, 0xcf, 0xc3, 0xba, 0xfa, 0xcf, 0xc3, 0xba, 0xfa,
  0xcf, 0xc3, 0xba, 0xfa, 0xcf, 0xc3, 0xba, 0xfa, 0xcf, 0xc3, 0xba, 0xfa,
  0xcf, 0xc3, 0xba, 0xfa, 0xcf, 0xc3, 0xba, 0xfa, 0xcf, 0xc3, 0xba, 0xfa,
  0xcf, 0xc3, 0xba, 0xfa, 0xcf, 0xc3, 0xba, 0xfa, 0xcf, 0xc3, 0xba, 0xfa,
  0xcf, 0xc3, 0xba, 0xfa, 0xcf, 0xc3, 0xba, 0xfa, 0xcf, 0xc3, 0xba, 0xfa,
  0xcf, 0xc4, 0xba, 0xb4, 0x00, 0x00, 0x00, 0x00, 0x00, 0x00, 0x00, 0x00,
  0x00, 0x00, 0x00, 0x00, 0x00, 0x00, 0x00, 0x00, 0x00, 0x00, 0x00, 0x00,
  0x00, 0x00, 0x00, 0x00, 0x00, 0x00, 0x00, 0x00, 0x00, 0x00, 0x00, 0x00,
  0x00, 0x00, 0x00, 0x00, 0x00, 0x00, 0x00, 0x00, 0x00, 0x00, 0x00, 0x00,
  0x00, 0x00, 0x00, 0x00, 0x00, 0x00, 0x00, 0x00, 0x00, 0x00, 0x00, 0x00,
  0x00, 0x00, 0x00, 0x00, 0x00, 0x00, 0x00, 0x00, 0x00, 0x00, 0x00, 0x00,
  0x00, 0x00, 0x00, 0x00, 0x00, 0x00, 0x00, 0x00, 0x00, 0x00, 0x00, 0x00,
  0x00, 0x00, 0x00, 0x00, 0x00, 0x00, 0x00, 0x00, 0x00, 0x00, 0x00, 0x00,
  0x00, 0x00, 0x00, 0x00, 0x00, 0x00, 0x00, 0x00, 0x00, 0x00, 0x00, 0x00,
  0x00, 0x00, 0x00, 0x00, 0x00, 0x00, 0x00, 0x00, 0x00, 0x00, 0x00, 0x00,
  0x00, 0x00, 0x00, 0x00, 0x00, 0x00, 0x00, 0x00, 0x00, 0x00, 0x00, 0x00,
  0x00, 0x00, 0x00, 0x00, 0x00, 0x00, 0x00, 0x00, 0x00, 0x00, 0x00, 0x00,
  0x00, 0x00, 0x00, 0x00, 0x00, 0x00, 0x00, 0x00, 0x00, 0x00, 0x00, 0x00,
  0x00, 0x00, 0x00, 0x00, 0x00, 0x00, 0x00, 0x00, 0xcf, 0xc2, 0xba, 0x9f,
  0xcf, 0xc3, 0xba, 0xfa, 0xcf, 0xc3, 0xba, 0xfa, 0xcf, 0xc3, 0xba, 0xfa,
  0xcf, 0xc3, 0xba, 0xfa, 0xcf, 0xc3, 0xba, 0xfa, 0xcf, 0xc3, 0xba, 0xfa,
  0xcf, 0xc3, 0xba, 0xfa, 0xcf, 0xc3, 0xba, 0xfa, 0xcf, 0xc3, 0xba, 0xfa,
  0xcf, 0xc3, 0xba, 0xfa, 0xcf, 0xc3, 0xba, 0xfa, 0xcf, 0xc3, 0xba, 0xfa,
  0xcf, 0xc3, 0xba, 0xfa, 0xcf, 0xc3, 0xba, 0xfa, 0xcf, 0xc3, 0xba, 0xfa,
  0xcf, 0xc3, 0xba, 0xfa, 0xcf, 0xc3, 0xba, 0xfa, 0xcf, 0xc3, 0xba, 0xfa,
  0xcf, 0xc3, 0xba, 0x9e, 0x00, 0x00, 0x00, 0x00, 0x00, 0x00, 0x00, 0x00,
  0x00, 0x00, 0x00, 0x00, 0x00, 0x00, 0x00, 0x00, 0x00, 0x00, 0x00, 0x00,
  0x00, 0x00, 0x00, 0x00, 0x00, 0x00, 0x00, 0x00, 0x00, 0x00, 0x00, 0x00,
  0x00, 0x00, 0x00, 0x00, 0x00, 0x00, 0x00, 0x00, 0x00, 0x00, 0x00, 0x00,
  0x00, 0x00, 0x00, 0x00, 0x00, 0x00, 0x00, 0x00, 0x00, 0x00, 0x00, 0x00,
  0x00, 0x00, 0x00, 0x00, 0x00, 0x00, 0x00, 0x00, 0x00, 0x00, 0x00, 0x00,
  0x00, 0x00, 0x00, 0x00, 0x00, 0x00, 0x00, 0x00, 0x00, 0x00, 0x00, 0x00,
  0x00, 0x00, 0x00, 0x00, 0x00, 0x00, 0x00, 0x00, 0x00, 0x00, 0x00, 0x00,
  0x00, 0x00, 0x00, 0x00, 0x00, 0x00, 0x00, 0x00, 0x00, 0x00, 0x00, 0x00,
  0x00, 0x00, 0x00, 0x00, 0x00, 0x00, 0x00, 0x00, 0x00, 0x00, 0x00, 0x00,
  0x00, 0x00, 0x00, 0x00, 0x00, 0x00, 0x00, 0x00, 0x00, 0x00, 0x00, 0x00,
  0x00, 0x00, 0x00, 0x00, 0x00, 0x00, 0x00, 0x00, 0x00, 0x00, 0x00, 0x00,
  0x00, 0x00, 0x00, 0x00, 0x00, 0x00, 0x00, 0x00, 0x00, 0x00, 0x00, 0x00,
  0x00, 0x00, 0x00, 0x00, 0x00, 0x00, 0x00, 0x00, 0xd0, 0xc3, 0xba, 0x88,
  0xcf, 0xc3, 0xba, 0xfa, 0xcf, 0xc3, 0xba, 0xfa, 0xcf, 0xc3, 0xba, 0xfa,
  0xcf, 0xc3, 0xba, 0xfa, 0xcf, 0xc3, 0xba, 0xfa, 0xcf, 0xc3, 0xba, 0xfa,
  0xcf, 0xc3, 0xba, 0xfa, 0xcf, 0xc3, 0xba, 0xfa, 0xcf, 0xc3, 0xba, 0xfa,
  0xcf, 0xc3, 0xba, 0xfa, 0xcf, 0xc3, 0xba, 0xfa, 0xcf, 0xc3, 0xba, 0xfa,
  0xcf, 0xc3, 0xba, 0xfa, 0xcf, 0xc3, 0xba, 0xfa, 0xcf, 0xc3, 0xba, 0xfa,
  0xcf, 0xc3, 0xba, 0xfa, 0xcf, 0xc3, 0xba, 0xfa, 0xcf, 0xc3, 0xba, 0xfa,
  0xd0, 0xc3, 0xb9, 0x87, 0x00, 0x00, 0x00, 0x00, 0x00, 0x00, 0x00, 0x00,
  0x00, 0x00, 0x00, 0x00, 0x00, 0x00, 0x00, 0x00, 0x00, 0x00, 0x00, 0x00,
  0x00, 0x00, 0x00, 0x00, 0x00, 0x00, 0x00, 0x00, 0x00, 0x00, 0x00, 0x00,
  0x00, 0x00, 0x00, 0x00, 0x00, 0x00, 0x00, 0x00, 0x00, 0x00, 0x00, 0x00,
  0x00, 0x00, 0x00, 0x00, 0x00, 0x00, 0x00, 0x00, 0x00, 0x00, 0x00, 0x00,
  0x00, 0x00, 0x00, 0x00, 0x00, 0x00, 0x00, 0x00, 0x00, 0x00, 0x00, 0x00,
  0x00, 0x00, 0x00, 0x00, 0x00, 0x00, 0x00, 0x00, 0x00, 0x00, 0x00, 0x00,
  0x00, 0x00, 0x00, 0x00, 0x00, 0x00, 0x00, 0x00, 0x00, 0x00, 0x00, 0x00,
  0x00, 0x00, 0x00, 0x00, 0x00, 0x00, 0x00, 0x00, 0x00, 0x00, 0x00, 0x00,
  0x00, 0x00, 0x00, 0x00, 0x00, 0x00, 0x00, 0x00, 0x00, 0x00, 0x00, 0x00,
  0x00, 0x00, 0x00, 0x00, 0x00, 0x00, 0x00, 0x00, 0x00, 0x00, 0x00, 0x00,
  0x00, 0x00, 0x00, 0x00, 0x00, 0x00, 0x00, 0x00, 0x00, 0x00, 0x00, 0x00,
  0x00, 0x00, 0x00, 0x00, 0x00, 0x00, 0x00, 0x00, 0x00, 0x00, 0x00, 0x00,
  0x00, 0x00, 0x00, 0x00, 0x00, 0x00, 0x00, 0x00, 0xce, 0xc3, 0xba, 0x72,
  0xcf, 0xc3, 0xba, 0xfa, 0xcf, 0xc3, 0xba, 0xfa, 0xcf, 0xc3, 0xba, 0xfa,
  0xcf, 0xc3, 0xba, 0xfa, 0xcf, 0xc3, 0xba, 0xfa, 0xcf, 0xc3, 0xba, 0xfa,
  0xcf, 0xc3, 0xba, 0xfa, 0xcf, 0xc3, 0xba, 0xfa, 0xcf, 0xc3, 0xba, 0xfa,
  0xcf, 0xc3, 0xba, 0xfa, 0xcf, 0xc3, 0xba, 0xfa, 0xcf, 0xc3, 0xba, 0xfa,
  0xcf, 0xc3, 0xba, 0xfa, 0xcf, 0xc3, 0xba, 0xfa, 0xcf, 0xc3, 0xba, 0xfa,
  0xcf, 0xc3, 0xba, 0xfa, 0xcf, 0xc3, 0xba, 0xfa, 0xcf, 0xc3, 0xba, 0xfa,
  0xd0, 0xc2, 0xb9, 0x71, 0x00, 0x00, 0x00, 0x00, 0x00, 0x00, 0x00, 0x00,
  0x00, 0x00, 0x00, 0x00, 0x00, 0x00, 0x00, 0x00, 0x00, 0x00, 0x00, 0x00,
  0x00, 0x00, 0x00, 0x00, 0x00, 0x00, 0x00, 0x00, 0x00, 0x00, 0x00, 0x00,
  0x00, 0x00, 0x00, 0x00, 0x00, 0x00, 0x00, 0x00, 0x00, 0x00, 0x00, 0x00,
  0x00, 0x00, 0x00, 0x00, 0x00, 0x00, 0x00, 0x00, 0x00, 0x00, 0x00, 0x00,
  0x00, 0x00, 0x00, 0x00, 0x00, 0x00, 0x00, 0x00, 0x00, 0x00, 0x00, 0x00,
  0x00, 0x00, 0x00, 0x00, 0x00, 0x00, 0x00, 0x00, 0x00, 0x00, 0x00, 0x00,
  0x00, 0x00, 0x00, 0x00, 0x00, 0x00, 0x00, 0x00, 0x00, 0x00, 0x00, 0x00,
  0x00, 0x00, 0x00, 0x00, 0x00, 0x00, 0x00, 0x00, 0x00, 0x00, 0x00, 0x00,
  0x00, 0x00, 0x00, 0x00, 0x00, 0x00, 0x00, 0x00, 0x00, 0x00, 0x00, 0x00,
  0x00, 0x00, 0x00, 0x00, 0x00, 0x00, 0x00, 0x00, 0x00, 0x00, 0x00, 0x00,
  0x00, 0x00, 0x00, 0x00, 0x00, 0x00, 0x00, 0x00, 0x00, 0x00, 0x00, 0x00,
  0x00, 0x00, 0x00, 0x00, 0x00, 0x00, 0x00, 0x00, 0x00, 0x00, 0x00, 0x00,
  0x00, 0x00, 0x00, 0x00, 0x00, 0x00, 0x00, 0x00, 0xcf, 0xc4, 0xb9, 0x5b,
  0xcf, 0xc3, 0xba, 0xfa, 0xcf, 0xc3, 0xba, 0xfa, 0xcf, 0xc3, 0xba, 0xfa,
  0xcf, 0xc3, 0xba, 0xfa, 0xcf, 0xc3, 0xba, 0xfa, 0xcf, 0xc3, 0xba, 0xfa,
  0xcf, 0xc3, 0xba, 0xfa, 0xcf, 0xc3, 0xba, 0xfa, 0xcf, 0xc3, 0xba, 0xfa,
  0xcf, 0xc3, 0xba, 0xfa, 0xcf, 0xc3, 0xba, 0xfa, 0xcf, 0xc3, 0xba, 0xfa,
  0xcf, 0xc3, 0xba, 0xfa, 0xcf, 0xc3, 0xba, 0xfa, 0xcf, 0xc3, 0xba, 0xfa,
  0xcf, 0xc3, 0xba, 0xfa, 0xcf, 0xc3, 0xba, 0xfa, 0xcf, 0xc3, 0xba, 0xfa,
  0xcf, 0xc4, 0xbb, 0x5a, 0x00, 0x00, 0x00, 0x00, 0x00, 0x00, 0x00, 0x00,
  0x00, 0x00, 0x00, 0x00, 0x00, 0x00, 0x00, 0x00, 0x00, 0x00, 0x00, 0x00,
  0x00, 0x00, 0x00, 0x00, 0x00, 0x00, 0x00, 0x00, 0x00, 0x00, 0x00, 0x00,
  0x00, 0x00, 0x00, 0x00, 0x00, 0x00, 0x00, 0x00, 0x00, 0x00, 0x00, 0x00,
  0x00, 0x00, 0x00, 0x00, 0x00, 0x00, 0x00, 0x00, 0x00, 0x00, 0x00, 0x00,
  0x00, 0x00, 0x00, 0x00, 0x00, 0x00, 0x00, 0x00, 0x00, 0x00, 0x00, 0x00,
  0x00, 0x00, 0x00, 0x00, 0x00, 0x00, 0x00, 0x00, 0x00, 0x00, 0x00, 0x00,
  0x00, 0x00, 0x00, 0x00, 0x00, 0x00, 0x00, 0x00, 0x00, 0x00, 0x00, 0x00,
  0x00, 0x00, 0x00, 0x00, 0x00, 0x00, 0x00, 0x00, 0x00, 0x00, 0x00, 0x00,
  0x00, 0x00, 0x00, 0x00, 0x00, 0x00, 0x00, 0x00, 0x00, 0x00, 0x00, 0x00,
  0x00, 0x00, 0x00, 0x00, 0x00, 0x00, 0x00, 0x00, 0x00, 0x00, 0x00, 0x00,
  0x00, 0x00, 0x00, 0x00, 0x00, 0x00, 0x00, 0x00, 0x00, 0x00, 0x00, 0x00,
  0x00, 0x00, 0x00, 0x00, 0x00, 0x00, 0x00, 0x00, 0x00, 0x00, 0x00, 0x00,
  0x00, 0x00, 0x00, 0x00, 0x00, 0x00, 0x00, 0x00, 0xcf, 0xc0, 0xb9, 0x45,
  0xcf, 0xc3, 0xba, 0xfa, 0xcf, 0xc3, 0xba, 0xfa, 0xcf, 0xc3, 0xba, 0xfa,
  0xcf, 0xc3, 0xba, 0xfa, 0xcf, 0xc3, 0xba, 0xfa, 0xcf, 0xc3, 0xba, 0xfa,
  0xcf, 0xc3, 0xba, 0xfa, 0xcf, 0xc3, 0xba, 0xfa, 0xcf, 0xc3, 0xba, 0xfa,
  0xcf, 0xc3, 0xba, 0xfa, 0xcf, 0xc3, 0xba, 0xfa, 0xcf, 0xc3, 0xba, 0xfa,
  0xcf, 0xc3, 0xba, 0xfa, 0xcf, 0xc3, 0xba, 0xfa, 0xcf, 0xc3, 0xba, 0xfa,
  0xcf, 0xc3, 0xba, 0xfa, 0xcf, 0xc3, 0xba, 0xfa, 0xcf, 0xc3, 0xba, 0xfa,
  0xce, 0xc3, 0xb8, 0x44, 0x00, 0x00, 0x00, 0x00, 0x00, 0x00, 0x00, 0x00,
  0x00, 0x00, 0x00, 0x00, 0x00, 0x00, 0x00, 0x00, 0x00, 0x00, 0x00, 0x00,
  0x00, 0x00, 0x00, 0x00, 0x00, 0x00, 0x00, 0x00, 0x00, 0x00, 0x00, 0x00,
  0x00, 0x00, 0x00, 0x00, 0x00, 0x00, 0x00, 0x00, 0x00, 0x00, 0x00, 0x00,
  0x00, 0x00, 0x00, 0x00, 0x00, 0x00, 0x00, 0x00, 0x00, 0x00, 0x00, 0x00,
  0x00, 0x00, 0x00, 0x00, 0x00, 0x00, 0x00, 0x00, 0x00, 0x00, 0x00, 0x00,
  0x00, 0x00, 0x00, 0x00, 0x00, 0x00, 0x00, 0x00, 0x00, 0x00, 0x00, 0x00,
  0x00, 0x00, 0x00, 0x00, 0x00, 0x00, 0x00, 0x00, 0x00, 0x00, 0x00, 0x00,
  0x00, 0x00, 0x00, 0x00, 0x00, 0x00, 0x00, 0x00, 0x00, 0x00, 0x00, 0x00,
  0x00, 0x00, 0x00, 0x00, 0x00, 0x00, 0x00, 0x00, 0x00, 0x00, 0x00, 0x00,
  0x00, 0x00, 0x00, 0x00, 0x00, 0x00, 0x00, 0x00, 0x00, 0x00, 0x00, 0x00,
  0x00, 0x00, 0x00, 0x00, 0x00, 0x00, 0x00, 0x00, 0x00, 0x00, 0x00, 0x00,
  0x00, 0x00, 0x00, 0x00, 0x00, 0x00, 0x00, 0x00, 0x00, 0x00, 0x00, 0x00,
  0x00, 0x00, 0x00, 0x00, 0x00, 0x00, 0x00, 0x00, 0xce, 0xc3, 0xb8, 0x2f,
  0xcf, 0xc3, 0xba, 0xfa, 0xcf, 0xc3, 0xba, 0xfa, 0xcf, 0xc3, 0xba, 0xfa,
  0xcf, 0xc3, 0xba, 0xfa, 0xcf, 0xc3, 0xba, 0xfa, 0xcf, 0xc3, 0xba, 0xfa,
  0xcf, 0xc3, 0xba, 0xfa, 0xcf, 0xc3, 0xba, 0xfa, 0xcf, 0xc3, 0xba, 0xfa,
  0xcf, 0xc3, 0xba, 0xfa, 0xcf, 0xc3, 0xba, 0xfa, 0xcf, 0xc3, 0xba, 0xfa,
  0xcf, 0xc3, 0xba, 0xfa, 0xcf, 0xc3, 0xba, 0xfa, 0xcf, 0xc3, 0xba, 0xfa,
  0xcf, 0xc3, 0xba, 0xfa, 0xcf, 0xc3, 0xba, 0xfa, 0xcf, 0xc3, 0xba, 0xfa,
  0xcd, 0xc2, 0xbc, 0x2e, 0x00, 0x00, 0x00, 0x00, 0x00, 0x00, 0x00, 0x00,
  0x00, 0x00, 0x00, 0x00, 0x00, 0x00, 0x00, 0x00, 0x00, 0x00, 0x00, 0x00,
  0x00, 0x00, 0x00, 0x00, 0x00, 0x00, 0x00, 0x00, 0x00, 0x00, 0x00, 0x00,
  0x00, 0x00, 0x00, 0x00, 0x00, 0x00, 0x00, 0x00, 0x00, 0x00, 0x00, 0x00,
  0x00, 0x00, 0x00, 0x00, 0x00, 0x00, 0x00, 0x00, 0x00, 0x00, 0x00, 0x00,
  0x00, 0x00, 0x00, 0x00, 0x00, 0x00, 0x00, 0x00, 0x00, 0x00, 0x00, 0x00,
  0x00, 0x00, 0x00, 0x00, 0x00, 0x00, 0x00, 0x00, 0x00, 0x00, 0x00, 0x00,
  0x00, 0x00, 0x00, 0x00, 0x00, 0x00, 0x00, 0x00, 0x00, 0x00, 0x00, 0x00,
  0x00, 0x00, 0x00, 0x00, 0x00, 0x00, 0x00, 0x00, 0x00, 0x00, 0x00, 0x00,
  0x00, 0x00, 0x00, 0x00, 0x00, 0x00, 0x00, 0x00, 0x00, 0x00, 0x00, 0x00,
  0x00, 0x00, 0x00, 0x00, 0x00, 0x00, 0x00, 0x00, 0x00, 0x00, 0x00, 0x00,
  0x00, 0x00, 0x00, 0x00, 0x00, 0x00, 0x00, 0x00, 0x00, 0x00, 0x00, 0x00,
  0x00, 0x00, 0x00, 0x00, 0x00, 0x00, 0x00, 0x00, 0x00, 0x00, 0x00, 0x00,
  0x00, 0x00, 0x00, 0x00, 0x00, 0x00, 0x00, 0x00, 0xcc, 0xc2, 0xb8, 0x19,
  0xcf, 0xc3, 0xba, 0xfa, 0xcf, 0xc3, 0xba, 0xfa, 0xcf, 0xc3, 0xba, 0xfa,
  0xcf, 0xc3, 0xba, 0xfa, 0xcf, 0xc3, 0xba, 0xfa, 0xcf, 0xc3, 0xba, 0xfa,
  0xcf, 0xc3, 0xba, 0xfa, 0xcf, 0xc3, 0xba, 0xfa, 0xcf, 0xc3, 0xba, 0xfa,
  0xcf, 0xc3, 0xba, 0xfa, 0xcf, 0xc3, 0xba, 0xfa, 0xcf, 0xc3, 0xba, 0xfa,
  0xcf, 0xc3, 0xba, 0xfa, 0xcf, 0xc3, 0xba, 0xfa, 0xcf, 0xc3, 0xba, 0xfa,
  0xcf, 0xc3, 0xba, 0xfa, 0xcf, 0xc3, 0xba, 0xfa, 0xcf, 0xc3, 0xba, 0xfa,
  0xca, 0xbf, 0xb5, 0x18, 0x00, 0x00, 0x00, 0x00, 0x00, 0x00, 0x00, 0x00,
  0x00, 0x00, 0x00, 0x00, 0x00, 0x00, 0x00, 0x00, 0x00, 0x00, 0x00, 0x00,
  0x00, 0x00, 0x00, 0x00, 0x00, 0x00, 0x00, 0x00, 0x00, 0x00, 0x00, 0x00,
  0x00, 0x00, 0x00, 0x00, 0x00, 0x00, 0x00, 0x00, 0x00, 0x00, 0x00, 0x00,
  0x00, 0x00, 0x00, 0x00, 0x00, 0x00, 0x00, 0x00, 0x00, 0x00, 0x00, 0x00,
  0x00, 0x00, 0x00, 0x00, 0x00, 0x00, 0x00, 0x00, 0x00, 0x00, 0x00, 0x00,
  0x00, 0x00, 0x00, 0x00, 0x00, 0x00, 0x00, 0x00, 0x00, 0x00, 0x00, 0x00,
  0x00, 0x00, 0x00, 0x00, 0x00, 0x00, 0x00, 0x00, 0x00, 0x00, 0x00, 0x00,
  0x00, 0x00, 0x00, 0x00, 0x00, 0x00, 0x00, 0x00, 0x00, 0x00, 0x00, 0x00,
  0x00, 0x00, 0x00, 0x00, 0x00, 0x00, 0x00, 0x00, 0x00, 0x00, 0x00, 0x00,
  0x00, 0x00, 0x00, 0x00, 0x00, 0x00, 0x00, 0x00, 0x00, 0x00, 0x00, 0x00,
  0x00, 0x00, 0x00, 0x00, 0x00, 0x00, 0x00, 0x00, 0x00, 0x00, 0x00, 0x00,
  0x00, 0x00, 0x00, 0x00, 0x00, 0x00, 0x00, 0x00, 0x00, 0x00, 0x00, 0x00,
  0x00, 0x00, 0x00, 0x00, 0x00, 0x00, 0x00, 0x00, 0xbf, 0xbf, 0xbf, 0x04,
  0xcf, 0xc2, 0xba, 0xf8, 0xcf, 0xc3, 0xba, 0xfa, 0xcf, 0xc3, 0xba, 0xfa,
  0xcf, 0xc3, 0xba, 0xfa, 0xcf, 0xc3, 0xba, 0xfa, 0xcf, 0xc3, 0xba, 0xfa,
  0xcf, 0xc3, 0xba, 0xfa, 0xcf, 0xc3, 0xba, 0xfa, 0xcf, 0xc3, 0xba, 0xfa,
  0xcf, 0xc3, 0xba, 0xfa, 0xcf, 0xc3, 0xba, 0xfa, 0xcf, 0xc3, 0xba, 0xfa,
  0xcf, 0xc3, 0xba, 0xfa, 0xcf, 0xc3, 0xba, 0xfa, 0xcf, 0xc3, 0xba, 0xfa,
  0xcf, 0xc3, 0xba, 0xfa, 0xcf, 0xc3, 0xba, 0xfa, 0xcf, 0xc2, 0xba, 0xf8,
  0xbf, 0xbf, 0xbf, 0x04, 0x00, 0x00, 0x00, 0x00, 0x00, 0x00, 0x00, 0x00,
  0x00, 0x00, 0x00, 0x00, 0x00, 0x00, 0x00, 0x00, 0x00, 0x00, 0x00, 0x00,
  0x00, 0x00, 0x00, 0x00, 0x00, 0x00, 0x00, 0x00, 0x00, 0x00, 0x00, 0x00,
  0x00, 0x00, 0x00, 0x00, 0x00, 0x00, 0x00, 0x00, 0x00, 0x00, 0x00, 0x00,
  0x00, 0x00, 0x00, 0x00, 0x00, 0x00, 0x00, 0x00, 0x00, 0x00, 0x00, 0x00,
  0x00, 0x00, 0x00, 0x00, 0x00, 0x00, 0x00, 0x00, 0x00, 0x00, 0x00, 0x00,
  0x00, 0x00, 0x00, 0x00, 0x00, 0x00, 0x00, 0x00, 0x00, 0x00, 0x00, 0x00,
  0x00, 0x00, 0x00, 0x00, 0x00, 0x00, 0x00, 0x00, 0x00, 0x00, 0x00, 0x00,
  0x00, 0x00, 0x00, 0x00, 0x00, 0x00, 0x00, 0x00, 0x00, 0x00, 0x00, 0x00,
  0x00, 0x00, 0x00, 0x00, 0x00, 0x00, 0x00, 0x00, 0x00, 0x00, 0x00, 0x00,
  0x00, 0x00, 0x00, 0x00, 0x00, 0x00, 0x00, 0x00, 0x00, 0x00, 0x00, 0x00,
  0x00, 0x00, 0x00, 0x00, 0x00, 0x00, 0x00, 0x00, 0x00, 0x00, 0x00, 0x00,
  0x00, 0x00, 0x00, 0x00, 0x00, 0x00, 0x00, 0x00, 0x00, 0x00, 0x00, 0x00,
  0x00, 0x00, 0x00, 0x00, 0x00, 0x00, 0x00, 0x00, 0x00, 0x00, 0x00, 0x00,
  0xcf, 0xc3, 0xba, 0xe6, 0xcf, 0xc3, 0xba, 0xfa, 0xcf, 0xc3, 0xba, 0xfa,
  0xcf, 0xc3, 0xba, 0xfa, 0xcf, 0xc3, 0xba, 0xfa, 0xcf, 0xc3, 0xba, 0xfa,
  0xcf, 0xc3, 0xba, 0xfa, 0xcf, 0xc3, 0xba, 0xfa, 0xcf, 0xc3, 0xba, 0xfa,
  0xcf, 0xc3, 0xba, 0xfa, 0xcf, 0xc3, 0xba, 0xfa, 0xcf, 0xc3, 0xba, 0xfa,
  0xcf, 0xc3, 0xba, 0xfa, 0xcf, 0xc3, 0xba, 0xfa, 0xcf, 0xc3, 0xba, 0xfa,
  0xcf, 0xc3, 0xba, 0xfa, 0xcf, 0xc3, 0xba, 0xfa, 0xcf, 0xc3, 0xba, 0xe5,
  0x00, 0x00, 0x00, 0x00, 0x00, 0x00, 0x00, 0x00, 0x00, 0x00, 0x00, 0x00,
  0x00, 0x00, 0x00, 0x00, 0x00, 0x00, 0x00, 0x00, 0x00, 0x00, 0x00, 0x00,
  0x00, 0x00, 0x00, 0x00, 0x00, 0x00, 0x00, 0x00, 0x00, 0x00, 0x00, 0x00,
  0x00, 0x00, 0x00, 0x00, 0x00, 0x00, 0x00, 0x00, 0x00, 0x00, 0x00, 0x00,
  0x00, 0x00, 0x00, 0x00, 0x00, 0x00, 0x00, 0x00, 0x00, 0x00, 0x00, 0x00,
  0x00, 0x00, 0x00, 0x00, 0x00, 0x00, 0x00, 0x00, 0x00, 0x00, 0x00, 0x00,
  0x00, 0x00, 0x00, 0x00, 0x00, 0x00, 0x00, 0x00, 0x00, 0x00, 0x00, 0x00,
  0x00, 0x00, 0x00, 0x00, 0x00, 0x00, 0x00, 0x00, 0x00, 0x00, 0x00, 0x00,
  0x00, 0x00, 0x00, 0x00, 0x00, 0x00, 0x00, 0x00, 0x00, 0x00, 0x00, 0x00,
  0x00, 0x00, 0x00, 0x00, 0x00, 0x00, 0x00, 0x00, 0x00, 0x00, 0x00, 0x00,
  0x00, 0x00, 0x00, 0x00, 0x00, 0x00, 0x00, 0x00, 0x00, 0x00, 0x00, 0x00,
  0x00, 0x00, 0x00, 0x00, 0x00, 0x00, 0x00, 0x00, 0x00, 0x00, 0x00, 0x00,
  0x00, 0x00, 0x00, 0x00, 0x00, 0x00, 0x00, 0x00, 0x00, 0x00, 0x00, 0x00,
  0x00, 0x00, 0x00, 0x00, 0x00, 0x00, 0x00, 0x00, 0x00, 0x00, 0x00, 0x00,
  0xcf, 0xc3, 0xb9, 0xd0, 0xcf, 0xc3, 0xba, 0xfa, 0xcf, 0xc3, 0xba, 0xfa,
  0xcf, 0xc3, 0xba, 0xfa, 0xcf, 0xc3, 0xba, 0xfa, 0xcf, 0xc3, 0xba, 0xfa,
  0xcf, 0xc3, 0xba, 0xfa, 0xcf, 0xc3, 0xba, 0xfa, 0xcf, 0xc3, 0xba, 0xfa,
  0xcf, 0xc3, 0xba, 0xfa, 0xcf, 0xc3, 0xba, 0xfa, 0xcf, 0xc3, 0xba, 0xfa,
  0xcf, 0xc3, 0xba, 0xfa, 0xcf, 0xc3, 0xba, 0xfa, 0xcf, 0xc3, 0xba, 0xfa,
  0xcf, 0xc3, 0xba, 0xfa, 0xcf, 0xc3, 0xba, 0xfa, 0xcf, 0xc3, 0xba, 0xcf,
  0x00, 0x00, 0x00, 0x00, 0x00, 0x00, 0x00, 0x00, 0x00, 0x00, 0x00, 0x00,
  0x00, 0x00, 0x00, 0x00, 0x00, 0x00, 0x00, 0x00, 0x00, 0x00, 0x00, 0x00,
  0x00, 0x00, 0x00, 0x00, 0x00, 0x00, 0x00, 0x00, 0x00, 0x00, 0x00, 0x00,
  0x00, 0x00, 0x00, 0x00, 0x00, 0x00, 0x00, 0x00, 0x00, 0x00, 0x00, 0x00,
  0x00, 0x00, 0x00, 0x00, 0x00, 0x00, 0x00, 0x00, 0x00, 0x00, 0x00, 0x00,
  0x00, 0x00, 0x00, 0x00, 0x00, 0x00, 0x00, 0x00, 0x00, 0x00, 0x00, 0x00,
  0x00, 0x00, 0x00, 0x00, 0x00, 0x00, 0x00, 0x00, 0x00, 0x00, 0x00, 0x00,
  0x00, 0x00, 0x00, 0x00, 0x00, 0x00, 0x00, 0x00, 0x00, 0x00, 0x00, 0x00,
  0x00, 0x00, 0x00, 0x00, 0x00, 0x00, 0x00, 0x00, 0x00, 0x00, 0x00, 0x00,
  0x00, 0x00, 0x00, 0x00, 0x00, 0x00, 0x00, 0x00, 0x00, 0x00, 0x00, 0x00,
  0x00, 0x00, 0x00, 0x00, 0x00, 0x00, 0x00, 0x00, 0x00, 0x00, 0x00, 0x00,
  0x00, 0x00, 0x00, 0x00, 0x00, 0x00, 0x00, 0x00, 0x00, 0x00, 0x00, 0x00,
  0x00, 0x00, 0x00, 0x00, 0x00, 0x00, 0x00, 0x00, 0x00, 0x00, 0x00, 0x00,
  0x00, 0x00, 0x00, 0x00, 0x00, 0x00, 0x00, 0x00, 0x00, 0x00, 0x00, 0x00,
  0xcf, 0xc4, 0xba, 0xb9, 0xcf, 0xc3, 0xba, 0xfa, 0xcf, 0xc3, 0xba, 0xfa,
  0xcf, 0xc3, 0xba, 0xfa, 0xcf, 0xc3, 0xba, 0xfa, 0xcf, 0xc3, 0xba, 0xfa,
  0xcf, 0xc3, 0xba, 0xfa, 0xcf, 0xc3, 0xba, 0xfa, 0xcf, 0xc3, 0xba, 0xfa,
  0xcf, 0xc3, 0xba, 0xfa, 0xcf, 0xc3, 0xba, 0xfa, 0xcf, 0xc3, 0xba, 0xfa,
  0xcf, 0xc3, 0xba, 0xfa, 0xcf, 0xc3, 0xba, 0xfa, 0xcf, 0xc3, 0xba, 0xfa,
  0xcf, 0xc3, 0xba, 0xfa, 0xcf, 0xc3, 0xba, 0xfa, 0xd0, 0xc3, 0xba, 0xb8,
  0x00, 0x00, 0x00, 0x00, 0x00, 0x00, 0x00, 0x00, 0x00, 0x00, 0x00, 0x00,
  0x00, 0x00, 0x00, 0x00, 0x00, 0x00, 0x00, 0x00, 0x00, 0x00, 0x00, 0x00,
  0x00, 0x00, 0x00, 0x00, 0x00, 0x00, 0x00, 0x00, 0x00, 0x00, 0x00, 0x00,
  0x00, 0x00, 0x00, 0x00, 0x00, 0x00, 0x00, 0x00, 0x00, 0x00, 0x00, 0x00,
  0x00, 0x00, 0x00, 0x00, 0x00, 0x00, 0x00, 0x00, 0x00, 0x00, 0x00, 0x00,
  0x00, 0x00, 0x00, 0x00, 0x00, 0x00, 0x00, 0x00, 0x00, 0x00, 0x00, 0x00,
  0x00, 0x00, 0x00, 0x00, 0x00, 0x00, 0x00, 0x00, 0x00, 0x00, 0x00, 0x00,
  0x00, 0x00, 0x00, 0x00, 0x00, 0x00, 0x00, 0x00, 0x00, 0x00, 0x00, 0x00,
  0x00, 0x00, 0x00, 0x00, 0x00, 0x00, 0x00, 0x00, 0x00, 0x00, 0x00, 0x00,
  0x00, 0x00, 0x00, 0x00, 0x00, 0x00, 0x00, 0x00, 0x00, 0x00, 0x00, 0x00,
  0x00, 0x00, 0x00, 0x00, 0x00, 0x00, 0x00, 0x00, 0x00, 0x00, 0x00, 0x00,
  0x00, 0x00, 0x00, 0x00, 0x00, 0x00, 0x00, 0x00, 0x00, 0x00, 0x00, 0x00,
  0x00, 0x00, 0x00, 0x00, 0x00, 0x00, 0x00, 0x00, 0x00, 0x00, 0x00, 0x00,
  0x00, 0x00, 0x00, 0x00, 0x00, 0x00, 0x00, 0x00, 0x00, 0x00, 0x00, 0x00,
  0xcf, 0xc2, 0xb9, 0xa3, 0xcf, 0xc3, 0xba, 0xfa, 0xcf, 0xc3, 0xba, 0xfa,
  0xcf, 0xc3, 0xba, 0xfa, 0xcf, 0xc3, 0xba, 0xfa, 0xcf, 0xc3, 0xba, 0xfa,
  0xcf, 0xc3, 0xba, 0xfa, 0xcf, 0xc3, 0xba, 0xfa, 0xcf, 0xc3, 0xba, 0xfa,
  0xcf, 0xc3, 0xba, 0xfa, 0xcf, 0xc3, 0xba, 0xfa, 0xcf, 0xc3, 0xba, 0xfa,
  0xcf, 0xc3, 0xba, 0xfa, 0xcf, 0xc3, 0xba, 0xfa, 0xcf, 0xc3, 0xba, 0xfa,
  0xcf, 0xc3, 0xba, 0xfa, 0xcf, 0xc3, 0xba, 0xfa, 0xce, 0xc3, 0xba, 0xa2,
  0x00, 0x00, 0x00, 0x00, 0x00, 0x00, 0x00, 0x00, 0x00, 0x00, 0x00, 0x00,
  0x00, 0x00, 0x00, 0x00, 0x00, 0x00, 0x00, 0x00, 0x00, 0x00, 0x00, 0x00,
  0x00, 0x00, 0x00, 0x00, 0x00, 0x00, 0x00, 0x00, 0x00, 0x00, 0x00, 0x00,
  0x00, 0x00, 0x00, 0x00, 0x00, 0x00, 0x00, 0x00, 0x00, 0x00, 0x00, 0x00,
  0x00, 0x00, 0x00, 0x00, 0x00, 0x00, 0x00, 0x00, 0x00, 0x00, 0x00, 0x00,
  0x00, 0x00, 0x00, 0x00, 0x00, 0x00, 0x00, 0x00, 0x00, 0x00, 0x00, 0x00,
  0x00, 0x00, 0x00, 0x00, 0x00, 0x00, 0x00, 0x00, 0x00, 0x00, 0x00, 0x00,
  0x00, 0x00, 0x00, 0x00, 0x00, 0x00, 0x00, 0x00, 0x00, 0x00, 0x00, 0x00,
  0x00, 0x00, 0x00, 0x00, 0x00, 0x00, 0x00, 0x00, 0x00, 0x00, 0x00, 0x00,
  0x00, 0x00, 0x00, 0x00, 0x00, 0x00, 0x00, 0x00, 0x00, 0x00, 0x00, 0x00,
  0x00, 0x00, 0x00, 0x00, 0x00, 0x00, 0x00, 0x00, 0x00, 0x00, 0x00, 0x00,
  0x00, 0x00, 0x00, 0x00, 0x00, 0x00, 0x00, 0x00, 0x00, 0x00, 0x00, 0x00,
  0x00, 0x00, 0x00, 0x00, 0x00, 0x00, 0x00, 0x00, 0x00, 0x00, 0x00, 0x00,
  0x00, 0x00, 0x00, 0x00, 0x00, 0x00, 0x00, 0x00, 0x00, 0x00, 0x00, 0x00,
  0xd0, 0xc3, 0xba, 0x8c, 0xcf, 0xc3, 0xba, 0xfa, 0xcf, 0xc3, 0xba, 0xfa,
  0xcf, 0xc3, 0xba, 0xfa, 0xcf, 0xc3, 0xba, 0xfa, 0xcf, 0xc3, 0xba, 0xfa,
  0xcf, 0xc3, 0xba, 0xfa, 0xcf, 0xc3, 0xba, 0xfa, 0xcf, 0xc3, 0xba, 0xfa,
  0xcf, 0xc3, 0xba, 0xfa, 0xcf, 0xc3, 0xba, 0xfa, 0xcf, 0xc3, 0xba, 0xfa,
  0xcf, 0xc3, 0xba, 0xfa, 0xcf, 0xc3, 0xba, 0xfa, 0xcf, 0xc3, 0xba, 0xfa,
  0xcf, 0xc3, 0xba, 0xfa, 0xcf, 0xc3, 0xba, 0xfa, 0xcf, 0xc2, 0xb9, 0x8b,
  0x00, 0x00, 0x00, 0x00, 0x00, 0x00, 0x00, 0x00, 0x00, 0x00, 0x00, 0x00,
  0x00, 0x00, 0x00, 0x00, 0x00, 0x00, 0x00, 0x00, 0x00, 0x00, 0x00, 0x00,
  0x00, 0x00, 0x00, 0x00, 0x00, 0x00, 0x00, 0x00, 0x00, 0x00, 0x00, 0x00,
  0x00, 0x00, 0x00, 0x00, 0x00, 0x00, 0x00, 0x00, 0x00, 0x00, 0x00, 0x00,
  0x00, 0x00, 0x00, 0x00, 0x00, 0x00, 0x00, 0x00, 0x00, 0x00, 0x00, 0x00,
  0x00, 0x00, 0x00, 0x00, 0x00, 0x00, 0x00, 0x00, 0x00, 0x00, 0x00, 0x00,
  0x00, 0x00, 0x00, 0x00, 0x00, 0x00, 0x00, 0x00, 0x00, 0x00, 0x00, 0x00,
  0x00, 0x00, 0x00, 0x00, 0x00, 0x00, 0x00, 0x00, 0x00, 0x00, 0x00, 0x00,
  0x00, 0x00, 0x00, 0x00, 0x00, 0x00, 0x00, 0x00, 0x00, 0x00, 0x00, 0x00,
  0x00, 0x00, 0x00, 0x00, 0x00, 0x00, 0x00, 0x00, 0x00, 0x00, 0x00, 0x00,
  0x00, 0x00, 0x00, 0x00, 0x00, 0x00, 0x00, 0x00, 0x00, 0x00, 0x00, 0x00,
  0x00, 0x00, 0x00, 0x00, 0x00, 0x00, 0x00, 0x00, 0x00, 0x00, 0x00, 0x00,
  0x00, 0x00, 0x00, 0x00, 0x00, 0x00, 0x00, 0x00, 0x00, 0x00, 0x00, 0x00,
  0x00, 0x00, 0x00, 0x00, 0x00, 0x00, 0x00, 0x00, 0x00, 0x00, 0x00, 0x00,
  0xce, 0xc3, 0xb8, 0x77, 0xcf, 0xc3, 0xba, 0xfa, 0xcf, 0xc3, 0xba, 0xfa,
  0xcf, 0xc3, 0xba, 0xfa, 0xcf, 0xc3, 0xba, 0xfa, 0xcf, 0xc3, 0xba, 0xfa,
  0xcf, 0xc3, 0xba, 0xfa, 0xcf, 0xc3, 0xba, 0xfa, 0xcf, 0xc3, 0xba, 0xfa,
  0xcf, 0xc3, 0xba, 0xfa, 0xcf, 0xc3, 0xba, 0xfa, 0xcf, 0xc3, 0xba, 0xfa,
  0xcf, 0xc3, 0xba, 0xfa, 0xcf, 0xc3, 0xba, 0xfa, 0xcf, 0xc3, 0xba, 0xfa,
  0xcf, 0xc3, 0xba, 0xfa, 0xcf, 0xc3, 0xba, 0xfa, 0xcf, 0xc2, 0xba, 0x76,
  0x00, 0x00, 0x00, 0x00, 0x00, 0x00, 0x00, 0x00, 0x00, 0x00, 0x00, 0x00,
  0x00, 0x00, 0x00, 0x00, 0x00, 0x00, 0x00, 0x00, 0x00, 0x00, 0x00, 0x00,
  0x00, 0x00, 0x00, 0x00, 0x00, 0x00, 0x00, 0x00, 0x00, 0x00, 0x00, 0x00,
  0x00, 0x00, 0x00, 0x00, 0x00, 0x00, 0x00, 0x00, 0x00, 0x00, 0x00, 0x00,
  0x00, 0x00, 0x00, 0x00, 0x00, 0x00, 0x00, 0x00, 0x00, 0x00, 0x00, 0x00,
  0x00, 0x00, 0x00, 0x00, 0x00, 0x00, 0x00, 0x00, 0x00, 0x00, 0x00, 0x00,
  0x00, 0x00, 0x00, 0x00, 0x00, 0x00, 0x00, 0x00, 0x00, 0x00, 0x00, 0x00,
  0x00, 0x00, 0x00, 0x00, 0x00, 0x00, 0x00, 0x00, 0x00, 0x00, 0x00, 0x00,
  0x00, 0x00, 0x00, 0x00, 0x00, 0x00, 0x00, 0x00, 0x00, 0x00, 0x00, 0x00,
  0x00, 0x00, 0x00, 0x00, 0x00, 0x00, 0x00, 0x00, 0x00, 0x00, 0x00, 0x00,
  0x00, 0x00, 0x00, 0x00, 0x00, 0x00, 0x00, 0x00, 0x00, 0x00, 0x00, 0x00,
  0x00, 0x00, 0x00, 0x00, 0x00, 0x00, 0x00, 0x00, 0x00, 0x00, 0x00, 0x00,
  0x00, 0x00, 0x00, 0x00, 0x00, 0x00, 0x00, 0x00, 0x00, 0x00, 0x00, 0x00,
  0x00, 0x00, 0x00, 0x00, 0x00, 0x00, 0x00, 0x00, 0x00, 0x00, 0x00, 0x00,
  0xcf, 0xc2, 0xba, 0x60, 0xcf, 0xc3, 0xba, 0xfa, 0xcf, 0xc3, 0xba, 0xfa,
  0xcf, 0xc3, 0xba, 0xfa, 0xcf, 0xc3, 0xba, 0xfa, 0xcf, 0xc3, 0xba, 0xfa,
  0xcf, 0xc3, 0xba, 0xfa, 0xcf, 0xc3, 0xba, 0xfa, 0xcf, 0xc3, 0xba, 0xfa,
  0xcf, 0xc3, 0xba, 0xfa, 0xcf, 0xc3, 0xba, 0xfa, 0xcf, 0xc3, 0xba, 0xfa,
  0xcf, 0xc3, 0xba, 0xfa, 0xcf, 0xc3, 0xba, 0xfa, 0xcf, 0xc3, 0xba, 0xfa,
  0xcf, 0xc3, 0xba, 0xfa, 0xcf, 0xc3, 0xba, 0xfa, 0xcf, 0xc4, 0xb9, 0x5f,
  0x00, 0x00, 0x00, 0x00, 0x00, 0x00, 0x00, 0x00, 0x00, 0x00, 0x00, 0x00,
  0x00, 0x00, 0x00, 0x00, 0x00, 0x00, 0x00, 0x00, 0x00, 0x00, 0x00, 0x00,
  0x00, 0x00, 0x00, 0x00, 0x00, 0x00, 0x00, 0x00, 0x00, 0x00, 0x00, 0x00,
  0x00, 0x00, 0x00, 0x00, 0x00, 0x00, 0x00, 0x00, 0x00, 0x00, 0x00, 0x00,
  0x00, 0x00, 0x00, 0x00, 0x00, 0x00, 0x00, 0x00, 0x00, 0x00, 0x00, 0x00,
  0x00, 0x00, 0x00, 0x00, 0x00, 0x00, 0x00, 0x00, 0x00, 0x00, 0x00, 0x00,
  0x00, 0x00, 0x00, 0x00, 0x00, 0x00, 0x00, 0x00, 0x00, 0x00, 0x00, 0x00,
  0x00, 0x00, 0x00, 0x00, 0x00, 0x00, 0x00, 0x00, 0x00, 0x00, 0x00, 0x00,
  0x00, 0x00, 0x00, 0x00, 0x00, 0x00, 0x00, 0x00, 0x00, 0x00, 0x00, 0x00,
  0x00, 0x00, 0x00, 0x00, 0x00, 0x00, 0x00, 0x00, 0x00, 0x00, 0x00, 0x00,
  0x00, 0x00, 0x00, 0x00, 0x00, 0x00, 0x00, 0x00, 0x00, 0x00, 0x00, 0x00,
  0x00, 0x00, 0x00, 0x00, 0x00, 0x00, 0x00, 0x00, 0x00, 0x00, 0x00, 0x00,
  0x00, 0x00, 0x00, 0x00, 0x00, 0x00, 0x00, 0x00, 0x00, 0x00, 0x00, 0x00,
  0x00, 0x00, 0x00, 0x00, 0x00, 0x00, 0x00, 0x00, 0x00, 0x00, 0x00, 0x00,
  0xcf, 0xc1, 0xba, 0x4a, 0xcf, 0xc3, 0xba, 0xfa, 0xcf, 0xc3, 0xba, 0xfa,
  0xcf, 0xc3, 0xba, 0xfa, 0xcf, 0xc3, 0xba, 0xfa, 0xcf, 0xc3, 0xba, 0xfa,
  0xcf, 0xc3, 0xba, 0xfa, 0xcf, 0xc3, 0xba, 0xfa, 0xcf, 0xc3, 0xba, 0xfa,
  0xcf, 0xc3, 0xba, 0xfa, 0xcf, 0xc3, 0xba, 0xfa, 0xcf, 0xc3, 0xba, 0xfa,
  0xcf, 0xc3, 0xba, 0xfa, 0xcf, 0xc3, 0xba, 0xfa, 0xcf, 0xc3, 0xba, 0xfa,
  0xcf, 0xc3, 0xba, 0xfa, 0xcf, 0xc3, 0xba, 0xfa, 0xce, 0xc0, 0xb9, 0x49,
  0x00, 0x00, 0x00, 0x00, 0x00, 0x00, 0x00, 0x00, 0x00, 0x00, 0x00, 0x00,
  0x00, 0x00, 0x00, 0x00, 0x00, 0x00, 0x00, 0x00, 0x00, 0x00, 0x00, 0x00,
  0x00, 0x00, 0x00, 0x00, 0x00, 0x00, 0x00, 0x00, 0x00, 0x00, 0x00, 0x00,
  0x00, 0x00, 0x00, 0x00, 0x00, 0x00, 0x00, 0x00, 0x00, 0x00, 0x00, 0x00,
  0x00, 0x00, 0x00, 0x00, 0x00, 0x00, 0x00, 0x00, 0x00, 0x00, 0x00, 0x00,
  0x00, 0x00, 0x00, 0x00, 0x00, 0x00, 0x00, 0x00, 0x00, 0x00, 0x00, 0x00,
  0x00, 0x00, 0x00, 0x00, 0x00, 0x00, 0x00, 0x00, 0x00, 0x00, 0x00, 0x00,
  0x00, 0x00, 0x00, 0x00, 0x00, 0x00, 0x00, 0x00, 0x00, 0x00, 0x00, 0x00,
  0x00, 0x00, 0x00, 0x00, 0x00, 0x00, 0x00, 0x00, 0x00, 0x00, 0x00, 0x00,
  0x00, 0x00, 0x00, 0x00, 0x00, 0x00, 0x00, 0x00, 0x00, 0x00, 0x00, 0x00,
  0x00, 0x00, 0x00, 0x00, 0x00, 0x00, 0x00, 0x00, 0x00, 0x00, 0x00, 0x00,
  0x00, 0x00, 0x00, 0x00, 0x00, 0x00, 0x00, 0x00, 0x00, 0x00, 0x00, 0x00,
  0x00, 0x00, 0x00, 0x00, 0x00, 0x00, 0x00, 0x00, 0x00, 0x00, 0x00, 0x00,
  0x00, 0x00, 0x00, 0x00, 0x00, 0x00, 0x00, 0x00, 0x00, 0x00, 0x00, 0x00,
  0xcd, 0xc3, 0xb9, 0x33, 0xcf, 0xc3, 0xba, 0xfa, 0xcf, 0xc3, 0xba, 0xfa,
  0xcf, 0xc3, 0xba, 0xfa, 0xcf, 0xc3, 0xba, 0xfa, 0xcf, 0xc3, 0xba, 0xfa,
  0xcf, 0xc3, 0xba, 0xfa, 0xcf, 0xc3, 0xba, 0xfa, 0xcf, 0xc3, 0xba, 0xfa,
  0xcf, 0xc3, 0xba, 0xfa, 0xcf, 0xc3, 0xba, 0xfa, 0xcf, 0xc3, 0xba, 0xfa,
  0xcf, 0xc3, 0xba, 0xfa, 0xcf, 0xc3, 0xba, 0xfa, 0xcf, 0xc3, 0xba, 0xfa,
  0xcf, 0xc3, 0xba, 0xfa, 0xcf, 0xc3, 0xba, 0xfa, 0xd1, 0xc2, 0xb8, 0x32,
  0x00, 0x00, 0x00, 0x00, 0x00, 0x00, 0x00, 0x00, 0x00, 0x00, 0x00, 0x00,
  0x00, 0x00, 0x00, 0x00, 0x00, 0x00, 0x00, 0x00, 0x00, 0x00, 0x00, 0x00,
  0x00, 0x00, 0x00, 0x00, 0x00, 0x00, 0x00, 0x00, 0x00, 0x00, 0x00, 0x00,
  0x00, 0x00, 0x00, 0x00, 0x00, 0x00, 0x00, 0x00, 0x00, 0x00, 0x00, 0x00,
  0x00, 0x00, 0x00, 0x00, 0x00, 0x00, 0x00, 0x00, 0x00, 0x00, 0x00, 0x00,
  0x00, 0x00, 0x00, 0x00, 0x00, 0x00, 0x00, 0x00, 0x00, 0x00, 0x00, 0x00,
  0x00, 0x00, 0x00, 0x00, 0x00, 0x00, 0x00, 0x00, 0x00, 0x00, 0x00, 0x00,
  0x00, 0x00, 0x00, 0x00, 0x00, 0x00, 0x00, 0x00, 0x00, 0x00, 0x00, 0x00,
  0x00, 0x00, 0x00, 0x00, 0x00, 0x00, 0x00, 0x00, 0x00, 0x00, 0x00, 0x00,
  0x00, 0x00, 0x00, 0x00, 0x00, 0x00, 0x00, 0x00, 0x00, 0x00, 0x00, 0x00,
  0x00, 0x00, 0x00, 0x00, 0x00, 0x00, 0x00, 0x00, 0x00, 0x00, 0x00, 0x00,
  0x00, 0x00, 0x00, 0x00, 0x00, 0x00, 0x00, 0x00, 0x00, 0x00, 0x00, 0x00,
  0x00, 0x00, 0x00, 0x00, 0x00, 0x00, 0x00, 0x00, 0x00, 0x00, 0x00, 0x00,
  0x00, 0x00, 0x00, 0x00, 0x00, 0x00, 0x00, 0x00, 0x00, 0x00, 0x00, 0x00,
  0xd1, 0xc8, 0xbf, 0x1c, 0xcf, 0xc3, 0xba, 0xfa, 0xcf, 0xc3, 0xba, 0xfa,
  0xcf, 0xc3, 0xba, 0xfa, 0xcf, 0xc3, 0xba, 0xfa, 0xcf, 0xc3, 0xba, 0xfa,
  0xcf, 0xc3, 0xba, 0xfa, 0xcf, 0xc3, 0xba, 0xfa, 0xcf, 0xc3, 0xba, 0xfa,
  0xcf, 0xc3, 0xba, 0xfa, 0xcf, 0xc3, 0xba, 0xfa, 0xcf, 0xc3, 0xba, 0xfa,
  0xcf, 0xc3, 0xba, 0xfa, 0xcf, 0xc3, 0xba, 0xfa, 0xcf, 0xc3, 0xba, 0xfa,
  0xcf, 0xc3, 0xba, 0xfa, 0xcf, 0xc3, 0xba, 0xfa, 0xd0, 0xc6, 0xbd, 0x1b,
  0x00, 0x00, 0x00, 0x00, 0x00, 0x00, 0x00, 0x00, 0x00, 0x00, 0x00, 0x00,
  0x00, 0x00, 0x00, 0x00, 0x00, 0x00, 0x00, 0x00, 0x00, 0x00, 0x00, 0x00,
  0x00, 0x00, 0x00, 0x00, 0x00, 0x00, 0x00, 0x00, 0x00, 0x00, 0x00, 0x00,
  0x00, 0x00, 0x00, 0x00, 0x00, 0x00, 0x00, 0x00, 0x00, 0x00, 0x00, 0x00,
  0x00, 0x00, 0x00, 0x00, 0x00, 0x00, 0x00, 0x00, 0x00, 0x00, 0x00, 0x00,
  0x00, 0x00, 0x00, 0x00, 0x00, 0x00, 0x00, 0x00, 0x00, 0x00, 0x00, 0x00,
  0x00, 0x00, 0x00, 0x00, 0x00, 0x00, 0x00, 0x00, 0x00, 0x00, 0x00, 0x00,
  0x00, 0x00, 0x00, 0x00, 0x00, 0x00, 0x00, 0x00, 0x00, 0x00, 0x00, 0x00,
  0x00, 0x00, 0x00, 0x00, 0x00, 0x00, 0x00, 0x00, 0x00, 0x00, 0x00, 0x00,
  0x00, 0x00, 0x00, 0x00, 0x00, 0x00, 0x00, 0x00, 0x00, 0x00, 0x00, 0x00,
  0x00, 0x00, 0x00, 0x00, 0x00, 0x00, 0x00, 0x00, 0x00, 0x00, 0x00, 0x00,
  0x00, 0x00, 0x00, 0x00, 0x00, 0x00, 0x00, 0x00, 0x00, 0x00, 0x00, 0x00,
  0x00, 0x00, 0x00, 0x00, 0x00, 0x00, 0x00, 0x00, 0x00, 0x00, 0x00, 0x00,
  0x00, 0x00, 0x00, 0x00, 0x00, 0x00, 0x00, 0x00, 0x00, 0x00, 0x00, 0x00,
  0xdb, 0xb6, 0xb6, 0x07, 0xcf, 0xc3, 0xb9, 0xf9, 0xcf, 0xc3, 0xba, 0xfa,
  0xcf, 0xc3, 0xba, 0xfa, 0xcf, 0xc3, 0xba, 0xfa, 0xcf, 0xc3, 0xba, 0xfa,
  0xcf, 0xc3, 0xba, 0xfa, 0xcf, 0xc3, 0xba, 0xfa, 0xcf, 0xc3, 0xba, 0xfa,
  0xcf, 0xc3, 0xba, 0xfa, 0xcf, 0xc3, 0xba, 0xfa, 0xcf, 0xc3, 0xba, 0xfa,
  0xcf, 0xc3, 0xba, 0xfa, 0xcf, 0xc3, 0xba, 0xfa, 0xcf, 0xc3, 0xba, 0xfa,
  0xcf, 0xc3, 0xba, 0xfa, 0xcf, 0xc3, 0xb9, 0xf9, 0xdb, 0xb6, 0xb6, 0x07,
  0x00, 0x00, 0x00, 0x00, 0x00, 0x00, 0x00, 0x00, 0x00, 0x00, 0x00, 0x00,
  0x00, 0x00, 0x00, 0x00, 0x00, 0x00, 0x00, 0x00, 0x00, 0x00, 0x00, 0x00,
  0x00, 0x00, 0x00, 0x00, 0x00, 0x00, 0x00, 0x00, 0x00, 0x00, 0x00, 0x00,
  0x00, 0x00, 0x00, 0x00, 0x00, 0x00, 0x00, 0x00, 0x00, 0x00, 0x00, 0x00,
  0x00, 0x00, 0x00, 0x00, 0x00, 0x00, 0x00, 0x00, 0x00, 0x00, 0x00, 0x00,
  0x00, 0x00, 0x00, 0x00, 0x00, 0x00, 0x00, 0x00, 0x00, 0x00, 0x00, 0x00,
  0x00, 0x00, 0x00, 0x00, 0x00, 0x00, 0x00, 0x00, 0x00, 0x00, 0x00, 0x00,
  0x00, 0x00, 0x00, 0x00, 0x00, 0x00, 0x00, 0x00, 0x00, 0x00, 0x00, 0x00,
  0x00, 0x00, 0x00, 0x00, 0x00, 0x00, 0x00, 0x00, 0x00, 0x00, 0x00, 0x00,
  0x00, 0x00, 0x00, 0x00, 0x00, 0x00, 0x00, 0x00, 0x00, 0x00, 0x00, 0x00,
  0x00, 0x00, 0x00, 0x00, 0x00, 0x00, 0x00, 0x00, 0x00, 0x00, 0x00, 0x00,
  0x00, 0x00, 0x00, 0x00, 0x00, 0x00, 0x00, 0x00, 0x00, 0x00, 0x00, 0x00,
  0x00, 0x00, 0x00, 0x00, 0x00, 0x00, 0x00, 0x00, 0x00, 0x00, 0x00, 0x00,
  0x00, 0x00, 0x00, 0x00, 0x00, 0x00, 0x00, 0x00, 0x00, 0x00, 0x00, 0x00,
  0x00, 0x00, 0x00, 0x00, 0xcf, 0xc3, 0xba, 0xea, 0xcf, 0xc3, 0xba, 0xfa,
  0xcf, 0xc3, 0xba, 0xfa, 0xcf, 0xc3, 0xba, 0xfa, 0xcf, 0xc3, 0xba, 0xfa,
  0xcf, 0xc3, 0xba, 0xfa, 0xcf, 0xc3, 0xba, 0xfa, 0xcf, 0xc3, 0xba, 0xfa,
  0xcf, 0xc3, 0xba, 0xfa, 0xcf, 0xc3, 0xba, 0xfa, 0xcf, 0xc3, 0xba, 0xfa,
  0xcf, 0xc3, 0xba, 0xfa, 0xcf, 0xc3, 0xba, 0xfa, 0xcf, 0xc3, 0xba, 0xfa,
  0xcf, 0xc3, 0xba, 0xfa, 0xcf, 0xc3, 0xba, 0xe9, 0x00, 0x00, 0x00, 0x00,
  0x00, 0x00, 0x00, 0x00, 0x00, 0x00, 0x00, 0x00, 0x00, 0x00, 0x00, 0x00,
  0x00, 0x00, 0x00, 0x00, 0x00, 0x00, 0x00, 0x00, 0x00, 0x00, 0x00, 0x00,
  0x00, 0x00, 0x00, 0x00, 0x00, 0x00, 0x00, 0x00, 0x00, 0x00, 0x00, 0x00,
  0x00, 0x00, 0x00, 0x00, 0x00, 0x00, 0x00, 0x00, 0x00, 0x00, 0x00, 0x00,
  0x00, 0x00, 0x00, 0x00, 0x00, 0x00, 0x00, 0x00, 0x00, 0x00, 0x00, 0x00,
  0x00, 0x00, 0x00, 0x00, 0x00, 0x00, 0x00, 0x00, 0x00, 0x00, 0x00, 0x00,
  0x00, 0x00, 0x00, 0x00, 0x00, 0x00, 0x00, 0x00, 0x00, 0x00, 0x00, 0x00,
  0x00, 0x00, 0x00, 0x00, 0x00, 0x00, 0x00, 0x00, 0x00, 0x00, 0x00, 0x00,
  0x00, 0x00, 0x00, 0x00, 0x00, 0x00, 0x00, 0x00, 0x00, 0x00, 0x00, 0x00,
  0x00, 0x00, 0x00, 0x00, 0x00, 0x00, 0x00, 0x00, 0x00, 0x00, 0x00, 0x00,
  0x00, 0x00, 0x00, 0x00, 0x00, 0x00, 0x00, 0x00, 0x00, 0x00, 0x00, 0x00,
  0x00, 0x00, 0x00, 0x00, 0x00, 0x00, 0x00, 0x00, 0x00, 0x00, 0x00, 0x00,
  0x00, 0x00, 0x00, 0x00, 0x00, 0x00, 0x00, 0x00, 0x00, 0x00, 0x00, 0x00,
  0x00, 0x00, 0x00, 0x00, 0x00, 0x00, 0x00, 0x00, 0x00, 0x00, 0x00, 0x00,
  0x00, 0x00, 0x00, 0x00, 0xcf, 0xc3, 0xba, 0xd5, 0xcf, 0xc3, 0xba, 0xfa,
  0xcf, 0xc3, 0xba, 0xfa, 0xcf, 0xc3, 0xba, 0xfa, 0xcf, 0xc3, 0xba, 0xfa,
  0xcf, 0xc3, 0xba, 0xfa, 0xcf, 0xc3, 0xba, 0xfa, 0xcf, 0xc3, 0xba, 0xfa,
  0xcf, 0xc3, 0xba, 0xfa, 0xcf, 0xc3, 0xba, 0xfa, 0xcf, 0xc3, 0xba, 0xfa,
  0xcf, 0xc3, 0xba, 0xfa, 0xcf, 0xc3, 0xba, 0xfa, 0xcf, 0xc3, 0xba, 0xfa,
  0xcf, 0xc3, 0xba, 0xfa, 0xcf, 0xc3, 0xb9, 0xd4, 0x00, 0x00, 0x00, 0x00,
  0x00, 0x00, 0x00, 0x00, 0x00, 0x00, 0x00, 0x00, 0x00, 0x00, 0x00, 0x00,
  0x00, 0x00, 0x00, 0x00, 0x00, 0x00, 0x00, 0x00, 0x00, 0x00, 0x00, 0x00,
  0x00, 0x00, 0x00, 0x00, 0x00, 0x00, 0x00, 0x00, 0x00, 0x00, 0x00, 0x00,
  0x00, 0x00, 0x00, 0x00, 0x00, 0x00, 0x00, 0x00, 0x00, 0x00, 0x00, 0x00,
  0x00, 0x00, 0x00, 0x00, 0x00, 0x00, 0x00, 0x00, 0x00, 0x00, 0x00, 0x00,
  0x00, 0x00, 0x00, 0x00, 0x00, 0x00, 0x00, 0x00, 0x00, 0x00, 0x00, 0x00,
  0x00, 0x00, 0x00, 0x00, 0x00, 0x00, 0x00, 0x00, 0x00, 0x00, 0x00, 0x00,
  0x00, 0x00, 0x00, 0x00, 0x00, 0x00, 0x00, 0x00, 0x00, 0x00, 0x00, 0x00,
  0x00, 0x00, 0x00, 0x00, 0x00, 0x00, 0x00, 0x00, 0x00, 0x00, 0x00, 0x00,
  0x00, 0x00, 0x00, 0x00, 0x00, 0x00, 0x00, 0x00, 0x00, 0x00, 0x00, 0x00,
  0x00, 0x00, 0x00, 0x00, 0x00, 0x00, 0x00, 0x00, 0x00, 0x00, 0x00, 0x00,
  0x00, 0x00, 0x00, 0x00, 0x00, 0x00, 0x00, 0x00, 0x00, 0x00, 0x00, 0x00,
  0x00, 0x00, 0x00, 0x00, 0x00, 0x00, 0x00, 0x00, 0x00, 0x00, 0x00, 0x00,
  0x00, 0x00, 0x00, 0x00, 0x00, 0x00, 0x00, 0x00, 0x00, 0x00, 0x00, 0x00,
  0x00, 0x00, 0x00, 0x00, 0xcf, 0xc3, 0xb9, 0xbe, 0xcf, 0xc3, 0xba, 0xfa,
  0xcf, 0xc3, 0xba, 0xfa, 0xcf, 0xc3, 0xba, 0xfa, 0xcf, 0xc3, 0xba, 0xfa,
  0xcf, 0xc3, 0xba, 0xfa, 0xcf, 0xc3, 0xba, 0xfa, 0xcf, 0xc3, 0xba, 0xfa,
  0xcf, 0xc3, 0xba, 0xfa, 0xcf, 0xc3, 0xba, 0xfa, 0xcf, 0xc3, 0xba, 0xfa,
  0xcf, 0xc3, 0xba, 0xfa, 0xcf, 0xc3, 0xba, 0xfa, 0xcf, 0xc3, 0xba, 0xfa,
  0xcf, 0xc3, 0xba, 0xfa, 0xd0, 0xc4, 0xba, 0xbd, 0x00, 0x00, 0x00, 0x00,
  0x00, 0x00, 0x00, 0x00, 0x00, 0x00, 0x00, 0x00, 0x00, 0x00, 0x00, 0x00,
  0x00, 0x00, 0x00, 0x00, 0x00, 0x00, 0x00, 0x00, 0x00, 0x00, 0x00, 0x00,
  0x00, 0x00, 0x00, 0x00, 0x00, 0x00, 0x00, 0x00, 0x00, 0x00, 0x00, 0x00,
  0x00, 0x00, 0x00, 0x00, 0x00, 0x00, 0x00, 0x00, 0x00, 0x00, 0x00, 0x00,
  0x00, 0x00, 0x00, 0x00, 0x00, 0x00, 0x00, 0x00, 0x00, 0x00, 0x00, 0x00,
  0x00, 0x00, 0x00, 0x00, 0x00, 0x00, 0x00, 0x00, 0x00, 0x00, 0x00, 0x00,
  0x00, 0x00, 0x00, 0x00, 0x00, 0x00, 0x00, 0x00, 0x00, 0x00, 0x00, 0x00,
  0x00, 0x00, 0x00, 0x00, 0x00, 0x00, 0x00, 0x00, 0x00, 0x00, 0x00, 0x00,
  0x00, 0x00, 0x00, 0x00, 0x00, 0x00, 0x00, 0x00, 0x00, 0x00, 0x00, 0x00,
  0x00, 0x00, 0x00, 0x00, 0x00, 0x00, 0x00, 0x00, 0x00, 0x00, 0x00, 0x00,
  0x00, 0x00, 0x00, 0x00, 0x00, 0x00, 0x00, 0x00, 0x00, 0x00, 0x00, 0x00,
  0x00, 0x00, 0x00, 0x00, 0x00, 0x00, 0x00, 0x00, 0x00, 0x00, 0x00, 0x00,
  0x00, 0x00, 0x00, 0x00, 0x00, 0x00, 0x00, 0x00, 0x00, 0x00, 0x00, 0x00,
  0x00, 0x00, 0x00, 0x00, 0x00, 0x00, 0x00, 0x00, 0x00, 0x00, 0x00, 0x00,
  0x00, 0x00, 0x00, 0x00, 0xce, 0xc2, 0xb9, 0xa8, 0xcf, 0xc3, 0xba, 0xfa,
  0xcf, 0xc3, 0xba, 0xfa, 0xcf, 0xc3, 0xba, 0xfa, 0xcf, 0xc3, 0xba, 0xfa,
  0xcf, 0xc3, 0xba, 0xfa, 0xcf, 0xc3, 0xba, 0xfa, 0xcf, 0xc3, 0xba, 0xfa,
  0xcf, 0xc3, 0xba, 0xfa, 0xcf, 0xc3, 0xba, 0xfa, 0xcf, 0xc3, 0xba, 0xfa,
  0xcf, 0xc3, 0xba, 0xfa, 0xcf, 0xc3, 0xba, 0xfa, 0xcf, 0xc3, 0xba, 0xfa,
  0xcf, 0xc3, 0xba, 0xfa, 0xce, 0xc2, 0xb9, 0xa7, 0x00, 0x00, 0x00, 0x00,
  0x00, 0x00, 0x00, 0x00, 0x00, 0x00, 0x00, 0x00, 0x00, 0x00, 0x00, 0x00,
  0x00, 0x00, 0x00, 0x00, 0x00, 0x00, 0x00, 0x00, 0x00, 0x00, 0x00, 0x00,
  0x00, 0x00, 0x00, 0x00, 0x00, 0x00, 0x00, 0x00, 0x00, 0x00, 0x00, 0x00,
  0x00, 0x00, 0x00, 0x00, 0x00, 0x00, 0x00, 0x00, 0x00, 0x00, 0x00, 0x00,
  0x00, 0x00, 0x00, 0x00, 0x00, 0x00, 0x00, 0x00, 0x00, 0x00, 0x00, 0x00,
  0x00, 0x00, 0x00, 0x00, 0x00, 0x00, 0x00, 0x00, 0x00, 0x00, 0x00, 0x00,
  0x00, 0x00, 0x00, 0x00, 0x00, 0x00, 0x00, 0x00, 0x00, 0x00, 0x00, 0x00,
  0x00, 0x00, 0x00, 0x00, 0x00, 0x00, 0x00, 0x00, 0x00, 0x00, 0x00, 0x00,
  0x00, 0x00, 0x00, 0x00, 0x00, 0x00, 0x00, 0x00, 0x00, 0x00, 0x00, 0x00,
  0x00, 0x00, 0x00, 0x00, 0x00, 0x00, 0x00, 0x00, 0x00, 0x00, 0x00, 0x00,
  0x00, 0x00, 0x00, 0x00, 0x00, 0x00, 0x00, 0x00, 0x00, 0x00, 0x00, 0x00,
  0x00, 0x00, 0x00, 0x00, 0x00, 0x00, 0x00, 0x00, 0x00, 0x00, 0x00, 0x00,
  0x00, 0x00, 0x00, 0x00, 0x00, 0x00, 0x00, 0x00, 0x00, 0x00, 0x00, 0x00,
  0x00, 0x00, 0x00, 0x00, 0x00, 0x00, 0x00, 0x00, 0x00, 0x00, 0x00, 0x00,
  0x00, 0x00, 0x00, 0x00, 0xd0, 0xc3, 0xba, 0x91, 0xcf, 0xc3, 0xba, 0xfa,
  0xcf, 0xc3, 0xba, 0xfa, 0xcf, 0xc3, 0xba, 0xfa, 0xcf, 0xc3, 0xba, 0xfa,
  0xcf, 0xc3, 0xba, 0xfa, 0xcf, 0xc3, 0xba, 0xfa, 0xcf, 0xc3, 0xba, 0xfa,
  0xcf, 0xc3, 0xba, 0xfa, 0xcf, 0xc3, 0xba, 0xfa, 0xcf, 0xc3, 0xba, 0xfa,
  0xcf, 0xc3, 0xba, 0xfa, 0xcf, 0xc3, 0xba, 0xfa, 0xcf, 0xc3, 0xba, 0xfa,
  0xcf, 0xc3, 0xba, 0xfa, 0xcf, 0xc3, 0xba, 0x90, 0x00, 0x00, 0x00, 0x00,
  0x00, 0x00, 0x00, 0x00, 0x00, 0x00, 0x00, 0x00, 0x00, 0x00, 0x00, 0x00,
  0x00, 0x00, 0x00, 0x00, 0x00, 0x00, 0x00, 0x00, 0x00, 0x00, 0x00, 0x00,
  0x00, 0x00, 0x00, 0x00, 0x00, 0x00, 0x00, 0x00, 0x00, 0x00, 0x00, 0x00,
  0x00, 0x00, 0x00, 0x00, 0x00, 0x00, 0x00, 0x00, 0x00, 0x00, 0x00, 0x00,
  0x00, 0x00, 0x00, 0x00, 0x00, 0x00, 0x00, 0x00, 0x00, 0x00, 0x00, 0x00,
  0x00, 0x00, 0x00, 0x00, 0x00, 0x00, 0x00, 0x00, 0x00, 0x00, 0x00, 0x00,
  0x00, 0x00, 0x00, 0x00, 0x00, 0x00, 0x00, 0x00, 0x00, 0x00, 0x00, 0x00,
  0x00, 0x00, 0x00, 0x00, 0x00, 0x00, 0x00, 0x00, 0x00, 0x00, 0x00, 0x00,
  0x00, 0x00, 0x00, 0x00, 0x00, 0x00, 0x00, 0x00, 0x00, 0x00, 0x00, 0x00,
  0x00, 0x00, 0x00, 0x00, 0x00, 0x00, 0x00, 0x00, 0x00, 0x00, 0x00, 0x00,
  0x00, 0x00, 0x00, 0x00, 0x00, 0x00, 0x00, 0x00, 0x00, 0x00, 0x00, 0x00,
  0x00, 0x00, 0x00, 0x00, 0x00, 0x00, 0x00, 0x00, 0x00, 0x00, 0x00, 0x00,
  0x00, 0x00, 0x00, 0x00, 0x00, 0x00, 0x00, 0x00, 0x00, 0x00, 0x00, 0x00,
  0x00, 0x00, 0x00, 0x00, 0x00, 0x00, 0x00, 0x00, 0x00, 0x00, 0x00, 0x00,
  0x00, 0x00, 0x00, 0x00, 0xcf, 0xc3, 0xb9, 0x7b, 0xcf, 0xc3, 0xba, 0xfa,
  0xcf, 0xc3, 0xba, 0xfa, 0xcf, 0xc3, 0xba, 0xfa, 0xcf, 0xc3, 0xba, 0xfa,
  0xcf, 0xc3, 0xba, 0xfa, 0xcf, 0xc3, 0xba, 0xfa, 0xcf, 0xc3, 0xba, 0xfa,
  0xcf, 0xc3, 0xba, 0xfa, 0xcf, 0xc3, 0xba, 0xfa, 0xcf, 0xc3, 0xba, 0xfa,
  0xcf, 0xc3, 0xba, 0xfa, 0xcf, 0xc3, 0xba, 0xfa, 0xcf, 0xc3, 0xba, 0xfa,
  0xcf, 0xc3, 0xba, 0xfa, 0xcf, 0xc2, 0xb8, 0x7a, 0x00, 0x00, 0x00, 0x00,
  0x00, 0x00, 0x00, 0x00, 0x00, 0x00, 0x00, 0x00, 0x00, 0x00, 0x00, 0x00,
  0x00, 0x00, 0x00, 0x00, 0x00, 0x00, 0x00, 0x00, 0x00, 0x00, 0x00, 0x00,
  0x00, 0x00, 0x00, 0x00, 0x00, 0x00, 0x00, 0x00, 0x00, 0x00, 0x00, 0x00,
  0x00, 0x00, 0x00, 0x00, 0x00, 0x00, 0x00, 0x00, 0x00, 0x00, 0x00, 0x00,
  0x00, 0x00, 0x00, 0x00, 0x00, 0x00, 0x00, 0x00, 0x00, 0x00, 0x00, 0x00,
  0x00, 0x00, 0x00, 0x00, 0x00, 0x00, 0x00, 0x00, 0x00, 0x00, 0x00, 0x00,
  0x00, 0x00, 0x00, 0x00, 0x00, 0x00, 0x00, 0x00, 0x00, 0x00, 0x00, 0x00,
  0x00, 0x00, 0x00, 0x00, 0x00, 0x00, 0x00, 0x00, 0x00, 0x00, 0x00, 0x00,
  0x00, 0x00, 0x00, 0x00, 0x00, 0x00, 0x00, 0x00, 0x00, 0x00, 0x00, 0x00,
  0x00, 0x00, 0x00, 0x00, 0x00, 0x00, 0x00, 0x00, 0x00, 0x00, 0x00, 0x00,
  0x00, 0x00, 0x00, 0x00, 0x00, 0x00, 0x00, 0x00, 0x00, 0x00, 0x00, 0x00,
  0x00, 0x00, 0x00, 0x00, 0x00, 0x00, 0x00, 0x00, 0x00, 0x00, 0x00, 0x00,
  0x00, 0x00, 0x00, 0x00, 0x00, 0x00, 0x00, 0x00, 0x00, 0x00, 0x00, 0x00,
  0x00, 0x00, 0x00, 0x00, 0x00, 0x00, 0x00, 0x00, 0x00, 0x00, 0x00, 0x00,
  0x00, 0x00, 0x00, 0x00, 0xcf, 0xc2, 0xba, 0x64, 0xcf, 0xc3, 0xba, 0xfa,
  0xcf, 0xc3, 0xba, 0xfa, 0xcf, 0xc3, 0xba, 0xfa, 0xcf, 0xc3, 0xba, 0xfa,
  0xcf, 0xc3, 0xba, 0xfa, 0xcf, 0xc3, 0xba, 0xfa, 0xcf, 0xc3, 0xba, 0xfa,
  0xcf, 0xc3, 0xba, 0xfa, 0xcf, 0xc3, 0xba, 0xfa, 0xcf, 0xc3, 0xba, 0xfa,
  0xcf, 0xc3, 0xba, 0xfa, 0xcf, 0xc3, 0xba, 0xfa, 0xcf, 0xc3, 0xba, 0xfa,
  0xcf, 0xc3, 0xba, 0xfa, 0xce, 0xc4, 0xb9, 0x63, 0x00, 0x00, 0x00, 0x00,
  0x00, 0x00, 0x00, 0x00, 0x00, 0x00, 0x00, 0x00, 0x00, 0x00, 0x00, 0x00,
  0x00, 0x00, 0x00, 0x00, 0x00, 0x00, 0x00, 0x00, 0x00, 0x00, 0x00, 0x00,
  0x00, 0x00, 0x00, 0x00, 0x00, 0x00, 0x00, 0x00, 0x00, 0x00, 0x00, 0x00,
  0x00, 0x00, 0x00, 0x00, 0x00, 0x00, 0x00, 0x00, 0x00, 0x00, 0x00, 0x00,
  0x00, 0x00, 0x00, 0x00, 0x00, 0x00, 0x00, 0x00, 0x00, 0x00, 0x00, 0x00,
  0x00, 0x00, 0x00, 0x00, 0x00, 0x00, 0x00, 0x00, 0x00, 0x00, 0x00, 0x00,
  0x00, 0x00, 0x00, 0x00, 0x00, 0x00, 0x00, 0x00, 0x00, 0x00, 0x00, 0x00,
  0x00, 0x00, 0x00, 0x00, 0x00, 0x00, 0x00, 0x00, 0x00, 0x00, 0x00, 0x00,
  0x00, 0x00, 0x00, 0x00, 0x00, 0x00, 0x00, 0x00, 0x00, 0x00, 0x00, 0x00,
  0x00, 0x00, 0x00, 0x00, 0x00, 0x00, 0x00, 0x00, 0x00, 0x00, 0x00, 0x00,
  0x00, 0x00, 0x00, 0x00, 0x00, 0x00, 0x00, 0x00, 0x00, 0x00, 0x00, 0x00,
  0x00, 0x00, 0x00, 0x00, 0x00, 0x00, 0x00, 0x00, 0x00, 0x00, 0x00, 0x00,
  0x00, 0x00, 0x00, 0x00, 0x00, 0x00, 0x00, 0x00, 0x00, 0x00, 0x00, 0x00,
  0x00, 0x00, 0x00, 0x00, 0x00, 0x00, 0x00, 0x00, 0x00, 0x00, 0x00, 0x00,
  0x00, 0x00, 0x00, 0x00, 0xd1, 0xc4, 0xba, 0x4e, 0xcf, 0xc3, 0xba, 0xfa,
  0xcf, 0xc3, 0xba, 0xfa, 0xcf, 0xc3, 0xba, 0xfa, 0xcf, 0xc3, 0xba, 0xfa,
  0xcf, 0xc3, 0xba, 0xfa, 0xcf, 0xc3, 0xba, 0xfa, 0xcf, 0xc3, 0xba, 0xfa,
  0xcf, 0xc3, 0xba, 0xfa, 0xcf, 0xc3, 0xba, 0xfa, 0xcf, 0xc3, 0xba, 0xfa,
  0xcf, 0xc3, 0xba, 0xfa, 0xcf, 0xc3, 0xba, 0xfa, 0xcf, 0xc3, 0xba, 0xfa,
  0xcf, 0xc3, 0xba, 0xfa, 0xd1, 0xc3, 0xb9, 0x4d, 0x00, 0x00, 0x00, 0x00,
  0x00, 0x00, 0x00, 0x00, 0x00, 0x00, 0x00, 0x00, 0x00, 0x00, 0x00, 0x00,
  0x00, 0x00, 0x00, 0x00, 0x00, 0x00, 0x00, 0x00, 0x00, 0x00, 0x00, 0x00,
  0x00, 0x00, 0x00, 0x00, 0x00, 0x00, 0x00, 0x00, 0x00, 0x00, 0x00, 0x00,
  0x00, 0x00, 0x00, 0x00, 0x00, 0x00, 0x00, 0x00, 0x00, 0x00, 0x00, 0x00,
  0x00, 0x00, 0x00, 0x00, 0x00, 0x00, 0x00, 0x00, 0x00, 0x00, 0x00, 0x00,
  0x00, 0x00, 0x00, 0x00, 0x00, 0x00, 0x00, 0x00, 0x00, 0x00, 0x00, 0x00,
  0x00, 0x00, 0x00, 0x00, 0x00, 0x00, 0x00, 0x00, 0x00, 0x00, 0x00, 0x00,
  0x00, 0x00, 0x00, 0x00, 0x00, 0x00, 0x00, 0x00, 0x00, 0x00, 0x00, 0x00,
  0x00, 0x00, 0x00, 0x00, 0x00, 0x00, 0x00, 0x00, 0x00, 0x00, 0x00, 0x00,
  0x00, 0x00, 0x00, 0x00, 0x00, 0x00, 0x00, 0x00, 0x00, 0x00, 0x00, 0x00,
  0x00, 0x00, 0x00, 0x00, 0x00, 0x00, 0x00, 0x00, 0x00, 0x00, 0x00, 0x00,
  0x00, 0x00, 0x00, 0x00, 0x00, 0x00, 0x00, 0x00, 0x00, 0x00, 0x00, 0x00,
  0x00, 0x00, 0x00, 0x00, 0x00, 0x00, 0x00, 0x00, 0x00, 0x00, 0x00, 0x00,
  0x00, 0x00, 0x00, 0x00, 0x00, 0x00, 0x00, 0x00, 0x00, 0x00, 0x00, 0x00,
  0x00, 0x00, 0x00, 0x00, 0xcd, 0xc4, 0xbb, 0x38, 0xcf, 0xc3, 0xba, 0xfa,
  0xcf, 0xc3, 0xba, 0xfa, 0xcf, 0xc3, 0xba, 0xfa, 0xcf, 0xc3, 0xba, 0xfa,
  0xcf, 0xc3, 0xba, 0xfa, 0xcf, 0xc3, 0xba, 0xfa, 0xcf, 0xc3, 0xba, 0xfa,
  0xcf, 0xc3, 0xba, 0xfa, 0xcf, 0xc3, 0xba, 0xfa, 0xcf, 0xc3, 0xba, 0xfa,
  0xcf, 0xc3, 0xba, 0xfa, 0xcf, 0xc3, 0xba, 0xfa, 0xcf, 0xc3, 0xba, 0xfa,
  0xcf, 0xc3, 0xba, 0xfa, 0xd1, 0xc3, 0xb9, 0x37, 0x00, 0x00, 0x00, 0x00,
  0x00, 0x00, 0x00, 0x00, 0x00, 0x00, 0x00, 0x00, 0x00, 0x00, 0x00, 0x00,
  0x00, 0x00, 0x00, 0x00, 0x00, 0x00, 0x00, 0x00, 0x00, 0x00, 0x00, 0x00,
  0x00, 0x00, 0x00, 0x00, 0x00, 0x00, 0x00, 0x00, 0x00, 0x00, 0x00, 0x00,
  0x00, 0x00, 0x00, 0x00, 0x00, 0x00, 0x00, 0x00, 0x00, 0x00, 0x00, 0x00,
  0x00, 0x00, 0x00, 0x00, 0x00, 0x00, 0x00, 0x00, 0x00, 0x00, 0x00, 0x00,
  0x00, 0x00, 0x00, 0x00, 0x00, 0x00, 0x00, 0x00, 0x00, 0x00, 0x00, 0x00,
  0x00, 0x00, 0x00, 0x00, 0x00, 0x00, 0x00, 0x00, 0x00, 0x00, 0x00, 0x00,
  0x00, 0x00, 0x00, 0x00, 0x00, 0x00, 0x00, 0x00, 0x00, 0x00, 0x00, 0x00,
  0x00, 0x00, 0x00, 0x00, 0x00, 0x00, 0x00, 0x00, 0x00, 0x00, 0x00, 0x00,
  0x00, 0x00, 0x00, 0x00, 0x00, 0x00, 0x00, 0x00, 0x00, 0x00, 0x00, 0x00,
  0x00, 0x00, 0x00, 0x00, 0x00, 0x00, 0x00, 0x00, 0x00, 0x00, 0x00, 0x00,
  0x00, 0x00, 0x00, 0x00, 0x00, 0x00, 0x00, 0x00, 0x00, 0x00, 0x00, 0x00,
  0x00, 0x00, 0x00, 0x00, 0x00, 0x00, 0x00, 0x00, 0x00, 0x00, 0x00, 0x00,
  0x00, 0x00, 0x00, 0x00, 0x00, 0x00, 0x00, 0x00, 0x00, 0x00, 0x00, 0x00,
  0x00, 0x00, 0x00, 0x00, 0xd1, 0xc1, 0xb9, 0x21, 0xcf, 0xc3, 0xba, 0xfa,
  0xcf, 0xc3, 0xba, 0xfa, 0xcf, 0xc3, 0xba, 0xfa, 0xcf, 0xc3, 0xba, 0xfa,
  0xcf, 0xc3, 0xba, 0xfa, 0xcf, 0xc3, 0xba, 0xfa, 0xcf, 0xc3, 0xba, 0xfa,
  0xcf, 0xc3, 0xba, 0xfa, 0xcf, 0xc3, 0xba, 0xfa, 0xcf, 0xc3, 0xba, 0xfa,
  0xcf, 0xc3, 0xba, 0xfa, 0xcf, 0xc3, 0xba, 0xfa, 0xcf, 0xc3, 0xba, 0xfa,
  0xcf, 0xc3, 0xba, 0xfa, 0xcf, 0xc7, 0xbf, 0x20, 0x00, 0x00, 0x00, 0x00,
  0x00, 0x00, 0x00, 0x00, 0x00, 0x00, 0x00, 0x00, 0x00, 0x00, 0x00, 0x00,
  0x00, 0x00, 0x00, 0x00, 0x00, 0x00, 0x00, 0x00, 0x00, 0x00, 0x00, 0x00,
  0x00, 0x00, 0x00, 0x00, 0x00, 0x00, 0x00, 0x00, 0x00, 0x00, 0x00, 0x00,
  0x00, 0x00, 0x00, 0x00, 0x00, 0x00, 0x00, 0x00, 0x00, 0x00, 0x00, 0x00,
  0x00, 0x00, 0x00, 0x00, 0x00, 0x00, 0x00, 0x00, 0x00, 0x00, 0x00, 0x00,
  0x00, 0x00, 0x00, 0x00, 0x00, 0x00, 0x00, 0x00, 0x00, 0x00, 0x00, 0x00,
  0x00, 0x00, 0x00, 0x00, 0x00, 0x00, 0x00, 0x00, 0x00, 0x00, 0x00, 0x00,
  0x00, 0x00, 0x00, 0x00, 0x00, 0x00, 0x00, 0x00, 0x00, 0x00, 0x00, 0x00,
  0x00, 0x00, 0x00, 0x00, 0x00, 0x00, 0x00, 0x00, 0x00, 0x00, 0x00, 0x00,
  0x00, 0x00, 0x00, 0x00, 0x00, 0x00, 0x00, 0x00, 0x00, 0x00, 0x00, 0x00,
  0x00, 0x00, 0x00, 0x00, 0x00, 0x00, 0x00, 0x00, 0x00, 0x00, 0x00, 0x00,
  0x00, 0x00, 0x00, 0x00, 0x00, 0x00, 0x00, 0x00, 0x00, 0x00, 0x00, 0x00,
  0x00, 0x00, 0x00, 0x00, 0x00, 0x00, 0x00, 0x00, 0x00, 0x00, 0x00, 0x00,
  0x00, 0x00, 0x00, 0x00, 0x00, 0x00, 0x00, 0x00, 0x00, 0x00, 0x00, 0x00,
  0x00, 0x00, 0x00, 0x00, 0xd1, 0xb9, 0xb9, 0x0b, 0xcf, 0xc3, 0xba, 0xfa,
  0xcf, 0xc3, 0xba, 0xfa, 0xcf, 0xc3, 0xba, 0xfa, 0xcf, 0xc3, 0xba, 0xfa,
  0xcf, 0xc3, 0xba, 0xfa, 0xcf, 0xc3, 0xba, 0xfa, 0xcf, 0xc3, 0xba, 0xfa,
  0xcf, 0xc3, 0xba, 0xfa, 0xcf, 0xc3, 0xba, 0xfa, 0xcf, 0xc3, 0xba, 0xfa,
  0xcf, 0xc3, 0xba, 0xfa, 0xcf, 0xc3, 0xba, 0xfa, 0xcf, 0xc3, 0xba, 0xfa,
  0xcf, 0xc3, 0xba, 0xfa, 0xd1, 0xb9, 0xb9, 0x0b, 0x00, 0x00, 0x00, 0x00,
  0x00, 0x00, 0x00, 0x00, 0x00, 0x00, 0x00, 0x00, 0x00, 0x00, 0x00, 0x00,
  0x00, 0x00, 0x00, 0x00, 0x00, 0x00, 0x00, 0x00, 0x00, 0x00, 0x00, 0x00,
  0x00, 0x00, 0x00, 0x00, 0x00, 0x00, 0x00, 0x00, 0x00, 0x00, 0x00, 0x00,
  0x00, 0x00, 0x00, 0x00, 0x00, 0x00, 0x00, 0x00, 0x00, 0x00, 0x00, 0x00,
  0x00, 0x00, 0x00, 0x00, 0x00, 0x00, 0x00, 0x00, 0x00, 0x00, 0x00, 0x00,
  0x00, 0x00, 0x00, 0x00, 0x00, 0x00, 0x00, 0x00, 0x00, 0x00, 0x00, 0x00,
  0x00, 0x00, 0x00, 0x00, 0x00, 0x00, 0x00, 0x00, 0x00, 0x00, 0x00, 0x00,
  0x00, 0x00, 0x00, 0x00, 0x00, 0x00, 0x00, 0x00, 0x00, 0x00, 0x00, 0x00,
  0x00, 0x00, 0x00, 0x00, 0x00, 0x00, 0x00, 0x00, 0x00, 0x00, 0x00, 0x00,
  0x00, 0x00, 0x00, 0x00, 0x00, 0x00, 0x00, 0x00, 0x00, 0x00, 0x00, 0x00,
  0x00, 0x00, 0x00, 0x00, 0x00, 0x00, 0x00, 0x00, 0x00, 0x00, 0x00, 0x00,
  0x00, 0x00, 0x00, 0x00, 0x00, 0x00, 0x00, 0x00, 0x00, 0x00, 0x00, 0x00,
  0x00, 0x00, 0x00, 0x00, 0x00, 0x00, 0x00, 0x00, 0x00, 0x00, 0x00, 0x00,
  0x00, 0x00, 0x00, 0x00, 0x00, 0x00, 0x00, 0x00, 0x00, 0x00, 0x00, 0x00,
  0x00, 0x00, 0x00, 0x00, 0x00, 0x00, 0x00, 0x00, 0xcf, 0xc2, 0xba, 0xca,
  0xcf, 0xc3, 0xba, 0xfa, 0xcf, 0xc3, 0xba, 0xfa, 0xcf, 0xc3, 0xba, 0xfa,
  0xcf, 0xc3, 0xba, 0xfa, 0xcf, 0xc3, 0xba, 0xfa, 0xcf, 0xc3, 0xba, 0xfa,
  0xcf, 0xc3, 0xba, 0xfa, 0xcf, 0xc3, 0xba, 0xfa, 0xcf, 0xc3, 0xba, 0xfa,
  0xcf, 0xc3, 0xba, 0xfa, 0xcf, 0xc3, 0xba, 0xfa, 0xcf, 0xc3, 0xba, 0xfa,
  0xcf, 0xc3, 0xb9, 0xc9, 0x00, 0x00, 0x00, 0x00, 0x00, 0x00, 0x00, 0x00,
  0x00, 0x00, 0x00, 0x00, 0x00, 0x00, 0x00, 0x00, 0x00, 0x00, 0x00, 0x00,
  0x00, 0x00, 0x00, 0x00, 0x00, 0x00, 0x00, 0x00, 0x00, 0x00, 0x00, 0x00,
  0x00, 0x00, 0x00, 0x00, 0x00, 0x00, 0x00, 0x00, 0x00, 0x00, 0x00, 0x00,
  0x00, 0x00, 0x00, 0x00, 0x00, 0x00, 0x00, 0x00, 0x00, 0x00, 0x00, 0x00,
  0x00, 0x00, 0x00, 0x00, 0x00, 0x00, 0x00, 0x00, 0x00, 0x00, 0x00, 0x00,
  0x00, 0x00, 0x00, 0x00, 0x00, 0x00, 0x00, 0x00, 0x00, 0x00, 0x00, 0x00,
  0x00, 0x00, 0x00, 0x00, 0x00, 0x00, 0x00, 0x00, 0x00, 0x00, 0x00, 0x00,
  0x00, 0x00, 0x00, 0x00, 0x00, 0x00, 0x00, 0x00, 0x00, 0x00, 0x00, 0x00,
  0x00, 0x00, 0x00, 0x00, 0x00, 0x00, 0x00, 0x00, 0x00, 0x00, 0x00, 0x00,
  0x00, 0x00, 0x00, 0x00, 0x00, 0x00, 0x00, 0x00, 0x00, 0x00, 0x00, 0x00,
  0x00, 0x00, 0x00, 0x00, 0x00, 0x00, 0x00, 0x00, 0x00, 0x00, 0x00, 0x00,
  0x00, 0x00, 0x00, 0x00, 0x00, 0x00, 0x00, 0x00, 0x00, 0x00, 0x00, 0x00,
  0x00, 0x00, 0x00, 0x00, 0x00, 0x00, 0x00, 0x00, 0x00, 0x00, 0x00, 0x00,
  0x00, 0x00, 0x00, 0x00, 0x00, 0x00, 0x00, 0x00, 0x00, 0x00, 0x00, 0x00,
  0x00, 0x00, 0x00, 0x00, 0x00, 0x00, 0x00, 0x00, 0xce, 0xc2, 0xb9, 0x69,
  0xcf, 0xc3, 0xba, 0xfa, 0xcf, 0xc3, 0xba, 0xfa, 0xcf, 0xc3, 0xba, 0xfa,
  0xcf, 0xc3, 0xba, 0xfa, 0xcf, 0xc3, 0xba, 0xfa, 0xcf, 0xc3, 0xba, 0xfa,
  0xcf, 0xc3, 0xba, 0xfa, 0xcf, 0xc3, 0xba, 0xfa, 0xcf, 0xc3, 0xba, 0xfa,
  0xcf, 0xc3, 0xba, 0xfa, 0xcf, 0xc3, 0xba, 0xfa, 0xcf, 0xc3, 0xba, 0xfa,
  0xce, 0xc2, 0xba, 0x68, 0x00, 0x00, 0x00, 0x00, 0x00, 0x00, 0x00, 0x00,
  0x00, 0x00, 0x00, 0x00, 0x00, 0x00, 0x00, 0x00, 0x00, 0x00, 0x00, 0x00,
  0x00, 0x00, 0x00, 0x00, 0x00, 0x00, 0x00, 0x00, 0x00, 0x00, 0x00, 0x00,
  0x00, 0x00, 0x00, 0x00, 0x00, 0x00, 0x00, 0x00, 0x00, 0x00, 0x00, 0x00,
  0x00, 0x00, 0x00, 0x00, 0x00, 0x00, 0x00, 0x00, 0x00, 0x00, 0x00, 0x00,
  0x00, 0x00, 0x00, 0x00, 0x00, 0x00, 0x00, 0x00, 0x00, 0x00, 0x00, 0x00,
  0x00, 0x00, 0x00, 0x00, 0x00, 0x00, 0x00, 0x00, 0x00, 0x00, 0x00, 0x00,
  0x00, 0x00, 0x00, 0x00, 0x00, 0x00, 0x00, 0x00, 0x00, 0x00, 0x00, 0x00,
  0x00, 0x00, 0x00, 0x00, 0x00, 0x00, 0x00, 0x00, 0x00, 0x00, 0x00, 0x00,
  0x00, 0x00, 0x00, 0x00, 0x00, 0x00, 0x00, 0x00, 0x00, 0x00, 0x00, 0x00,
  0x00, 0x00, 0x00, 0x00, 0x00, 0x00, 0x00, 0x00, 0x00, 0x00, 0x00, 0x00,
  0x00, 0x00, 0x00, 0x00, 0x00, 0x00, 0x00, 0x00, 0x00, 0x00, 0x00, 0x00,
  0x00, 0x00, 0x00, 0x00, 0x00, 0x00, 0x00, 0x00, 0x00, 0x00, 0x00, 0x00,
  0x00, 0x00, 0x00, 0x00, 0x00, 0x00, 0x00, 0x00, 0x00, 0x00, 0x00, 0x00,
  0x00, 0x00, 0x00, 0x00, 0x00, 0x00, 0x00, 0x00, 0x00, 0x00, 0x00, 0x00,
  0x00, 0x00, 0x00, 0x00, 0x00, 0x00, 0x00, 0x00, 0xcc, 0xbb, 0xbb, 0x0f,
  0xcf, 0xc4, 0xba, 0xf0, 0xcf, 0xc3, 0xba, 0xfa, 0xcf, 0xc3, 0xba, 0xfa,
  0xcf, 0xc3, 0xba, 0xfa, 0xcf, 0xc3, 0xba, 0xfa, 0xcf, 0xc3, 0xba, 0xfa,
  0xcf, 0xc3, 0xba, 0xfa, 0xcf, 0xc3, 0xba, 0xfa, 0xcf, 0xc3, 0xba, 0xfa,
  0xcf, 0xc3, 0xba, 0xfa, 0xcf, 0xc3, 0xba, 0xfa, 0xcf, 0xc3, 0xba, 0xf1,
  0xd2, 0xc3, 0xb4, 0x11, 0x00, 0x00, 0x00, 0x00, 0x00, 0x00, 0x00, 0x00,
  0x00, 0x00, 0x00, 0x00, 0x00, 0x00, 0x00, 0x00, 0x00, 0x00, 0x00, 0x00,
  0x00, 0x00, 0x00, 0x00, 0x00, 0x00, 0x00, 0x00, 0x00, 0x00, 0x00, 0x00,
  0x00, 0x00, 0x00, 0x00, 0x00, 0x00, 0x00, 0x00, 0x00, 0x00, 0x00, 0x00,
  0x00, 0x00, 0x00, 0x00, 0x00, 0x00, 0x00, 0x00, 0x00, 0x00, 0x00, 0x00,
  0x00, 0x00, 0x00, 0x00, 0x00, 0x00, 0x00, 0x00, 0x00, 0x00, 0x00, 0x00,
  0x00, 0x00, 0x00, 0x00, 0x00, 0x00, 0x00, 0x00, 0x00, 0x00, 0x00, 0x00,
  0x00, 0x00, 0x00, 0x00, 0x00, 0x00, 0x00, 0x00, 0x00, 0x00, 0x00, 0x00,
  0x00, 0x00, 0x00, 0x00, 0x00, 0x00, 0x00, 0x00, 0x00, 0x00, 0x00, 0x00,
  0x00, 0x00, 0x00, 0x00, 0x00, 0x00, 0x00, 0x00, 0x00, 0x00, 0x00, 0x00,
  0x00, 0x00, 0x00, 0x00, 0x00, 0x00, 0x00, 0x00, 0x00, 0x00, 0x00, 0x00,
  0x00, 0x00, 0x00, 0x00, 0x00, 0x00, 0x00, 0x00, 0x00, 0x00, 0x00, 0x00,
  0x00, 0x00, 0x00, 0x00, 0x00, 0x00, 0x00, 0x00, 0x00, 0x00, 0x00, 0x00,
  0x00, 0x00, 0x00, 0x00, 0x00, 0x00, 0x00, 0x00, 0x00, 0x00, 0x00, 0x00,
  0x00, 0x00, 0x00, 0x00, 0x00, 0x00, 0x00, 0x00, 0x00, 0x00, 0x00, 0x00,
  0x00, 0x00, 0x00, 0x00, 0x00, 0x00, 0x00, 0x00, 0x00, 0x00, 0x00, 0x00,
  0xcf, 0xc2, 0xb9, 0xa0, 0xcf, 0xc3, 0xba, 0xfa, 0xcf, 0xc3, 0xba, 0xfa,
  0xcf, 0xc3, 0xba, 0xfa, 0xcf, 0xc3, 0xba, 0xfa, 0xcf, 0xc3, 0xba, 0xfa,
  0xcf, 0xc3, 0xba, 0xfa, 0xcf, 0xc3, 0xba, 0xfa, 0xcf, 0xc3, 0xba, 0xfa,
  0xcf, 0xc3, 0xba, 0xfa, 0xcf, 0xc3, 0xba, 0xfa, 0xcf, 0xc2, 0xba, 0x9f,
  0x00, 0x00, 0x00, 0x00, 0x00, 0x00, 0x00, 0x00, 0x00, 0x00, 0x00, 0x00,
  0x00, 0x00, 0x00, 0x00, 0x00, 0x00, 0x00, 0x00, 0x00, 0x00, 0x00, 0x00,
  0x00, 0x00, 0x00, 0x00, 0x00, 0x00, 0x00, 0x00, 0x00, 0x00, 0x00, 0x00,
  0x00, 0x00, 0x00, 0x00, 0x00, 0x00, 0x00, 0x00, 0x00, 0x00, 0x00, 0x00,
  0x00, 0x00, 0x00, 0x00, 0x00, 0x00, 0x00, 0x00, 0x00, 0x00, 0x00, 0x00,
  0x00, 0x00, 0x00, 0x00, 0x00, 0x00, 0x00, 0x00, 0x00, 0x00, 0x00, 0x00,
  0x00, 0x00, 0x00, 0x00, 0x00, 0x00, 0x00, 0x00, 0x00, 0x00, 0x00, 0x00,
  0x00, 0x00, 0x00, 0x00, 0x00, 0x00, 0x00, 0x00, 0x00, 0x00, 0x00, 0x00,
  0x00, 0x00, 0x00, 0x00, 0x00, 0x00, 0x00, 0x00, 0x00, 0x00, 0x00, 0x00,
  0x00, 0x00, 0x00, 0x00, 0x00, 0x00, 0x00, 0x00, 0x00, 0x00, 0x00, 0x00,
  0x00, 0x00, 0x00, 0x00, 0x00, 0x00, 0x00, 0x00, 0x00, 0x00, 0x00, 0x00,
  0x00, 0x00, 0x00, 0x00, 0x00, 0x00, 0x00, 0x00, 0x00, 0x00, 0x00, 0x00,
  0x00, 0x00, 0x00, 0x00, 0x00, 0x00, 0x00, 0x00, 0x00, 0x00, 0x00, 0x00,
  0x00, 0x00, 0x00, 0x00, 0x00, 0x00, 0x00, 0x00, 0x00, 0x00, 0x00, 0x00,
  0x00, 0x00, 0x00, 0x00, 0x00, 0x00, 0x00, 0x00, 0x00, 0x00, 0x00, 0x00,
  0x00, 0x00, 0x00, 0x00, 0x00, 0x00, 0x00, 0x00, 0x00, 0x00, 0x00, 0x00,
  0xce, 0xc2, 0xba, 0x3f, 0xcf, 0xc3, 0xba, 0xfa, 0xcf, 0xc3, 0xba, 0xfa,
  0xcf, 0xc3, 0xba, 0xfa, 0xcf, 0xc3, 0xba, 0xfa, 0xcf, 0xc3, 0xba, 0xfa,
  0xcf, 0xc3, 0xba, 0xfa, 0xcf, 0xc3, 0xba, 0xfa, 0xcf, 0xc3, 0xba, 0xfa,
  0xcf, 0xc3, 0xba, 0xfa, 0xcf, 0xc3, 0xba, 0xfa, 0xce, 0xc1, 0xb9, 0x3e,
  0x00, 0x00, 0x00, 0x00, 0x00, 0x00, 0x00, 0x00, 0x00, 0x00, 0x00, 0x00,
  0x00, 0x00, 0x00, 0x00, 0x00, 0x00, 0x00, 0x00, 0x00, 0x00, 0x00, 0x00,
  0x00, 0x00, 0x00, 0x00, 0x00, 0x00, 0x00, 0x00, 0x00, 0x00, 0x00, 0x00,
  0x00, 0x00, 0x00, 0x00, 0x00, 0x00, 0x00, 0x00, 0x00, 0x00, 0x00, 0x00,
  0x00, 0x00, 0x00, 0x00, 0x00, 0x00, 0x00, 0x00, 0x00, 0x00, 0x00, 0x00,
  0x00, 0x00, 0x00, 0x00, 0x00, 0x00, 0x00, 0x00, 0x00, 0x00, 0x00, 0x00,
  0x00, 0x00, 0x00, 0x00, 0x00, 0x00, 0x00, 0x00, 0x00, 0x00, 0x00, 0x00,
  0x00, 0x00, 0x00, 0x00, 0x00, 0x00, 0x00, 0x00, 0x00, 0x00, 0x00, 0x00,
  0x00, 0x00, 0x00, 0x00, 0x00, 0x00, 0x00, 0x00, 0x00, 0x00, 0x00, 0x00,
  0x00, 0x00, 0x00, 0x00, 0x00, 0x00, 0x00, 0x00, 0x00, 0x00, 0x00, 0x00,
  0x00, 0x00, 0x00, 0x00, 0x00, 0x00, 0x00, 0x00, 0x00, 0x00, 0x00, 0x00,
  0x00, 0x00, 0x00, 0x00, 0x00, 0x00, 0x00, 0x00, 0x00, 0x00, 0x00, 0x00,
  0x00, 0x00, 0x00, 0x00, 0x00, 0x00, 0x00, 0x00, 0x00, 0x00, 0x00, 0x00,
  0x00, 0x00, 0x00, 0x00, 0x00, 0x00, 0x00, 0x00, 0x00, 0x00, 0x00, 0x00,
  0x00, 0x00, 0x00, 0x00, 0x00, 0x00, 0x00, 0x00, 0x00, 0x00, 0x00, 0x00,
  0x00, 0x00, 0x00, 0x00, 0x00, 0x00, 0x00, 0x00, 0x00, 0x00, 0x00, 0x00,
  0xff, 0xff, 0xff, 0x01, 0xcf, 0xc2, 0xba, 0xd6, 0xcf, 0xc3, 0xba, 0xfa,
  0xcf, 0xc3, 0xba, 0xfa, 0xcf, 0xc3, 0xba, 0xfa, 0xcf, 0xc3, 0xba, 0xfa,
  0xcf, 0xc3, 0xba, 0xfa, 0xcf, 0xc3, 0xba, 0xfa, 0xcf, 0xc3, 0xba, 0xfa,
  0xcf, 0xc3, 0xba, 0xfa, 0xcf, 0xc3, 0xba, 0xd9, 0xff, 0xff, 0xff, 0x01,
  0x00, 0x00, 0x00, 0x00, 0x00, 0x00, 0x00, 0x00, 0x00, 0x00, 0x00, 0x00,
  0x00, 0x00, 0x00, 0x00, 0x00, 0x00, 0x00, 0x00, 0x00, 0x00, 0x00, 0x00,
  0x00, 0x00, 0x00, 0x00, 0x00, 0x00, 0x00, 0x00, 0x00, 0x00, 0x00, 0x00,
  0x00, 0x00, 0x00, 0x00, 0x00, 0x00, 0x00, 0x00, 0x00, 0x00, 0x00, 0x00,
  0x00, 0x00, 0x00, 0x00, 0x00, 0x00, 0x00, 0x00, 0x00, 0x00, 0x00, 0x00,
  0x00, 0x00, 0x00, 0x00, 0x00, 0x00, 0x00, 0x00, 0x00, 0x00, 0x00, 0x00,
  0x00, 0x00, 0x00, 0x00, 0x00, 0x00, 0x00, 0x00, 0x00, 0x00, 0x00, 0x00,
  0x00, 0x00, 0x00, 0x00, 0x00, 0x00, 0x00, 0x00, 0x00, 0x00, 0x00, 0x00,
  0x00, 0x00, 0x00, 0x00, 0x00, 0x00, 0x00, 0x00, 0x00, 0x00, 0x00, 0x00,
  0x00, 0x00, 0x00, 0x00, 0x00, 0x00, 0x00, 0x00, 0x00, 0x00, 0x00, 0x00,
  0x00, 0x00, 0x00, 0x00, 0x00, 0x00, 0x00, 0x00, 0x00, 0x00, 0x00, 0x00,
  0x00, 0x00, 0x00, 0x00, 0x00, 0x00, 0x00, 0x00, 0x00, 0x00, 0x00, 0x00,
  0x00, 0x00, 0x00, 0x00, 0x00, 0x00, 0x00, 0x00, 0x00, 0x00, 0x00, 0x00,
  0x00, 0x00, 0x00, 0x00, 0x00, 0x00, 0x00, 0x00, 0x00, 0x00, 0x00, 0x00,
  0x00, 0x00, 0x00, 0x00, 0x00, 0x00, 0x00, 0x00, 0x00, 0x00, 0x00, 0x00,
  0x00, 0x00, 0x00, 0x00, 0x00, 0x00, 0x00, 0x00, 0x00, 0x00, 0x00, 0x00,
  0x00, 0x00, 0x00, 0x00, 0xce, 0xc3, 0xb8, 0x77, 0xcf, 0xc3, 0xba, 0xfa,
  0xcf, 0xc3, 0xba, 0xfa, 0xcf, 0xc3, 0xba, 0xfa, 0xcf, 0xc3, 0xba, 0xfa,
  0xcf, 0xc3, 0xba, 0xfa, 0xcf, 0xc3, 0xba, 0xfa, 0xcf, 0xc3, 0xba, 0xfa,
  0xcf, 0xc3, 0xba, 0xfa, 0xcf, 0xc2, 0xba, 0x76, 0x00, 0x00, 0x00, 0x00,
  0x00, 0x00, 0x00, 0x00, 0x00, 0x00, 0x00, 0x00, 0x00, 0x00, 0x00, 0x00,
  0x00, 0x00, 0x00, 0x00, 0x00, 0x00, 0x00, 0x00, 0x00, 0x00, 0x00, 0x00,
  0x00, 0x00, 0x00, 0x00, 0x00, 0x00, 0x00, 0x00, 0x00, 0x00, 0x00, 0x00,
  0x00, 0x00, 0x00, 0x00, 0x00, 0x00, 0x00, 0x00, 0x00, 0x00, 0x00, 0x00,
  0x00, 0x00, 0x00, 0x00, 0x00, 0x00, 0x00, 0x00, 0x00, 0x00, 0x00, 0x00,
  0x00, 0x00, 0x00, 0x00, 0x00, 0x00, 0x00, 0x00, 0x00, 0x00, 0x00, 0x00,
  0x00, 0x00, 0x00, 0x00, 0x00, 0x00, 0x00, 0x00, 0x00, 0x00, 0x00, 0x00,
  0x00, 0x00, 0x00, 0x00, 0x00, 0x00, 0x00, 0x00, 0x00, 0x00, 0x00, 0x00,
  0x00, 0x00, 0x00, 0x00, 0x00, 0x00, 0x00, 0x00, 0x00, 0x00, 0x00, 0x00,
  0x00, 0x00, 0x00, 0x00, 0x00, 0x00, 0x00, 0x00, 0x00, 0x00, 0x00, 0x00,
  0x00, 0x00, 0x00, 0x00, 0x00, 0x00, 0x00, 0x00, 0x00, 0x00, 0x00, 0x00,
  0x00, 0x00, 0x00, 0x00, 0x00, 0x00, 0x00, 0x00, 0x00, 0x00, 0x00, 0x00,
  0x00, 0x00, 0x00, 0x00, 0x00, 0x00, 0x00, 0x00, 0x00, 0x00, 0x00, 0x00,
  0x00, 0x00, 0x00, 0x00, 0x00, 0x00, 0x00, 0x00, 0x00, 0x00, 0x00, 0x00,
  0x00, 0x00, 0x00, 0x00, 0x00, 0x00, 0x00, 0x00, 0x00, 0x00, 0x00, 0x00,
  0x00, 0x00, 0x00, 0x00, 0x00, 0x00, 0x00, 0x00, 0x00, 0x00, 0x00, 0x00,
  0x00, 0x00, 0x00, 0x00, 0xca, 0xbf, 0xb5, 0x18, 0xcf, 0xc3, 0xb9, 0xf5,
  0xcf, 0xc3, 0xba, 0xfa, 0xcf, 0xc3, 0xba, 0xfa, 0xcf, 0xc3, 0xba, 0xfa,
  0xcf, 0xc3, 0xba, 0xfa, 0xcf, 0xc3, 0xba, 0xfa, 0xcf, 0xc3, 0xba, 0xfa,
  0xcf, 0xc3, 0xba, 0xf6, 0xd6, 0xc2, 0xc2, 0x19, 0x00, 0x00, 0x00, 0x00,
  0x00, 0x00, 0x00, 0x00, 0x00, 0x00, 0x00, 0x00, 0x00, 0x00, 0x00, 0x00,
  0x00, 0x00, 0x00, 0x00, 0x00, 0x00, 0x00, 0x00, 0x00, 0x00, 0x00, 0x00,
  0x00, 0x00, 0x00, 0x00, 0x00, 0x00, 0x00, 0x00, 0x00, 0x00, 0x00, 0x00,
  0x00, 0x00, 0x00, 0x00, 0x00, 0x00, 0x00, 0x00, 0x00, 0x00, 0x00, 0x00,
  0x00, 0x00, 0x00, 0x00, 0x00, 0x00, 0x00, 0x00, 0x00, 0x00, 0x00, 0x00,
  0x00, 0x00, 0x00, 0x00, 0x00, 0x00, 0x00, 0x00, 0x00, 0x00, 0x00, 0x00,
  0x00, 0x00, 0x00, 0x00, 0x00, 0x00, 0x00, 0x00, 0x00, 0x00, 0x00, 0x00,
  0x00, 0x00, 0x00, 0x00, 0x00, 0x00, 0x00, 0x00, 0x00, 0x00, 0x00, 0x00,
  0x00, 0x00, 0x00, 0x00, 0x00, 0x00, 0x00, 0x00, 0x00, 0x00, 0x00, 0x00,
  0x00, 0x00, 0x00, 0x00, 0x00, 0x00, 0x00, 0x00, 0x00, 0x00, 0x00, 0x00,
  0x00, 0x00, 0x00, 0x00, 0x00, 0x00, 0x00, 0x00, 0x00, 0x00, 0x00, 0x00,
  0x00, 0x00, 0x00, 0x00, 0x00, 0x00, 0x00, 0x00, 0x00, 0x00, 0x00, 0x00,
  0x00, 0x00, 0x00, 0x00, 0x00, 0x00, 0x00, 0x00, 0x00, 0x00, 0x00, 0x00,
  0x00, 0x00, 0x00, 0x00, 0x00, 0x00, 0x00, 0x00, 0x00, 0x00, 0x00, 0x00,
  0x00, 0x00, 0x00, 0x00, 0x00, 0x00, 0x00, 0x00, 0x00, 0x00, 0x00, 0x00,
  0x00, 0x00, 0x00, 0x00, 0x00, 0x00, 0x00, 0x00, 0x00, 0x00, 0x00, 0x00,
  0x00, 0x00, 0x00, 0x00, 0x00, 0x00, 0x00, 0x00, 0xcf, 0xc3, 0xb9, 0xae,
  0xcf, 0xc3, 0xba, 0xfa, 0xcf, 0xc3, 0xba, 0xfa, 0xcf, 0xc3, 0xba, 0xfa,
  0xcf, 0xc3, 0xba, 0xfa, 0xcf, 0xc3, 0xba, 0xfa, 0xcf, 0xc3, 0xba, 0xfa,
  0xcf, 0xc3, 0xb9, 0xae, 0x00, 0x00, 0x00, 0x00, 0x00, 0x00, 0x00, 0x00,
  0x00, 0x00, 0x00, 0x00, 0x00, 0x00, 0x00, 0x00, 0x00, 0x00, 0x00, 0x00,
  0x00, 0x00, 0x00, 0x00, 0x00, 0x00, 0x00, 0x00, 0x00, 0x00, 0x00, 0x00,
  0x00, 0x00, 0x00, 0x00, 0x00, 0x00, 0x00, 0x00, 0x00, 0x00, 0x00, 0x00,
  0x00, 0x00, 0x00, 0x00, 0x00, 0x00, 0x00, 0x00, 0x00, 0x00, 0x00, 0x00,
  0x00, 0x00, 0x00, 0x00, 0x00, 0x00, 0x00, 0x00, 0x00, 0x00, 0x00, 0x00,
  0x00, 0x00, 0x00, 0x00, 0x00, 0x00, 0x00, 0x00, 0x00, 0x00, 0x00, 0x00,
  0x00, 0x00, 0x00, 0x00, 0x00, 0x00, 0x00, 0x00, 0x00, 0x00, 0x00, 0x00,
  0x00, 0x00, 0x00, 0x00, 0x00, 0x00, 0x00, 0x00, 0x00, 0x00, 0x00, 0x00,
  0x00, 0x00, 0x00, 0x00, 0x00, 0x00, 0x00, 0x00, 0x00, 0x00, 0x00, 0x00,
  0x00, 0x00, 0x00, 0x00, 0x00, 0x00, 0x00, 0x00, 0x00, 0x00, 0x00, 0x00,
  0x00, 0x00, 0x00, 0x00, 0x00, 0x00, 0x00, 0x00, 0x00, 0x00, 0x00, 0x00,
  0x00, 0x00, 0x00, 0x00, 0x00, 0x00, 0x00, 0x00, 0x00, 0x00, 0x00, 0x00,
  0x00, 0x00, 0x00, 0x00, 0x00, 0x00, 0x00, 0x00, 0x00, 0x00, 0x00, 0x00,
  0x00, 0x00, 0x00, 0x00, 0x00, 0x00, 0x00, 0x00, 0x00, 0x00, 0x00, 0x00,
  0x00, 0x00, 0x00, 0x00, 0x00, 0x00, 0x00, 0x00, 0x00, 0x00, 0x00, 0x00,
  0x00, 0x00, 0x00, 0x00, 0x00, 0x00, 0x00, 0x00, 0x00, 0x00, 0x00, 0x00,
  0x00, 0x00, 0x00, 0x00, 0x00, 0x00, 0x00, 0x00, 0xd0, 0xc3, 0xbc, 0x4c,
  0xcf, 0xc3, 0xba, 0xfa, 0xcf, 0xc3, 0xba, 0xfa, 0xcf, 0xc3, 0xba, 0xfa,
  0xcf, 0xc3, 0xba, 0xfa, 0xcf, 0xc3, 0xba, 0xfa, 0xcf, 0xc3, 0xba, 0xfa,
  0xd0, 0xc3, 0xbc, 0x4c, 0x00, 0x00, 0x00, 0x00, 0x00, 0x00, 0x00, 0x00,
  0x00, 0x00, 0x00, 0x00, 0x00, 0x00, 0x00, 0x00, 0x00, 0x00, 0x00, 0x00,
  0x00, 0x00, 0x00, 0x00, 0x00, 0x00, 0x00, 0x00, 0x00, 0x00, 0x00, 0x00,
  0x00, 0x00, 0x00, 0x00, 0x00, 0x00, 0x00, 0x00, 0x00, 0x00, 0x00, 0x00,
  0x00, 0x00, 0x00, 0x00, 0x00, 0x00, 0x00, 0x00, 0x00, 0x00, 0x00, 0x00,
  0x00, 0x00, 0x00, 0x00, 0x00, 0x00, 0x00, 0x00, 0x00, 0x00, 0x00, 0x00,
  0x00, 0x00, 0x00, 0x00, 0x00, 0x00, 0x00, 0x00, 0x00, 0x00, 0x00, 0x00,
  0x00, 0x00, 0x00, 0x00, 0x00, 0x00, 0x00, 0x00, 0x00, 0x00, 0x00, 0x00,
  0x00, 0x00, 0x00, 0x00, 0x00, 0x00, 0x00, 0x00, 0x00, 0x00, 0x00, 0x00,
  0x00, 0x00, 0x00, 0x00, 0x00, 0x00, 0x00, 0x00, 0x00, 0x00, 0x00, 0x00,
  0x00, 0x00, 0x00, 0x00, 0x00, 0x00, 0x00, 0x00, 0x00, 0x00, 0x00, 0x00,
  0x00, 0x00, 0x00, 0x00, 0x00, 0x00, 0x00, 0x00, 0x00, 0x00, 0x00, 0x00,
  0x00, 0x00, 0x00, 0x00, 0x00, 0x00, 0x00, 0x00, 0x00, 0x00, 0x00, 0x00,
  0x00, 0x00, 0x00, 0x00, 0x00, 0x00, 0x00, 0x00, 0x00, 0x00, 0x00, 0x00,
  0x00, 0x00, 0x00, 0x00, 0x00, 0x00, 0x00, 0x00, 0x00, 0x00, 0x00, 0x00,
  0x00, 0x00, 0x00, 0x00, 0x00, 0x00, 0x00, 0x00, 0x00, 0x00, 0x00, 0x00,
  0x00, 0x00, 0x00, 0x00, 0x00, 0x00, 0x00, 0x00, 0x00, 0x00, 0x00, 0x00,
  0x00, 0x00, 0x00, 0x00, 0x00, 0x00, 0x00, 0x00, 0xbf, 0xbf, 0xbf, 0x04,
  0xce, 0xc3, 0xb9, 0xe1, 0xcf, 0xc3, 0xba, 0xfa, 0xcf, 0xc3, 0xba, 0xfa,
  0xcf, 0xc3, 0xba, 0xfa, 0xcf, 0xc3, 0xba, 0xfa, 0xd0, 0xc3, 0xba, 0xe2,
  0xcc, 0xcc, 0xcc, 0x05, 0x00, 0x00, 0x00, 0x00, 0x00, 0x00, 0x00, 0x00,
  0x00, 0x00, 0x00, 0x00, 0x00, 0x00, 0x00, 0x00, 0x00, 0x00, 0x00, 0x00,
  0x00, 0x00, 0x00, 0x00, 0x00, 0x00, 0x00, 0x00, 0x00, 0x00, 0x00, 0x00,
  0x00, 0x00, 0x00, 0x00, 0x00, 0x00, 0x00, 0x00, 0x00, 0x00, 0x00, 0x00,
  0x00, 0x00, 0x00, 0x00, 0x00, 0x00, 0x00, 0x00, 0x00, 0x00, 0x00, 0x00,
  0x00, 0x00, 0x00, 0x00, 0x00, 0x00, 0x00, 0x00, 0x00, 0x00, 0x00, 0x00,
  0x00, 0x00, 0x00, 0x00, 0x00, 0x00, 0x00, 0x00, 0x00, 0x00, 0x00, 0x00,
  0x00, 0x00, 0x00, 0x00, 0x00, 0x00, 0x00, 0x00, 0x00, 0x00, 0x00, 0x00,
  0x00, 0x00, 0x00, 0x00, 0x00, 0x00, 0x00, 0x00, 0x00, 0x00, 0x00, 0x00,
  0x00, 0x00, 0x00, 0x00, 0x00, 0x00, 0x00, 0x00, 0x00, 0x00, 0x00, 0x00,
  0x00, 0x00, 0x00, 0x00, 0x00, 0x00, 0x00, 0x00, 0x00, 0x00, 0x00, 0x00,
  0x00, 0x00, 0x00, 0x00, 0x00, 0x00, 0x00, 0x00, 0x00, 0x00, 0x00, 0x00,
  0x00, 0x00, 0x00, 0x00, 0x00, 0x00, 0x00, 0x00, 0x00, 0x00, 0x00, 0x00,
  0x00, 0x00, 0x00, 0x00, 0x00, 0x00, 0x00, 0x00, 0x00, 0x00, 0x00, 0x00,
  0x00, 0x00, 0x00, 0x00, 0x00, 0x00, 0x00, 0x00, 0x00, 0x00, 0x00, 0x00,
  0x00, 0x00, 0x00, 0x00, 0x00, 0x00, 0x00, 0x00, 0x00, 0x00, 0x00, 0x00,
  0x00, 0x00, 0x00, 0x00, 0x00, 0x00, 0x00, 0x00, 0x00, 0x00, 0x00, 0x00,
  0x00, 0x00, 0x00, 0x00, 0x00, 0x00, 0x00, 0x00, 0x00, 0x00, 0x00, 0x00,
  0xcf, 0xc3, 0xb9, 0x84, 0xcf, 0xc3, 0xba, 0xfa, 0xcf, 0xc3, 0xba, 0xfa,
  0xcf, 0xc3, 0xba, 0xfa, 0xcf, 0xc3, 0xba, 0xfa, 0xd0, 0xc3, 0xbb, 0x83,
  0x00, 0x00, 0x00, 0x00, 0x00, 0x00, 0x00, 0x00, 0x00, 0x00, 0x00, 0x00,
  0x00, 0x00, 0x00, 0x00, 0x00, 0x00, 0x00, 0x00, 0x00, 0x00, 0x00, 0x00,
  0x00, 0x00, 0x00, 0x00, 0x00, 0x00, 0x00, 0x00, 0x00, 0x00, 0x00, 0x00,
  0x00, 0x00, 0x00, 0x00, 0x00, 0x00, 0x00, 0x00, 0x00, 0x00, 0x00, 0x00,
  0x00, 0x00, 0x00, 0x00, 0x00, 0x00, 0x00, 0x00, 0x00, 0x00, 0x00, 0x00,
  0x00, 0x00, 0x00, 0x00, 0x00, 0x00, 0x00, 0x00, 0x00, 0x00, 0x00, 0x00,
  0x00, 0x00, 0x00, 0x00, 0x00, 0x00, 0x00, 0x00, 0x00, 0x00, 0x00, 0x00,
  0x00, 0x00, 0x00, 0x00, 0x00, 0x00, 0x00, 0x00, 0x00, 0x00, 0x00, 0x00,
  0x00, 0x00, 0x00, 0x00, 0x00, 0x00, 0x00, 0x00, 0x00, 0x00, 0x00, 0x00,
  0x00, 0x00, 0x00, 0x00, 0x00, 0x00, 0x00, 0x00, 0x00, 0x00, 0x00, 0x00,
  0x00, 0x00, 0x00, 0x00, 0x00, 0x00, 0x00, 0x00, 0x00, 0x00, 0x00, 0x00,
  0x00, 0x00, 0x00, 0x00, 0x00, 0x00, 0x00, 0x00, 0x00, 0x00, 0x00, 0x00,
  0x00, 0x00, 0x00, 0x00, 0x00, 0x00, 0x00, 0x00, 0x00, 0x00, 0x00, 0x00,
  0x00, 0x00, 0x00, 0x00, 0x00, 0x00, 0x00, 0x00, 0x00, 0x00, 0x00, 0x00,
  0x00, 0x00, 0x00, 0x00, 0x00, 0x00, 0x00, 0x00, 0x00, 0x00, 0x00, 0x00,
  0x00, 0x00, 0x00, 0x00, 0x00, 0x00, 0x00, 0x00, 0x00, 0x00, 0x00, 0x00,
  0x00, 0x00, 0x00, 0x00, 0x00, 0x00, 0x00, 0x00, 0x00, 0x00, 0x00, 0x00,
  0x00, 0x00, 0x00, 0x00, 0x00, 0x00, 0x00, 0x00, 0x00, 0x00, 0x00, 0x00,
  0xd1, 0xc1, 0xb9, 0x21, 0xcf, 0xc3, 0xb9, 0xf9, 0xcf, 0xc3, 0xba, 0xfa,
  0xcf, 0xc3, 0xba, 0xfa, 0xcf, 0xc3, 0xb9, 0xf9, 0xcd, 0xc6, 0xb8, 0x24,
  0x00, 0x00, 0x00, 0x00, 0x00, 0x00, 0x00, 0x00, 0x00, 0x00, 0x00, 0x00,
  0x00, 0x00, 0x00, 0x00, 0x00, 0x00, 0x00, 0x00, 0x00, 0x00, 0x00, 0x00,
  0x00, 0x00, 0x00, 0x00, 0x00, 0x00, 0x00, 0x00, 0x00, 0x00, 0x00, 0x00,
  0x00, 0x00, 0x00, 0x00, 0x00, 0x00, 0x00, 0x00, 0x00, 0x00, 0x00, 0x00,
  0x00, 0x00, 0x00, 0x00, 0x00, 0x00, 0x00, 0x00, 0x00, 0x00, 0x00, 0x00,
  0x00, 0x00, 0x00, 0x00, 0x00, 0x00, 0x00, 0x00, 0x00, 0x00, 0x00, 0x00,
  0x00, 0x00, 0x00, 0x00, 0x00, 0x00, 0x00, 0x00, 0x00, 0x00, 0x00, 0x00,
  0x00, 0x00, 0x00, 0x00, 0x00, 0x00, 0x00, 0x00, 0x00, 0x00, 0x00, 0x00,
  0x00, 0x00, 0x00, 0x00, 0x00, 0x00, 0x00, 0x00, 0x00, 0x00, 0x00, 0x00,
  0x00, 0x00, 0x00, 0x00, 0x00, 0x00, 0x00, 0x00, 0x00, 0x00, 0x00, 0x00,
  0x00, 0x00, 0x00, 0x00, 0x00, 0x00, 0x00, 0x00, 0x00, 0x00, 0x00, 0x00,
  0x00, 0x00, 0x00, 0x00, 0x00, 0x00, 0x00, 0x00, 0x00, 0x00, 0x00, 0x00,
  0x00, 0x00, 0x00, 0x00, 0x00, 0x00, 0x00, 0x00, 0x00, 0x00, 0x00, 0x00,
  0x00, 0x00, 0x00, 0x00, 0x00, 0x00, 0x00, 0x00, 0x00, 0x00, 0x00, 0x00,
  0x00, 0x00, 0x00, 0x00, 0x00, 0x00, 0x00, 0x00, 0x00, 0x00, 0x00, 0x00,
  0x00, 0x00, 0x00, 0x00, 0x00, 0x00, 0x00, 0x00, 0x00, 0x00, 0x00, 0x00,
  0x00, 0x00, 0x00, 0x00, 0x00, 0x00, 0x00, 0x00, 0x00, 0x00, 0x00, 0x00,
  0x00, 0x00, 0x00, 0x00, 0x00, 0x00, 0x00, 0x00, 0x00, 0x00, 0x00, 0x00,
  0x00, 0x00, 0x00, 0x00, 0xd0, 0xc3, 0xba, 0xbc, 0xcf, 0xc3, 0xba, 0xfa,
  0xcf, 0xc3, 0xba, 0xfa, 0xcf, 0xc3, 0xb9, 0xbb, 0x00, 0x00, 0x00, 0x00,
  0x00, 0x00, 0x00, 0x00, 0x00, 0x00, 0x00, 0x00, 0x00, 0x00, 0x00, 0x00,
  0x00, 0x00, 0x00, 0x00, 0x00, 0x00, 0x00, 0x00, 0x00, 0x00, 0x00, 0x00,
  0x00, 0x00, 0x00, 0x00, 0x00, 0x00, 0x00, 0x00, 0x00, 0x00, 0x00, 0x00,
  0x00, 0x00, 0x00, 0x00, 0x00, 0x00, 0x00, 0x00, 0x00, 0x00, 0x00, 0x00,
  0x00, 0x00, 0x00, 0x00, 0x00, 0x00, 0x00, 0x00, 0x00, 0x00, 0x00, 0x00,
  0x00, 0x00, 0x00, 0x00, 0x00, 0x00, 0x00, 0x00, 0x00, 0x00, 0x00, 0x00,
  0x00, 0x00, 0x00, 0x00, 0x00, 0x00, 0x00, 0x00, 0x00, 0x00, 0x00, 0x00,
  0x00, 0x00, 0x00, 0x00, 0x00, 0x00, 0x00, 0x00, 0x00, 0x00, 0x00, 0x00,
  0x00, 0x00, 0x00, 0x00, 0x00, 0x00, 0x00, 0x00, 0x00, 0x00, 0x00, 0x00,
  0x00, 0x00, 0x00, 0x00, 0x00, 0x00, 0x00, 0x00, 0x00, 0x00, 0x00, 0x00,
  0x00, 0x00, 0x00, 0x00, 0x00, 0x00, 0x00, 0x00, 0x00, 0x00, 0x00, 0x00,
  0x00, 0x00, 0x00, 0x00, 0x00, 0x00, 0x00, 0x00, 0x00, 0x00, 0x00, 0x00,
  0x00, 0x00, 0x00, 0x00, 0x00, 0x00, 0x00, 0x00, 0x00, 0x00, 0x00, 0x00,
  0x00, 0x00, 0x00, 0x00, 0x00, 0x00, 0x00, 0x00, 0x00, 0x00, 0x00, 0x00,
  0x00, 0x00, 0x00, 0x00, 0x00, 0x00, 0x00, 0x00, 0x00, 0x00, 0x00, 0x00,
  0x00, 0x00, 0x00, 0x00, 0x00, 0x00, 0x00, 0x00, 0x00, 0x00, 0x00, 0x00,
  0x00, 0x00, 0x00, 0x00, 0x00, 0x00, 0x00, 0x00, 0x00, 0x00, 0x00, 0x00,
  0x00, 0x00, 0x00, 0x00, 0x00, 0x00, 0x00, 0x00, 0x00, 0x00, 0x00, 0x00,
  0x00, 0x00, 0x00, 0x00, 0xcf, 0xc4, 0xb9, 0x5b, 0xcf, 0xc3, 0xba, 0xfa,
  0xcf, 0xc3, 0xba, 0xfa, 0xcf, 0xc4, 0xbb, 0x5a, 0x00, 0x00, 0x00, 0x00,
  0x00, 0x00, 0x00, 0x00, 0x00, 0x00, 0x00, 0x00, 0x00, 0x00, 0x00, 0x00,
  0x00, 0x00, 0x00, 0x00, 0x00, 0x00, 0x00, 0x00, 0x00, 0x00, 0x00, 0x00,
  0x00, 0x00, 0x00, 0x00, 0x00, 0x00, 0x00, 0x00, 0x00, 0x00, 0x00, 0x00,
  0x00, 0x00, 0x00, 0x00, 0x00, 0x00, 0x00, 0x00, 0x00, 0x00, 0x00, 0x00,
  0x00, 0x00, 0x00, 0x00, 0x00, 0x00, 0x00, 0x00, 0x00, 0x00, 0x00, 0x00,
  0x00, 0x00, 0x00, 0x00, 0x00, 0x00, 0x00, 0x00, 0x00, 0x00, 0x00, 0x00,
  0x00, 0x00, 0x00, 0x00, 0x00, 0x00, 0x00, 0x00, 0x00, 0x00, 0x00, 0x00,
  0x00, 0x00, 0x00, 0x00, 0x00, 0x00, 0x00, 0x00, 0x00, 0x00, 0x00, 0x00,
  0x00, 0x00, 0x00, 0x00, 0x00, 0x00, 0x00, 0x00, 0x00, 0x00, 0x00, 0x00,
  0x00, 0x00, 0x00, 0x00, 0x00, 0x00, 0x00, 0x00, 0x00, 0x00, 0x00, 0x00,
  0x00, 0x00, 0x00, 0x00, 0x00, 0x00, 0x00, 0x00, 0x00, 0x00, 0x00, 0x00,
  0x00, 0x00, 0x00, 0x00, 0x00, 0x00, 0x00, 0x00, 0x00, 0x00, 0x00, 0x00,
  0x00, 0x00, 0x00, 0x00, 0x00, 0x00, 0x00, 0x00, 0x00, 0x00, 0x00, 0x00,
  0x00, 0x00, 0x00, 0x00, 0x00, 0x00, 0x00, 0x00, 0x00, 0x00, 0x00, 0x00,
  0x00, 0x00, 0x00, 0x00, 0x00, 0x00, 0x00, 0x00, 0x00, 0x00, 0x00, 0x00,
  0x00, 0x00, 0x00, 0x00, 0x00, 0x00, 0x00, 0x00, 0x00, 0x00, 0x00, 0x00,
  0x00, 0x00, 0x00, 0x00, 0x00, 0x00, 0x00, 0x00, 0x00, 0x00, 0x00, 0x00,
  0x00, 0x00, 0x00, 0x00, 0x00, 0x00, 0x00, 0x00, 0x00, 0x00, 0x00, 0x00,
  0x00, 0x00, 0x00, 0x00, 0xc6, 0xc6, 0xaa, 0x09, 0xcf, 0xc3, 0xba, 0xe9,
  0xcf, 0xc3, 0xba, 0xeb, 0xcc, 0xb3, 0xb3, 0x0a, 0x00, 0x00, 0x00, 0x00,
  0x00, 0x00, 0x00, 0x00, 0x00, 0x00, 0x00, 0x00, 0x00, 0x00, 0x00, 0x00,
  0x00, 0x00, 0x00, 0x00, 0x00, 0x00, 0x00, 0x00, 0x00, 0x00, 0x00, 0x00,
  0x00, 0x00, 0x00, 0x00, 0x00, 0x00, 0x00, 0x00, 0x00, 0x00, 0x00, 0x00,
  0x00, 0x00, 0x00, 0x00, 0x00, 0x00, 0x00, 0x00, 0x00, 0x00, 0x00, 0x00,
  0x00, 0x00, 0x00, 0x00, 0x00, 0x00, 0x00, 0x00, 0x00, 0x00, 0x00, 0x00,
  0x00, 0x00, 0x00, 0x00, 0x00, 0x00, 0x00, 0x00, 0x00, 0x00, 0x00, 0x00,
  0x00, 0x00, 0x00, 0x00, 0x00, 0x00, 0x00, 0x00, 0x00, 0x00, 0x00, 0x00,
  0x00, 0x00, 0x00, 0x00, 0x00, 0x00, 0x00, 0x00, 0x00, 0x00, 0x00, 0x00,
  0x00, 0x00, 0x00, 0x00, 0x00, 0x00, 0x00, 0x00, 0x00, 0x00, 0x00, 0x00,
  0x00, 0x00, 0x00, 0x00, 0x00, 0x00, 0x00, 0x00, 0x00, 0x00, 0x00, 0x00,
  0x00, 0x00, 0x00, 0x00, 0x00, 0x00, 0x00, 0x00, 0x00, 0x00, 0x00, 0x00,
  0x00, 0x00, 0x00, 0x00, 0x00, 0x00, 0x00, 0x00, 0x00, 0x00, 0x00, 0x00,
  0x00, 0x00, 0x00, 0x00, 0x00, 0x00, 0x00, 0x00, 0x00, 0x00, 0x00, 0x00,
  0x00, 0x00, 0x00, 0x00, 0x00, 0x00, 0x00, 0x00, 0x00, 0x00, 0x00, 0x00,
  0x00, 0x00, 0x00, 0x00, 0x00, 0x00, 0x00, 0x00, 0x00, 0x00, 0x00, 0x00,
  0x00, 0x00, 0x00, 0x00, 0x00, 0x00, 0x00, 0x00, 0x00, 0x00, 0x00, 0x00,
  0x00, 0x00, 0x00, 0x00, 0x00, 0x00, 0x00, 0x00, 0x00, 0x00, 0x00, 0x00,
  0x00, 0x00, 0x00, 0x00, 0x00, 0x00, 0x00, 0x00, 0x00, 0x00, 0x00, 0x00,
  0x00, 0x00, 0x00, 0x00, 0x00, 0x00, 0x00, 0x00, 0xd0, 0xc4, 0xb9, 0x92,
  0xd0, 0xc3, 0xba, 0x91, 0x00, 0x00, 0x00, 0x00, 0x00, 0x00, 0x00, 0x00,
  0x00, 0x00, 0x00, 0x00, 0x00, 0x00, 0x00, 0x00, 0x00, 0x00, 0x00, 0x00,
  0x00, 0x00, 0x00, 0x00, 0x00, 0x00, 0x00, 0x00, 0x00, 0x00, 0x00, 0x00,
  0x00, 0x00, 0x00, 0x00, 0x00, 0x00, 0x00, 0x00, 0x00, 0x00, 0x00, 0x00,
  0x00, 0x00, 0x00, 0x00, 0x00, 0x00, 0x00, 0x00, 0x00, 0x00, 0x00, 0x00,
  0x00, 0x00, 0x00, 0x00, 0x00, 0x00, 0x00, 0x00, 0x00, 0x00, 0x00, 0x00,
  0x00, 0x00, 0x00, 0x00, 0x00, 0x00, 0x00, 0x00, 0x00, 0x00, 0x00, 0x00,
  0x00, 0x00, 0x00, 0x00, 0x00, 0x00, 0x00, 0x00, 0x00, 0x00, 0x00, 0x00,
  0x00, 0x00, 0x00, 0x00, 0x00, 0x00, 0x00, 0x00, 0x00, 0x00, 0x00, 0x00,
  0x00, 0x00, 0x00, 0x00, 0x00, 0x00, 0x00, 0x00, 0x00, 0x00, 0x00, 0x00,
  0x00, 0x00, 0x00, 0x00, 0x00, 0x00, 0x00, 0x00, 0x00, 0x00, 0x00, 0x00,
  0x00, 0x00, 0x00, 0x00, 0x00, 0x00, 0x00, 0x00, 0x00, 0x00, 0x00, 0x00,
  0x00, 0x00, 0x00, 0x00, 0x00, 0x00, 0x00, 0x00, 0x00, 0x00, 0x00, 0x00,
  0x00, 0x00, 0x00, 0x00, 0x00, 0x00, 0x00, 0x00, 0x00, 0x00, 0x00, 0x00,
  0x00, 0x00, 0x00, 0x00, 0x00, 0x00, 0x00, 0x00, 0x00, 0x00, 0x00, 0x00,
  0x00, 0x00, 0x00, 0x00, 0x00, 0x00, 0x00, 0x00, 0x00, 0x00, 0x00, 0x00,
  0x00, 0x00, 0x00, 0x00, 0x00, 0x00, 0x00, 0x00, 0x00, 0x00, 0x00, 0x00,
  0x00, 0x00, 0x00, 0x00, 0x00, 0x00, 0x00, 0x00, 0x00, 0x00, 0x00, 0x00,
  0x00, 0x00, 0x00, 0x00, 0x00, 0x00, 0x00, 0x00, 0x00, 0x00, 0x00, 0x00,
  0x00, 0x00, 0x00, 0x00, 0x00, 0x00, 0x00, 0x00, 0xd0, 0xc1, 0xbb, 0x31,
  0xd0, 0xc1, 0xbb, 0x31, 0x00, 0x00, 0x00, 0x00, 0x00, 0x00, 0x00, 0x00,
  0x00, 0x00, 0x00, 0x00, 0x00, 0x00, 0x00, 0x00, 0x00, 0x00, 0x00, 0x00,
  0x00, 0x00, 0x00, 0x00, 0x00, 0x00, 0x00, 0x00, 0x00, 0x00, 0x00, 0x00,
  0x00, 0x00, 0x00, 0x00, 0x00, 0x00, 0x00, 0x00, 0x00, 0x00, 0x00, 0x00,
  0x00, 0x00, 0x00, 0x00, 0x00, 0x00, 0x00, 0x00, 0x00, 0x00, 0x00, 0x00,
  0x00, 0x00, 0x00, 0x00, 0x00, 0x00, 0x00, 0x00, 0x00, 0x00, 0x00, 0x00,
  0x00, 0x00, 0x00, 0x00, 0x00, 0x00, 0x00, 0x00, 0x00, 0x00, 0x00, 0x00,
  0x00, 0x00, 0x00, 0x00, 0x00, 0x00, 0x00, 0x00, 0x00, 0x00, 0x00, 0x00,
  0x00, 0x00, 0x00, 0x00, 0x00, 0x00, 0x00, 0x00, 0x00, 0x00, 0x00, 0x00,
  0x00, 0x00, 0x00, 0x00, 0x00, 0x00, 0x00, 0x00, 0x00, 0x00, 0x00, 0x00,
  0x00, 0x00, 0x00, 0x00, 0x00, 0x00, 0x00, 0x00, 0x00, 0x00, 0x00, 0x00,
  0x00, 0x00, 0x00, 0x00, 0x00, 0x00, 0x00, 0x00, 0x00, 0x00, 0x00, 0x00,
  0x00, 0x00, 0x00, 0x00, 0x00, 0x00, 0x00, 0x00, 0x00, 0x00, 0x00, 0x00,
  0x00, 0x00, 0x00, 0x00, 0x00, 0x00, 0x00, 0x00, 0x00, 0x00, 0x00, 0x00,
  0x00, 0x00, 0x00, 0x00, 0x00, 0x00, 0x00, 0x00, 0x00, 0x00, 0x00, 0x00,
  0x00, 0x00, 0x00, 0x00, 0x00, 0x00, 0x00, 0x00, 0x00, 0x00, 0x00, 0x00,
  0x00, 0x00, 0x00, 0x00, 0x00, 0x00, 0x00, 0x00, 0x00, 0x00, 0x00, 0x00,
  0x00, 0x00, 0x00, 0x00, 0x00, 0x00, 0x00, 0x00, 0x00, 0x00, 0x00, 0x00,
  0x00, 0x00, 0x00, 0x00, 0x00, 0x00, 0x00, 0x00, 0x00, 0x00, 0x00, 0x00,
  0x00, 0x00, 0x00, 0x00, 0x00, 0x00, 0x00, 0x00, 0x00, 0x00, 0x00, 0x00,
  0x00, 0x00, 0x00, 0x00, 0x00, 0x00, 0x00, 0x00, 0x00, 0x00, 0x00, 0x00,
  0x00, 0x00, 0x00, 0x00, 0x00, 0x00, 0x00, 0x00, 0x00, 0x00, 0x00, 0x00,
  0x00, 0x00, 0x00, 0x00, 0x00, 0x00, 0x00, 0x00, 0x00, 0x00, 0x00, 0x00,
  0x00, 0x00, 0x00, 0x00, 0x00, 0x00, 0x00, 0x00, 0x00, 0x00, 0x00, 0x00,
  0x00, 0x00, 0x00, 0x00, 0x00, 0x00, 0x00, 0x00, 0x00, 0x00, 0x00, 0x00,
  0x00, 0x00, 0x00, 0x00, 0x00, 0x00, 0x00, 0x00, 0x00, 0x00, 0x00, 0x00,
  0x00, 0x00, 0x00, 0x00, 0x00, 0x00, 0x00, 0x00, 0x00, 0x00, 0x00, 0x00,
  0x00, 0x00, 0x00, 0x00, 0x00, 0x00, 0x00, 0x00, 0x00, 0x00, 0x00, 0x00,
  0x00, 0x00, 0x00, 0x00, 0x00, 0x00, 0x00, 0x00, 0x00, 0x00, 0x00, 0x00,
  0x00, 0x00, 0x00, 0x00, 0x00, 0x00, 0x00, 0x00, 0x00, 0x00, 0x00, 0x00,
  0x00, 0x00, 0x00, 0x00, 0x00, 0x00, 0x00, 0x00, 0x00, 0x00, 0x00, 0x00,
  0x00, 0x00, 0x00, 0x00, 0x00, 0x00, 0x00, 0x00, 0x00, 0x00, 0x00, 0x00,
  0x00, 0x00, 0x00, 0x00, 0x00, 0x00, 0x00, 0x00, 0x00, 0x00, 0x00, 0x00,
  0x00, 0x00, 0x00, 0x00, 0x00, 0x00, 0x00, 0x00, 0x00, 0x00, 0x00, 0x00,
  0x00, 0x00, 0x00, 0x00, 0x00, 0x00, 0x00, 0x00, 0x00, 0x00, 0x00, 0x00,
  0x00, 0x00, 0x00, 0x00, 0x00, 0x00, 0x00, 0x00, 0x00, 0x00, 0x00, 0x00,
  0x00, 0x00, 0x00, 0x00, 0x00, 0x00, 0x00, 0x00, 0x00, 0x00, 0x00, 0x00,
  0x00, 0x00, 0x00, 0x00, 0x00, 0x00, 0x00, 0x00, 0x00, 0x00, 0x00, 0x00,
  0x00, 0x00, 0x00, 0x00, 0x00, 0x00, 0x00, 0x00, 0x00, 0x00, 0x00, 0x00,
  0x00, 0x00, 0x00, 0x00, 0x00, 0x00, 0x00, 0x00, 0x00, 0x00, 0x00, 0x00,
  0x00, 0x00, 0x00, 0x00, 0x00, 0x00, 0x00, 0x00, 0x00, 0x00, 0x00, 0x00,
  0x00, 0x00, 0x00, 0x00, 0x00, 0x00, 0x00, 0x00, 0x00, 0x00, 0x00, 0x00,
  0x00, 0x00, 0x00, 0x00, 0x00, 0x00, 0x00, 0x00, 0x00, 0x00, 0x00, 0x00,
  0x00, 0x00, 0x00, 0x00, 0x00, 0x00, 0x00, 0x00, 0x00, 0x00, 0x00, 0x00,
  0x00, 0x00, 0x00, 0x00, 0x00, 0x00, 0x00, 0x00, 0x00, 0x00, 0x00, 0x00,
  0x00, 0x00, 0x00, 0x00, 0x00, 0x00, 0x00, 0x00, 0x00, 0x00, 0x00, 0x00,
  0x00, 0x00, 0x00, 0x00, 0x00, 0x00, 0x00, 0x00, 0x00, 0x00, 0x00, 0x00,
  0x00, 0x00, 0x00, 0x00, 0x00, 0x00, 0x00, 0x00, 0x00, 0x00, 0x00, 0x00,
  0x00, 0x00, 0x00, 0x00, 0x00, 0x00, 0x00, 0x00, 0x00, 0x00, 0x00, 0x00,
  0x00, 0x00, 0x00, 0x00, 0x00, 0x00, 0x00, 0x00, 0x00, 0x00, 0x00, 0x00,
  0x00, 0x00, 0x00, 0x00, 0x00, 0x00, 0x00, 0x00, 0x00, 0x00, 0x00, 0x00,
  0x00, 0x00, 0x00, 0x00, 0x00, 0x00, 0x00, 0x00, 0x00, 0x00, 0x00, 0x00,
  0x00, 0x00, 0x00, 0x00, 0x00, 0x00, 0x00, 0x00, 0x00, 0x00, 0x00, 0x00,
  0x00, 0x00, 0x00, 0x00, 0x00, 0x00, 0x00, 0x00, 0x00, 0x00, 0x00, 0x00,
  0x00, 0x00, 0x00, 0x00, 0x00, 0x00, 0x00, 0x00, 0x00, 0x00, 0x00, 0x00,
  0x00, 0x00, 0x00, 0x00, 0x00, 0x00, 0x00, 0x00, 0x00, 0x00, 0x00, 0x00,
  0x00, 0x00, 0x00, 0x00, 0x00, 0x00, 0x00, 0x00, 0x00, 0x00, 0x00, 0x00,
  0x00, 0x00, 0x00, 0x00, 0x00, 0x00, 0x00, 0x00, 0x00, 0x00, 0x00, 0x00,
  0x00, 0x00, 0x00, 0x00, 0x00, 0x00, 0x00, 0x00, 0x00, 0x00, 0x00, 0x00,
  0x00, 0x00, 0x00, 0x00, 0x00, 0x00, 0x00, 0x00, 0x00, 0x00, 0x00, 0x00,
  0x00, 0x00, 0x00, 0x00, 0x00, 0x00, 0x00, 0x00, 0x00, 0x00, 0x00, 0x00,
  0x00, 0x00, 0x00, 0x00, 0x00, 0x00, 0x00, 0x00, 0x00, 0x00, 0x00, 0x00,
  0x00, 0x00, 0x00, 0x00, 0x00, 0x00, 0x00, 0x00, 0x00, 0x00, 0x00, 0x00,
  0x00, 0x00, 0x00, 0x00, 0x00, 0x00, 0x00, 0x00, 0x00, 0x00, 0x00, 0x00,
  0x00, 0x00, 0x00, 0x00, 0x00, 0x00, 0x00, 0x00, 0x00, 0x00, 0x00, 0x00,
  0x00, 0x00, 0x00, 0x00, 0x00, 0x00, 0x00, 0x00, 0x00, 0x00, 0x00, 0x00,
  0x00, 0x00, 0x00, 0x00, 0x00, 0x00, 0x00, 0x00, 0x00, 0x00, 0x00, 0x00,
  0x00, 0x00, 0x00, 0x00, 0x00, 0x00, 0x00, 0x00, 0x00, 0x00, 0x00, 0x00,
  0x00, 0x00, 0x00, 0x00, 0x00, 0x00, 0x00, 0x00, 0x00, 0x00, 0x00, 0x00,
  0x00, 0x00, 0x00, 0x00, 0x00, 0x00, 0x00, 0x00, 0x00, 0x00, 0x00, 0x00,
  0x00, 0x00, 0x00, 0x00, 0x00, 0x00, 0x00, 0x00, 0x00, 0x00, 0x00, 0x00,
  0x00, 0x00, 0x00, 0x00, 0x00, 0x00, 0x00, 0x00, 0x00, 0x00, 0x00, 0x00,
  0x00, 0x00, 0x00, 0x00, 0x00, 0x00, 0x00, 0x00, 0x00, 0x00, 0x00, 0x00,
  0x00, 0x00, 0x00, 0x00, 0x00, 0x00, 0x00, 0x00, 0x00, 0x00, 0x00, 0x00,
  0x00, 0x00, 0x00, 0x00, 0x00, 0x00, 0x00, 0x00, 0x00, 0x00, 0x00, 0x00,
  0x00, 0x00, 0x00, 0x00, 0x00, 0x00, 0x00, 0x00, 0x00, 0x00, 0x00, 0x00,
  0x00, 0x00, 0x00, 0x00, 0x00, 0x00, 0x00, 0x00, 0x00, 0x00, 0x00, 0x00,
  0x00, 0x00, 0x00, 0x00, 0x00, 0x00, 0x00, 0x00, 0x00, 0x00, 0x00, 0x00,
  0x00, 0x00, 0x00, 0x00, 0x00, 0x00, 0x00, 0x00, 0x00, 0x00, 0x00, 0x00,
  0x00, 0x00, 0x00, 0x00, 0x00, 0x00, 0x00, 0x00, 0x00, 0x00, 0x00, 0x00,
  0x00, 0x00, 0x00, 0x00, 0x00, 0x00, 0x00, 0x00, 0x00, 0x00, 0x00, 0x00,
  0x00, 0x00, 0x00, 0x00, 0x00, 0x00, 0x00, 0x00, 0x00, 0x00, 0x00, 0x00,
  0x00, 0x00, 0x00, 0x00, 0x00, 0x00, 0x00, 0x00, 0x00, 0x00, 0x00, 0x00,
  0x00, 0x00, 0x00, 0x00, 0x00, 0x00, 0x00, 0x00, 0x00, 0x00, 0x00, 0x00,
  0x00, 0x00, 0x00, 0x00, 0x00, 0x00, 0x00, 0x00, 0x00, 0x00, 0x00, 0x00,
  0x00, 0x00, 0x00, 0x00, 0x00, 0x00, 0x00, 0x00, 0x00, 0x00, 0x00, 0x00,
  0x00, 0x00, 0x00, 0x00, 0x00, 0x00, 0x00, 0x00, 0x00, 0x00, 0x00, 0x00,
  0x00, 0x00, 0x00, 0x00, 0x00, 0x00, 0x00, 0x00, 0x00, 0x00, 0x00, 0x00,
  0x00, 0x00, 0x00, 0x00, 0x00, 0x00, 0x00, 0x00, 0x00, 0x00, 0x00, 0x00,
  0x00, 0x00, 0x00, 0x00, 0x00, 0x00, 0x00, 0x00, 0x00, 0x00, 0x00, 0x00,
  0x00, 0x00, 0x00, 0x00, 0x00, 0x00, 0x00, 0x00, 0x00, 0x00, 0x00, 0x00,
  0x00, 0x00, 0x00, 0x00, 0x00, 0x00, 0x00, 0x00, 0x00, 0x00, 0x00, 0x00,
  0x00, 0x00, 0x00, 0x00, 0x00, 0x00, 0x00, 0x00, 0x00, 0x00, 0x00, 0x00,
  0x00, 0x00, 0x00, 0x00, 0x00, 0x00, 0x00, 0x00, 0x00, 0x00, 0x00, 0x00,
  0x00, 0x00, 0x00, 0x00, 0x00, 0x00, 0x00, 0x00, 0x00, 0x00, 0x00, 0x00,
  0x00, 0x00, 0x00, 0x00, 0x00, 0x00, 0x00, 0x00, 0x00, 0x00, 0x00, 0x00,
  0x00, 0x00, 0x00, 0x00, 0x00, 0x00, 0x00, 0x00, 0x00, 0x00, 0x00, 0x00,
  0x00, 0x00, 0x00, 0x00, 0x00, 0x00, 0x00, 0x00, 0x00, 0x00, 0x00, 0x00,
  0x00, 0x00, 0x00, 0x00, 0x00, 0x00, 0x00, 0x00, 0x00, 0x00, 0x00, 0x00,
  0x00, 0x00, 0x00, 0x00, 0x00, 0x00, 0x00, 0x00, 0x00, 0x00, 0x00, 0x00,
  0x00, 0x00, 0x00, 0x00, 0x00, 0x00, 0x00, 0x00, 0x00, 0x00, 0x00, 0x00,
  0x00, 0x00, 0x00, 0x00, 0x00, 0x00, 0x00, 0x00, 0x00, 0x00, 0x00, 0x00,
  0x00, 0x00, 0x00, 0x00, 0x00, 0x00, 0x00, 0x00, 0x00, 0x00, 0x00, 0x00,
  0x00, 0x00, 0x00, 0x00, 0x00, 0x00, 0x00, 0x00, 0x00, 0x00, 0x00, 0x00,
  0x00, 0x00, 0x00, 0x00, 0x00, 0x00, 0x00, 0x00, 0x00, 0x00, 0x00, 0x00,
  0x00, 0x00, 0x00, 0x00, 0x00, 0x00, 0x00, 0x00, 0x00, 0x00, 0x00, 0x00,
  0x00, 0x00, 0x00, 0x00, 0x00, 0x00, 0x00, 0x00, 0x00, 0x00, 0x00, 0x00,
  0x00, 0x00, 0x00, 0x00, 0x00, 0x00, 0x00, 0x00, 0x00, 0x00, 0x00, 0x00,
  0x00, 0x00, 0x00, 0x00, 0x00, 0x00, 0x00, 0x00, 0x00, 0x00, 0x00, 0x00,
  0x00, 0x00, 0x00, 0x00, 0x00, 0x00, 0x00, 0x00, 0x00, 0x00, 0x00, 0x00,
  0x00, 0x00, 0x00, 0x00, 0x00, 0x00, 0x00, 0x00, 0x00, 0x00, 0x00, 0x00,
  0x00, 0x00, 0x00, 0x00, 0x00, 0x00, 0x00, 0x00, 0x00, 0x00, 0x00, 0x00,
  0x00, 0x00, 0x00, 0x00, 0x00, 0x00, 0x00, 0x00, 0x00, 0x00, 0x00, 0x00,
  0x00, 0x00, 0x00, 0x00, 0x00, 0x00, 0x00, 0x00, 0x00, 0x00, 0x00, 0x00,
  0x00, 0x00, 0x00, 0x00, 0x00, 0x00, 0x00, 0x00, 0x00, 0x00, 0x00, 0x00,
  0x00, 0x00, 0x00, 0x00, 0x00, 0x00, 0x00, 0x00, 0x00, 0x00, 0x00, 0x00,
  0x00, 0x00, 0x00, 0x00, 0x00, 0x00, 0x00, 0x00, 0x00, 0x00, 0x00, 0x00,
  0x00, 0x00, 0x00, 0x00, 0x00, 0x00, 0x00, 0x00, 0x00, 0x00, 0x00, 0x00,
  0x00, 0x00, 0x00, 0x00, 0x00, 0x00, 0x00, 0x00, 0x00, 0x00, 0x00, 0x00,
  0x00, 0x00, 0x00, 0x00, 0x00, 0x00, 0x00, 0x00, 0x00, 0x00, 0x00, 0x00,
  0x00, 0x00, 0x00, 0x00, 0x00, 0x00, 0x00, 0x00, 0x00, 0x00, 0x00, 0x00,
  0x00, 0x00, 0x00, 0x00, 0x00, 0x00, 0x00, 0x00, 0x00, 0x00, 0x00, 0x00,
  0x00, 0x00, 0x00, 0x00, 0x00, 0x00, 0x00, 0x00, 0x00, 0x00, 0x00, 0x00,
  0x00, 0x00, 0x00, 0x00, 0x00, 0x00, 0x00, 0x00, 0x00, 0x00, 0x00, 0x00,
  0x00, 0x00, 0x00, 0x00, 0x00, 0x00, 0x00, 0x00, 0x00, 0x00, 0x00, 0x00,
  0x00, 0x00, 0x00, 0x00, 0x00, 0x00, 0x00, 0x00, 0x00, 0x00, 0x00, 0x00,
  0x00, 0x00, 0x00, 0x00, 0x00, 0x00, 0x00, 0x00, 0x00, 0x00, 0x00, 0x00,
  0x00, 0x00, 0x00, 0x00, 0x00, 0x00, 0x00, 0x00, 0x00, 0x00, 0x00, 0x00,
  0x00, 0x00, 0x00, 0x00, 0x00, 0x00, 0x00, 0x00, 0x00, 0x00, 0x00, 0x00,
  0x00, 0x00, 0x00, 0x00, 0x00, 0x00, 0x00, 0x00, 0x00, 0x00, 0x00, 0x00,
  0x00, 0x00, 0x00, 0x00, 0x00, 0x00, 0x00, 0x00, 0x00, 0x00, 0x00, 0x00,
  0x00, 0x00, 0x00, 0x00, 0x00, 0x00, 0x00, 0x00, 0x00, 0x00, 0x00, 0x00,
  0x00, 0x00, 0x00, 0x00, 0x00, 0x00, 0x00, 0x00, 0x00, 0x00, 0x00, 0x00,
  0x00, 0x00, 0x00, 0x00, 0x00, 0x00, 0x00, 0x00, 0x00, 0x00, 0x00, 0x00,
  0x00, 0x00, 0x00, 0x00, 0x00, 0x00, 0x00, 0x00, 0x00, 0x00, 0x00, 0x00,
  0x00, 0x00, 0x00, 0x00, 0x00, 0x00, 0x00, 0x00, 0x00, 0x00, 0x00, 0x00,
  0x00, 0x00, 0x00, 0x00, 0x00, 0x00, 0x00, 0x00, 0x00, 0x00, 0x00, 0x00,
  0x00, 0x00, 0x00, 0x00, 0x00, 0x00, 0x00, 0x00, 0x00, 0x00, 0x00, 0x00,
  0x00, 0x00, 0x00, 0x00, 0x00, 0x00, 0x00, 0x00, 0x00, 0x00, 0x00, 0x00,
  0x00, 0x00, 0x00, 0x00, 0x00, 0x00, 0x00, 0x00, 0x00, 0x00, 0x00, 0x00,
  0x00, 0x00, 0x00, 0x00, 0x00, 0x00, 0x00, 0x00, 0x00, 0x00, 0x00, 0x00,
  0x00, 0x00, 0x00, 0x00, 0x00, 0x00, 0x00, 0x00, 0x00, 0x00, 0x00, 0x00,
  0x00, 0x00, 0x00, 0x00, 0x00, 0x00, 0x00, 0x00, 0x00, 0x00, 0x00, 0x00,
  0x00, 0x00, 0x00, 0x00, 0x00, 0x00, 0x00, 0x00, 0x00, 0x00, 0x00, 0x00,
  0x00, 0x00, 0x00, 0x00, 0x00, 0x00, 0x00, 0x00, 0x00, 0x00, 0x00, 0x00,
  0x00, 0x00, 0x00, 0x00, 0x00, 0x00, 0x00, 0x00, 0x00, 0x00, 0x00, 0x00,
  0x00, 0x00, 0x00, 0x00, 0x00, 0x00, 0x00, 0x00, 0x00, 0x00, 0x00, 0x00,
  0x00, 0x00, 0x00, 0x00, 0x00, 0x00, 0x00, 0x00, 0x00, 0x00, 0x00, 0x00,
  0x00, 0x00, 0x00, 0x00, 0x00, 0x00, 0x00, 0x00, 0x00, 0x00, 0x00, 0x00,
  0x00, 0x00, 0x00, 0x00, 0x00, 0x00, 0x00, 0x00, 0x00, 0x00, 0x00, 0x00,
  0x00, 0x00, 0x00, 0x00, 0x00, 0x00, 0x00, 0x00, 0x00, 0x00, 0x00, 0x00,
  0x00, 0x00, 0x00, 0x00, 0x00, 0x00, 0x00, 0x00, 0x00, 0x00, 0x00, 0x00,
  0x00, 0x00, 0x00, 0x00, 0x00, 0x00, 0x00, 0x00, 0x00, 0x00, 0x00, 0x00,
  0x00, 0x00, 0x00, 0x00, 0x00, 0x00, 0x00, 0x00, 0x00, 0x00, 0x00, 0x00,
  0x00, 0x00, 0x00, 0x00, 0x00, 0x00, 0x00, 0x00, 0x00, 0x00, 0x00, 0x00,
  0x00, 0x00, 0x00, 0x00, 0x00, 0x00, 0x00, 0x00, 0x00, 0x00, 0x00, 0x00,
  0x00, 0x00, 0x00, 0x00, 0x00, 0x00, 0x00, 0x00, 0x00, 0x00, 0x00, 0x00,
  0x00, 0x00, 0x00, 0x00, 0x00, 0x00, 0x00, 0x00, 0x00, 0x00, 0x00, 0x00,
  0x00, 0x00, 0x00, 0x00, 0x00, 0x00, 0x00, 0x00, 0x00, 0x00, 0x00, 0x00,
  0x00, 0x00, 0x00, 0x00, 0x00, 0x00, 0x00, 0x00, 0x00, 0x00, 0x00, 0x00,
  0x00, 0x00, 0x00, 0x00, 0x00, 0x00, 0x00, 0x00, 0x00, 0x00, 0x00, 0x00,
  0x00, 0x00, 0x00, 0x00, 0x00, 0x00, 0x00, 0x00, 0x00, 0x00, 0x00, 0x00,
  0x00, 0x00, 0x00, 0x00, 0x00, 0x00, 0x00, 0x00, 0x00, 0x00, 0x00, 0x00,
  0x00, 0x00, 0x00, 0x00, 0x00, 0x00, 0x00, 0x00, 0x00, 0x00, 0x00, 0x00,
  0x00, 0x00, 0x00, 0x00, 0x00, 0x00, 0x00, 0x00, 0x00, 0x00, 0x00, 0x00,
  0x00, 0x00, 0x00, 0x00, 0x00, 0x00, 0x00, 0x00, 0x00, 0x00, 0x00, 0x00,
  0x00, 0x00, 0x00, 0x00, 0x00, 0x00, 0x00, 0x00, 0x00, 0x00, 0x00, 0x00,
  0x00, 0x00, 0x00, 0x00, 0x00, 0x00, 0x00, 0x00, 0x00, 0x00, 0x00, 0x00,
  0x00, 0x00, 0x00, 0x00, 0x00, 0x00, 0x00, 0x00, 0x00, 0x00, 0x00, 0x00,
  0x00, 0x00, 0x00, 0x00, 0x00, 0x00, 0x00, 0x00, 0x00, 0x00, 0x00, 0x00,
  0x00, 0x00, 0x00, 0x00, 0x00, 0x00, 0x00, 0x00, 0x00, 0x00, 0x00, 0x00,
  0x00, 0x00, 0x00, 0x00, 0x00, 0x00, 0x00, 0x00, 0x00, 0x00, 0x00, 0x00,
  0x00, 0x00, 0x00, 0x00, 0x00, 0x00, 0x00, 0x00, 0x00, 0x00, 0x00, 0x00,
  0x00, 0x00, 0x00, 0x00, 0x00, 0x00, 0x00, 0x00, 0x00, 0x00, 0x00, 0x00,
  0x00, 0x00, 0x00, 0x00, 0x00, 0x00, 0x00, 0x00, 0x00, 0x00, 0x00, 0x00,
  0x00, 0x00, 0x00, 0x00, 0x00, 0x00, 0x00, 0x00, 0x00, 0x00, 0x00, 0x00,
  0x00, 0x00, 0x00, 0x00, 0x00, 0x00, 0x00, 0x00, 0x00, 0x00, 0x00, 0x00,
  0x00, 0x00, 0x00, 0x00, 0x00, 0x00, 0x00, 0x00, 0x00, 0x00, 0x00, 0x00,
  0x00, 0x00, 0x00, 0x00, 0x00, 0x00, 0x00, 0x00, 0x00, 0x00, 0x00, 0x00,
  0x00, 0x00, 0x00, 0x00, 0x00, 0x00, 0x00, 0x00, 0x00, 0x00, 0x00, 0x00,
  0x00, 0x00, 0x00, 0x00, 0x00, 0x00, 0x00, 0x00, 0x00, 0x00, 0x00, 0x00,
  0x00, 0x00, 0x00, 0x00, 0x00, 0x00, 0x00, 0x00, 0x00, 0x00, 0x00, 0x00,
  0x00, 0x00, 0x00, 0x00, 0x00, 0x00, 0x00, 0x00, 0x00, 0x00, 0x00, 0x00,
  0x00, 0x00, 0x00, 0x00, 0x00, 0x00, 0x00, 0x00, 0x00, 0x00, 0x00, 0x00,
  0x00, 0x00, 0x00, 0x00, 0x00, 0x00, 0x00, 0x00, 0x00, 0x00, 0x00, 0x00,
  0x00, 0x00, 0x00, 0x00, 0x00, 0x00, 0x00, 0x00, 0x00, 0x00, 0x00, 0x00,
  0x00, 0x00, 0x00, 0x00, 0x00, 0x00, 0x00, 0x00, 0x00, 0x00, 0x00, 0x00,
  0x00, 0x00, 0x00, 0x00, 0x00, 0x00, 0x00, 0x00, 0x00, 0x00, 0x00, 0x00,
  0x00, 0x00, 0x00, 0x00, 0x00, 0x00, 0x00, 0x00, 0x00, 0x00, 0x00, 0x00,
  0x00, 0x00, 0x00, 0x00, 0x00, 0x00, 0x00, 0x00, 0x00, 0x00, 0x00, 0x00,
  0x00, 0x00, 0x00, 0x00, 0x00, 0x00, 0x00, 0x00, 0x00, 0x00, 0x00, 0x00,
  0x00, 0x00, 0x00, 0x00, 0x00, 0x00, 0x00, 0x00, 0x00, 0x00, 0x00, 0x00,
  0x00, 0x00, 0x00, 0x00, 0x00, 0x00, 0x00, 0x00, 0x00, 0x00, 0x00, 0x00,
  0x00, 0x00, 0x00, 0x00, 0x00, 0x00, 0x00, 0x00, 0x00, 0x00, 0x00, 0x00,
  0x00, 0x00, 0x00, 0x00, 0x00, 0x00, 0x00, 0x00, 0x00, 0x00, 0x00, 0x00,
  0x00, 0x00, 0x00, 0x00, 0x00, 0x00, 0x00, 0x00, 0x00, 0x00, 0x00, 0x00,
  0x00, 0x00, 0x00, 0x00, 0x00, 0x00, 0x00, 0x00, 0x00, 0x00, 0x00, 0x00,
  0x00, 0x00, 0x00, 0x00, 0x00, 0x00, 0x00, 0x00, 0x00, 0x00, 0x00, 0x00,
  0x00, 0x00, 0x00, 0x00, 0x00, 0x00, 0x00, 0x00, 0x00, 0x00, 0x00, 0x00,
  0x00, 0x00, 0x00, 0x00, 0x00, 0x00, 0x00, 0x00, 0x00, 0x00, 0x00, 0x00,
  0x00, 0x00, 0x00, 0x00, 0x00, 0x00, 0x00, 0x00, 0x00, 0x00, 0x00, 0x00,
  0x00, 0x00, 0x00, 0x00, 0x00, 0x00, 0x00, 0x00, 0x00, 0x00, 0x00, 0x00,
  0x00, 0x00, 0x00, 0x00, 0x00, 0x00, 0x00, 0x00, 0x00, 0x00, 0x00, 0x00,
  0x00, 0x00, 0x00, 0x00, 0x00, 0x00, 0x00, 0x00, 0x00, 0x00, 0x00, 0x00,
  0x00, 0x00, 0x00, 0x00, 0x00, 0x00, 0x00, 0x00, 0x00, 0x00, 0x00, 0x00,
  0x00, 0x00, 0x00, 0x00, 0x00, 0x00, 0x00, 0x00, 0x00, 0x00, 0x00, 0x00,
  0x00, 0x00, 0x00, 0x00, 0x00, 0x00, 0x00, 0x00, 0x00, 0x00, 0x00, 0x00,
  0x00, 0x00, 0x00, 0x00, 0x00, 0x00, 0x00, 0x00, 0x00, 0x00, 0x00, 0x00,
  0x00, 0x00, 0x00, 0x00, 0x00, 0x00, 0x00, 0x00, 0x00, 0x00, 0x00, 0x00,
  0x00, 0x00, 0x00, 0x00, 0x00, 0x00, 0x00, 0x00, 0x00, 0x00, 0x00, 0x00,
  0x00, 0x00, 0x00, 0x00, 0x00, 0x00, 0x00, 0x00, 0x00, 0x00, 0x00, 0x00,
  0x00, 0x00, 0x00, 0x00, 0x00, 0x00, 0x00, 0x00, 0x00, 0x00, 0x00, 0x00,
  0x00, 0x00, 0x00, 0x00, 0x00, 0x00, 0x00, 0x00, 0x00, 0x00, 0x00, 0x00,
  0x00, 0x00, 0x00, 0x00, 0x00, 0x00, 0x00, 0x00, 0x00, 0x00, 0x00, 0x00,
  0x00, 0x00, 0x00, 0x00, 0x00, 0x00, 0x00, 0x00, 0x00, 0x00, 0x00, 0x00,
  0x00, 0x00, 0x00, 0x00, 0x00, 0x00, 0x00, 0x00, 0x00, 0x00, 0x00, 0x00,
  0x00, 0x00, 0x00, 0x00, 0x00, 0x00, 0x00, 0x00, 0x00, 0x00, 0x00, 0x00,
  0x00, 0x00, 0x00, 0x00, 0x00, 0x00, 0x00, 0x00, 0x00, 0x00, 0x00, 0x00,
  0x00, 0x00, 0x00, 0x00, 0x00, 0x00, 0x00, 0x00, 0x00, 0x00, 0x00, 0x00,
  0x00, 0x00, 0x00, 0x00, 0x00, 0x00, 0x00, 0x00, 0x00, 0x00, 0x00, 0x00,
  0x00, 0x00, 0x00, 0x00, 0x00, 0x00, 0x00, 0x00, 0x00, 0x00, 0x00, 0x00,
  0x00, 0x00, 0x00, 0x00, 0x00, 0x00, 0x00, 0x00, 0x00, 0x00, 0x00, 0x00,
  0x00, 0x00, 0x00, 0x00, 0x00, 0x00, 0x00, 0x00, 0x00, 0x00, 0x00, 0x00,
  0x00, 0x00, 0x00, 0x00, 0x00, 0x00, 0x00, 0x00, 0x00, 0x00, 0x00, 0x00,
  0x00, 0x00, 0x00, 0x00, 0x00, 0x00, 0x00, 0x00, 0x00, 0x00, 0x00, 0x00,
  0x00, 0x00, 0x00, 0x00, 0x00, 0x00, 0x00, 0x00, 0x00, 0x00, 0x00, 0x00,
  0x00, 0x00, 0x00, 0x00, 0x00, 0x00, 0x00, 0x00, 0x00, 0x00, 0x00, 0x00,
  0x00, 0x00, 0x00, 0x00, 0x00, 0x00, 0x00, 0x00, 0x00, 0x00, 0x00, 0x00,
  0x00, 0x00, 0x00, 0x00, 0x00, 0x00, 0x00, 0x00, 0x00, 0x00, 0x00, 0x00,
  0x00, 0x00, 0x00, 0x00, 0x00, 0x00, 0x00, 0x00, 0x00, 0x00, 0x00, 0x00,
  0x00, 0x00, 0x00, 0x00, 0x00, 0x00, 0x00, 0x00, 0x00, 0x00, 0x00, 0x00,
  0x00, 0x00, 0x00, 0x00, 0x00, 0x00, 0x00, 0x00, 0x00, 0x00, 0x00, 0x00,
  0x00, 0x00, 0x00, 0x00, 0x00, 0x00, 0x00, 0x00, 0x00, 0x00, 0x00, 0x00,
  0x00, 0x00, 0x00, 0x00, 0x00, 0x00, 0x00, 0x00, 0x00, 0x00, 0x00, 0x00,
  0x00, 0x00, 0x00, 0x00, 0x00, 0x00, 0x00, 0x00, 0x00, 0x00, 0x00, 0x00,
  0x00, 0x00, 0x00, 0x00, 0x00, 0x00, 0x00, 0x00, 0x00, 0x00, 0x00, 0x00,
  0x00, 0x00, 0x00, 0x00, 0x00, 0x00, 0x00, 0x00, 0x00, 0x00, 0x00, 0x00,
  0x00, 0x00, 0x00, 0x00, 0x00, 0x00, 0x00, 0x00, 0x00, 0x00, 0x00, 0x00,
  0x00, 0x00, 0x00, 0x00, 0x00, 0x00, 0x00, 0x00, 0x00, 0x00, 0x00, 0x00,
  0x00, 0x00, 0x00, 0x00, 0x00, 0x00, 0x00, 0x00, 0x00, 0x00, 0x00, 0x00,
  0x00, 0x00, 0x00, 0x00, 0x00, 0x00, 0x00, 0x00, 0x00, 0x00, 0x00, 0x00,
  0x00, 0x00, 0x00, 0x00, 0x00, 0x00, 0x00, 0x00, 0x00, 0x00, 0x00, 0x00,
  0x00, 0x00, 0x00, 0x00, 0x00, 0x00, 0x00, 0x00, 0x00, 0x00, 0x00, 0x00,
  0x00, 0x00, 0x00, 0x00, 0x00, 0x00, 0x00, 0x00, 0x00, 0x00, 0x00, 0x00,
  0x00, 0x00, 0x00, 0x00, 0x00, 0x00, 0x00, 0x00, 0x00, 0x00, 0x00, 0x00,
  0x00, 0x00, 0x00, 0x00, 0x00, 0x00, 0x00, 0x00, 0x00, 0x00, 0x00, 0x00,
  0x00, 0x00, 0x00, 0x00, 0x00, 0x00, 0x00, 0x00, 0x00, 0x00, 0x00, 0x00,
  0x00, 0x00, 0x00, 0x00, 0x00, 0x00, 0x00, 0x00, 0x00, 0x00, 0x00, 0x00,
  0x00, 0x00, 0x00, 0x00, 0x00, 0x00, 0x00, 0x00, 0x00, 0x00, 0x00, 0x00,
  0x00, 0x00, 0x00, 0x00, 0x00, 0x00, 0x00, 0x00, 0x00, 0x00, 0x00, 0x00,
};

const lv_image_dsc_t analog_hour_hand_flat = {
  .header = {
    .magic = LV_IMAGE_HEADER_MAGIC,
    .cf = LV_COLOR_FORMAT_ARGB8888,
    .flags = 0,
    .w = 60,
    .h = 208,
    .stride = 240,
    .reserved_2 = 0,
  },
  .data_size = sizeof(analog_hour_hand_flat_map),
  .data = analog_hour_hand_flat_map,
  .reserved = NULL,
};
