#include "lvgl.h"
#include "analog_hour_hand.h"

#ifndef LV_ATTRIBUTE_MEM_ALIGN
#define LV_ATTRIBUTE_MEM_ALIGN
#endif

#ifndef LV_ATTRIBUTE_IMAGE_ANALOG_HOUR_HAND
#define LV_ATTRIBUTE_IMAGE_ANALOG_HOUR_HAND
#endif

const LV_ATTRIBUTE_MEM_ALIGN LV_ATTRIBUTE_LARGE_CONST LV_ATTRIBUTE_IMAGE_ANALOG_HOUR_HAND uint8_t analog_hour_hand_map[] = {
  0x00, 0x00, 0x00, 0x00, 0x00, 0x00, 0x00, 0x00, 0x00, 0x00, 0x00, 0x00,
  0x00, 0x00, 0x00, 0x00, 0x00, 0x00, 0x00, 0x00, 0x00, 0x00, 0x00, 0x00,
  0x00, 0x00, 0x00, 0x00, 0x00, 0x00, 0x00, 0x00, 0x00, 0x00, 0x00, 0x00,
  0x00, 0x00, 0x00, 0x00, 0x00, 0x00, 0x00, 0x00, 0x00, 0x00, 0x00, 0x00,
  0x00, 0x00, 0x00, 0x00, 0x00, 0x00, 0x00, 0x00, 0x00, 0x00, 0x00, 0x00,
  0x00, 0x00, 0x00, 0x00, 0x00, 0x00, 0x00, 0x00, 0x00, 0x00, 0x00, 0x00,
  0x00, 0x00, 0x00, 0x00, 0x00, 0x00, 0x00, 0x00, 0x00, 0x00, 0x00, 0x00,
  0x00, 0x00, 0x00, 0x00, 0x00, 0x00, 0x00, 0x00, 0x00, 0x00, 0x00, 0x00,
  0x00, 0x00, 0x00, 0x00, 0x00, 0x00, 0x00, 0x00, 0x00, 0x00, 0x00, 0x00,
  0x00, 0x00, 0x00, 0x00, 0x00, 0x00, 0x00, 0x00, 0x00, 0x00, 0x00, 0x00,
  0x00, 0x00, 0x00, 0x00, 0x00, 0x00, 0x00, 0x00, 0x00, 0x00, 0x00, 0x00,
  0x00, 0x00, 0x00, 0x00, 0x00, 0x00, 0x00, 0x00, 0x00, 0x00, 0x00, 0x00,
  0x00, 0x00, 0x00, 0x00, 0x00, 0x00, 0x00, 0x00, 0x00, 0x00, 0x00, 0x00,
  0x00, 0x00, 0x00, 0x00, 0x00, 0x00, 0x00, 0x00, 0x00, 0x00, 0x00, 0x00,
  0x00, 0x00, 0x00, 0x00, 0x00, 0x00, 0x00, 0x00, 0x00, 0x00, 0x00, 0x00,
  0x00, 0x00, 0x00, 0x00, 0x00, 0x00, 0x00, 0x00, 0x00, 0x00, 0x00, 0x00,
  0x00, 0x00, 0x00, 0x00, 0x00, 0x00, 0x00, 0x00, 0x00, 0x00, 0x00, 0x00,
  0x00, 0x00, 0x00, 0x00, 0x00, 0x00, 0x00, 0x00, 0x00, 0x00, 0x00, 0x00,
  0x00, 0x00, 0x00, 0x00, 0x00, 0x00, 0x00, 0x00, 0x00, 0x00, 0x00, 0x00,
  0x00, 0x00, 0x00, 0x00, 0x00, 0x00, 0x00, 0x00, 0x00, 0x00, 0x00, 0x00,
  0x00, 0x00, 0x00, 0x00, 0x00, 0x00, 0x00, 0x00, 0x00, 0x00, 0x00, 0x00,
  0x00, 0x00, 0x00, 0x00, 0x00, 0x00, 0x00, 0x00, 0x00, 0x00, 0x00, 0x00,
  0x00, 0x00, 0x00, 0x00, 0x00, 0x00, 0x00, 0x00, 0x00, 0x00, 0x00, 0x00,
  0x00, 0x00, 0x00, 0x00, 0x00, 0x00, 0x00, 0x00, 0x00, 0x00, 0x00, 0x00,
  0x00, 0x00, 0x00, 0x00, 0x00, 0x00, 0x00, 0x00, 0x00, 0x00, 0x00, 0x00,
  0x00, 0x00, 0x00, 0x00, 0x00, 0x00, 0x00, 0x00, 0x00, 0x00, 0x00, 0x00,
  0x00, 0x00, 0x00, 0x00, 0x00, 0x00, 0x00, 0x00, 0x00, 0x00, 0x00, 0x00,
  0x00, 0x00, 0x00, 0x00, 0x00, 0x00, 0x00, 0x00, 0x00, 0x00, 0x00, 0x00,
  0x00, 0x00, 0x00, 0x00, 0x00, 0x00, 0x00, 0x00, 0x00, 0x00, 0x00, 0x00,
  0x00, 0x00, 0x00, 0x00, 0x00, 0x00, 0x00, 0x00, 0x00, 0x00, 0x00, 0x00,
  0x00, 0x00, 0x00, 0x00, 0x00, 0x00, 0x00, 0x00, 0x00, 0x00, 0x00, 0x00,
  0x00, 0x00, 0x00, 0x00, 0x00, 0x00, 0x00, 0x00, 0x00, 0x00, 0x00, 0x00,
  0x00, 0x00, 0x00, 0x00, 0x00, 0x00, 0x00, 0x00, 0x00, 0x00, 0x00, 0x00,
  0x00, 0x00, 0x00, 0x00, 0x00, 0x00, 0x00, 0x00, 0x00, 0x00, 0x00, 0x00,
  0x00, 0x00, 0x00, 0x00, 0x00, 0x00, 0x00, 0x00, 0x00, 0x00, 0x00, 0x00,
  0x00, 0x00, 0x00, 0x00, 0x00, 0x00, 0x00, 0x00, 0x00, 0x00, 0x00, 0x00,
  0x00, 0x00, 0x00, 0x00, 0x00, 0x00, 0x00, 0x00, 0x00, 0x00, 0x00, 0x00,
  0x00, 0x00, 0x00, 0x00, 0x00, 0x00, 0x00, 0x00, 0x00, 0x00, 0x00, 0x00,
  0x00, 0x00, 0x00, 0x00, 0x00, 0x00, 0x00, 0x00, 0x00, 0x00, 0x00, 0x00,
  0x00, 0x00, 0x00, 0x00, 0x00, 0x00, 0x00, 0x00, 0x00, 0x00, 0x00, 0x00,
  0x00, 0x00, 0x00, 0x00, 0x00, 0x00, 0x00, 0x00, 0x00, 0x00, 0x00, 0x00,
  0x00, 0x00, 0x00, 0x00, 0x00, 0x00, 0x00, 0x00, 0x00, 0x00, 0x00, 0x00,
  0x00, 0x00, 0x00, 0x00, 0x00, 0x00, 0x00, 0x00, 0x00, 0x00, 0x00, 0x00,
  0x00, 0x00, 0x00, 0x00, 0x00, 0x00, 0x00, 0x00, 0x00, 0x00, 0x00, 0x00,
  0x00, 0x00, 0x00, 0x00, 0x00, 0x00, 0x00, 0x00, 0x00, 0x00, 0x00, 0x00,
  0x00, 0x00, 0x00, 0x00, 0x00, 0x00, 0x00, 0x00, 0x00, 0x00, 0x00, 0x00,
  0x00, 0x00, 0x00, 0x00, 0x00, 0x00, 0x00, 0x00, 0x00, 0x00, 0x00, 0x00,
  0x00, 0x00, 0x00, 0x00, 0x00, 0x00, 0x00, 0x00, 0x00, 0x00, 0x00, 0x00,
  0x00, 0x00, 0x00, 0x00, 0x00, 0x00, 0x00, 0x00, 0x00, 0x00, 0x00, 0x00,
  0x00, 0x00, 0x00, 0x00, 0x00, 0x00, 0x00, 0x00, 0x00, 0x00, 0x00, 0x00,
  0x00, 0x00, 0x00, 0x00, 0x00, 0x00, 0x00, 0x00, 0x00, 0x00, 0x00, 0x00,
  0x00, 0x00, 0x00, 0x00, 0x00, 0x00, 0x00, 0x00, 0x00, 0x00, 0x00, 0x00,
  0x00, 0x00, 0x00, 0x00, 0x00, 0x00, 0x00, 0x00, 0x00, 0x00, 0x00, 0x00,
  0x00, 0x00, 0x00, 0x00, 0x00, 0x00, 0x00, 0x00, 0x00, 0x00, 0x00, 0x00,
  0x00, 0x00, 0x00, 0x00, 0x00, 0x00, 0x00, 0x00, 0x00, 0x00, 0x00, 0x00,
  0x00, 0x00, 0x00, 0x00, 0x00, 0x00, 0x00, 0x00, 0x00, 0x00, 0x00, 0x00,
  0x00, 0x00, 0x00, 0x00, 0x00, 0x00, 0x00, 0x00, 0x00, 0x00, 0x00, 0x00,
  0x00, 0x00, 0x00, 0x00, 0x00, 0x00, 0x00, 0x00, 0x00, 0x00, 0x00, 0x00,
  0x00, 0x00, 0x00, 0x00, 0x00, 0x00, 0x00, 0x00, 0x00, 0x00, 0x00, 0x00,
  0x00, 0x00, 0x00, 0x00, 0x00, 0x00, 0x00, 0x00, 0x00, 0x00, 0x00, 0x00,
  0x00, 0x00, 0x00, 0x00, 0x00, 0x00, 0x00, 0x00, 0x00, 0x00, 0x00, 0x00,
  0x00, 0x00, 0x00, 0x00, 0x00, 0x00, 0x00, 0x00, 0x00, 0x00, 0x00, 0x00,
  0x00, 0x00, 0x00, 0x00, 0x00, 0x00, 0x00, 0x00, 0x00, 0x00, 0x00, 0x00,
  0x00, 0x00, 0x00, 0x00, 0x00, 0x00, 0x00, 0x00, 0x00, 0x00, 0x00, 0x00,
  0x00, 0x00, 0x00, 0x00, 0x00, 0x00, 0x00, 0x00, 0x00, 0x00, 0x00, 0x00,
  0x00, 0x00, 0x00, 0x00, 0x00, 0x00, 0x00, 0x00, 0x00, 0x00, 0x00, 0x00,
  0x00, 0x00, 0x00, 0x00, 0x00, 0x00, 0x00, 0x00, 0x00, 0x00, 0x00, 0x00,
  0x00, 0x00, 0x00, 0x00, 0x00, 0x00, 0x00, 0x00, 0x00, 0x00, 0x00, 0x00,
  0x00, 0x00, 0x00, 0x00, 0x00, 0x00, 0x00, 0x00, 0x00, 0x00, 0x00, 0x00,
  0x00, 0x00, 0x00, 0x00, 0x00, 0x00, 0x00, 0x00, 0x00, 0x00, 0x00, 0x00,
  0x00, 0x00, 0x00, 0x00, 0x00, 0x00, 0x00, 0x00, 0x00, 0x00, 0x00, 0x00,
  0x00, 0x00, 0x00, 0x00, 0x00, 0x00, 0x00, 0x00, 0x00, 0x00, 0x00, 0x00,
  0x00, 0x00, 0x00, 0x00, 0x00, 0x00, 0x00, 0x00, 0x00, 0x00, 0x00, 0x00,
  0x00, 0x00, 0x00, 0x00, 0x00, 0x00, 0x00, 0x00, 0x00, 0x00, 0x00, 0x00,
  0x00, 0x00, 0x00, 0x00, 0x00, 0x00, 0x00, 0x00, 0x00, 0x00, 0x00, 0x00,
  0x00, 0x00, 0x00, 0x00, 0x00, 0x00, 0x00, 0x00, 0x00, 0x00, 0x00, 0x00,
  0x00, 0x00, 0x00, 0x00, 0x00, 0x00, 0x00, 0x00, 0x00, 0x00, 0x00, 0x00,
  0x00, 0x00, 0x00, 0x00, 0x00, 0x00, 0x00, 0x00, 0x00, 0x00, 0x00, 0x00,
  0x00, 0x00, 0x00, 0x00, 0x00, 0x00, 0x00, 0x00, 0x00, 0x00, 0x00, 0x00,
  0x00, 0x00, 0x00, 0x00, 0x00, 0x00, 0x00, 0x00, 0x00, 0x00, 0x00, 0x00,
  0x00, 0x00, 0x00, 0x00, 0x00, 0x00, 0x00, 0x00, 0x00, 0x00, 0x00, 0x00,
  0x00, 0x00, 0x00, 0x00, 0x00, 0x00, 0x00, 0x00, 0x00, 0x00, 0x00, 0x00,
  0x00, 0x00, 0x00, 0x00, 0x00, 0x00, 0x00, 0x00, 0x00, 0x00, 0x00, 0x00,
  0x00, 0x00, 0x00, 0x00, 0x00, 0x00, 0x00, 0x00, 0x00, 0x00, 0x00, 0x00,
  0x00, 0x00, 0x00, 0x00, 0x00, 0x00, 0x00, 0x00, 0x00, 0x00, 0x00, 0x00,
  0x00, 0x00, 0x00, 0x00, 0x00, 0x00, 0x00, 0x00, 0x00, 0x00, 0x00, 0x00,
  0x00, 0x00, 0x00, 0x00, 0x00, 0x00, 0x00, 0x00, 0x00, 0x00, 0x00, 0x00,
  0x00, 0x00, 0x00, 0x00, 0x00, 0x00, 0x00, 0x00, 0x00, 0x00, 0x00, 0x00,
  0x00, 0x00, 0x00, 0x00, 0x00, 0x00, 0x00, 0x00, 0x00, 0x00, 0x00, 0x00,
  0x00, 0x00, 0x00, 0x00, 0x00, 0x00, 0x00, 0x00, 0x00, 0x00, 0x00, 0x00,
  0x00, 0x00, 0x00, 0x00, 0x00, 0x00, 0x00, 0x00, 0x00, 0x00, 0x00, 0x00,
  0x00, 0x00, 0x00, 0x00, 0x00, 0x00, 0x00, 0x00, 0x00, 0x00, 0x00, 0x00,
  0x00, 0x00, 0x00, 0x00, 0x00, 0x00, 0x00, 0x00, 0x00, 0x00, 0x00, 0x00,
  0x00, 0x00, 0x00, 0x00, 0x00, 0x00, 0x00, 0x00, 0x00, 0x00, 0x00, 0x00,
  0x00, 0x00, 0x00, 0x00, 0x00, 0x00, 0x00, 0x00, 0x00, 0x00, 0x00, 0x00,
  0x00, 0x00, 0x00, 0x00, 0x00, 0x00, 0x00, 0x00, 0x00, 0x00, 0x00, 0x00,
  0x00, 0x00, 0x00, 0x00, 0x00, 0x00, 0x00, 0x00, 0x00, 0x00, 0x00, 0x00,
  0x00, 0x00, 0x00, 0x00, 0x00, 0x00, 0x00, 0x00, 0x00, 0x00, 0x00, 0x00,
  0x00, 0x00, 0x00, 0x00, 0x00, 0x00, 0x00, 0x00, 0x00, 0x00, 0x00, 0x00,
  0x00, 0x00, 0x00, 0x00, 0x00, 0x00, 0x00, 0x00, 0x00, 0x00, 0x00, 0x00,
  0x00, 0x00, 0x00, 0x00, 0x00, 0x00, 0x00, 0x00, 0x00, 0x00, 0x00, 0x00,
  0x00, 0x00, 0x00, 0x00, 0x00, 0x00, 0x00, 0x00, 0x00, 0x00, 0x00, 0x00,
  0x00, 0x00, 0x00, 0x00, 0x00, 0x00, 0x00, 0x00, 0x00, 0x00, 0x00, 0x00,
  0x00, 0x00, 0x00, 0x00, 0x00, 0x00, 0x00, 0x00, 0x00, 0x00, 0x00, 0x00,
  0x00, 0x00, 0x00, 0x00, 0x00, 0x00, 0x00, 0x00, 0x00, 0x00, 0x00, 0x00,
  0x00, 0x00, 0x00, 0x00, 0x00, 0x00, 0x00, 0x00, 0x00, 0x00, 0x00, 0x00,
  0x00, 0x00, 0x00, 0x00, 0x00, 0x00, 0x00, 0x00, 0x00, 0x00, 0x00, 0x00,
  0x00, 0x00, 0x00, 0x00, 0x00, 0x00, 0x00, 0x00, 0x00, 0x00, 0x00, 0x00,
  0x00, 0x00, 0x00, 0x00, 0x00, 0x00, 0x00, 0x00, 0x00, 0x00, 0x00, 0x00,
  0x00, 0x00, 0x00, 0x00, 0x00, 0x00, 0x00, 0x00, 0x00, 0x00, 0x00, 0x00,
  0x00, 0x00, 0x00, 0x00, 0x00, 0x00, 0x00, 0x00, 0x00, 0x00, 0x00, 0x00,
  0x00, 0x00, 0x00, 0x00, 0x00, 0x00, 0x00, 0x00, 0x00, 0x00, 0x00, 0x00,
  0x00, 0x00, 0x00, 0x00, 0x00, 0x00, 0x00, 0x00, 0x00, 0x00, 0x00, 0x00,
  0x00, 0x00, 0x00, 0x00, 0x00, 0x00, 0x00, 0x00, 0x00, 0x00, 0x00, 0x00,
  0x00, 0x00, 0x00, 0x00, 0x00, 0x00, 0x00, 0x00, 0x00, 0x00, 0x00, 0x00,
  0x00, 0x00, 0x00, 0x00, 0x00, 0x00, 0x00, 0x00, 0x00, 0x00, 0x00, 0x00,
  0x00, 0x00, 0x00, 0x00, 0x00, 0x00, 0x00, 0x00, 0x00, 0x00, 0x00, 0x00,
  0x00, 0x00, 0x00, 0x00, 0x00, 0x00, 0x00, 0x00, 0x00, 0x00, 0x00, 0x00,
  0x00, 0x00, 0x00, 0x00, 0x00, 0x00, 0x00, 0x00, 0x00, 0x00, 0x00, 0x00,
  0x00, 0x00, 0x00, 0x00, 0x00, 0x00, 0x00, 0x00, 0x00, 0x00, 0x00, 0x00,
  0x00, 0x00, 0x00, 0x00, 0x00, 0x00, 0x00, 0x00, 0x00, 0x00, 0x00, 0x00,
  0x00, 0x00, 0x00, 0x00, 0x00, 0x00, 0x00, 0x00, 0x00, 0x00, 0x00, 0x00,
  0x00, 0x00, 0x00, 0x00, 0x00, 0x00, 0x00, 0x00, 0x00, 0x00, 0x00, 0x00,
  0x00, 0x00, 0x00, 0x00, 0x00, 0x00, 0x00, 0x00, 0x00, 0x00, 0x00, 0x00,
  0x00, 0x00, 0x00, 0x00, 0x00, 0x00, 0x00, 0x00, 0x00, 0x00, 0x00, 0x00,
  0x00, 0x00, 0x00, 0x00, 0x00, 0x00, 0x00, 0x00, 0x00, 0x00, 0x00, 0x00,
  0x00, 0x00, 0x00, 0x00, 0x00, 0x00, 0x00, 0x00, 0x00, 0x00, 0x00, 0x00,
  0x00, 0x00, 0x00, 0x00, 0x00, 0x00, 0x00, 0x00, 0x00, 0x00, 0x00, 0x00,
  0x00, 0x00, 0x00, 0x00, 0x00, 0x00, 0x00, 0x00, 0x00, 0x00, 0x00, 0x00,
  0x00, 0x00, 0x00, 0x00, 0x00, 0x00, 0x00, 0x00, 0x00, 0x00, 0x00, 0x00,
  0x00, 0x00, 0x00, 0x00, 0x00, 0x00, 0x00, 0x00, 0x00, 0x00, 0x00, 0x00,
  0x00, 0x00, 0x00, 0x00, 0x00, 0x00, 0x00, 0x00, 0x00, 0x00, 0x00, 0x00,
  0x00, 0x00, 0x00, 0x00, 0x00, 0x00, 0x00, 0x00, 0x00, 0x00, 0x00, 0x00,
  0x00, 0x00, 0x00, 0x00, 0x00, 0x00, 0x00, 0x00, 0x00, 0x00, 0x00, 0x00,
  0x00, 0x00, 0x00, 0x00, 0x00, 0x00, 0x00, 0x00, 0x00, 0x00, 0x00, 0x00,
  0x00, 0x00, 0x00, 0x00, 0x00, 0x00, 0x00, 0x00, 0x00, 0x00, 0x00, 0x00,
  0x00, 0x00, 0x00, 0x00, 0x00, 0x00, 0x00, 0x00, 0x00, 0x00, 0x00, 0x00,
  0x00, 0x00, 0x00, 0x00, 0x00, 0x00, 0x00, 0x00, 0x00, 0x00, 0x00, 0x00,
  0x00, 0x00, 0x00, 0x00, 0x00, 0x00, 0x00, 0x00, 0x00, 0x00, 0x00, 0x00,
  0x00, 0x00, 0x00, 0x00, 0x00, 0x00, 0x00, 0x00, 0x00, 0x00, 0x00, 0x00,
  0x00, 0x00, 0x00, 0x00, 0x00, 0x00, 0x00, 0x00, 0x00, 0x00, 0x00, 0x00,
  0x00, 0x00, 0x00, 0x00, 0x00, 0x00, 0x00, 0x00, 0x00, 0x00, 0x00, 0x00,
  0x00, 0x00, 0x00, 0x00, 0x00, 0x00, 0x00, 0x00, 0x00, 0x00, 0x00, 0x00,
  0x00, 0x00, 0x00, 0x00, 0x00, 0x00, 0x00, 0x00, 0x00, 0x00, 0x00, 0x00,
  0x00, 0x00, 0x00, 0x00, 0x00, 0x00, 0x00, 0x00, 0x00, 0x00, 0x00, 0x00,
  0x00, 0x00, 0x00, 0x00, 0x00, 0x00, 0x00, 0x00, 0x00, 0x00, 0x00, 0x00,
  0x00, 0x00, 0x00, 0x00, 0x00, 0x00, 0x00, 0x00, 0x00, 0x00, 0x00, 0x00,
  0x00, 0x00, 0x00, 0x00, 0x00, 0x00, 0x00, 0x00, 0x00, 0x00, 0x00, 0x00,
  0x00, 0x00, 0x00, 0x00, 0x00, 0x00, 0x00, 0x00, 0x00, 0x00, 0x00, 0x00,
  0x00, 0x00, 0x00, 0x00, 0x00, 0x00, 0x00, 0x00, 0x00, 0x00, 0x00, 0x00,
  0x00, 0x00, 0x00, 0x00, 0x00, 0x00, 0x00, 0x00, 0x00, 0x00, 0x00, 0x00,
  0x00, 0x00, 0x00, 0x00, 0x00, 0x00, 0x00, 0x00, 0x00, 0x00, 0x00, 0x00,
  0x00, 0x00, 0x00, 0x00, 0x00, 0x00, 0x00, 0x00, 0x00, 0x00, 0x00, 0x00,
  0x00, 0x00, 0x00, 0x00, 0x00, 0x00, 0x00, 0x00, 0x00, 0x00, 0x00, 0x00,
  0x00, 0x00, 0x00, 0x00, 0x00, 0x00, 0x00, 0x00, 0x00, 0x00, 0x00, 0x00,
  0x00, 0x00, 0x00, 0x00, 0x00, 0x00, 0x00, 0x00, 0x00, 0x00, 0x00, 0x00,
  0x00, 0x00, 0x00, 0x00, 0x00, 0x00, 0x00, 0x00, 0x00, 0x00, 0x00, 0x00,
  0x00, 0x00, 0x00, 0x00, 0x00, 0x00, 0x00, 0x00, 0x00, 0x00, 0x00, 0x00,
  0x00, 0x00, 0x00, 0x00, 0x00, 0x00, 0x00, 0x00, 0x00, 0x00, 0x00, 0x00,
  0x00, 0x00, 0x00, 0x00, 0x00, 0x00, 0x00, 0x00, 0x00, 0x00, 0x00, 0x00,
  0x00, 0x00, 0x00, 0x00, 0x00, 0x00, 0x00, 0x00, 0x00, 0x00, 0x00, 0x00,
  0x00, 0x00, 0x00, 0x00, 0x00, 0x00, 0x00, 0x00, 0x00, 0x00, 0x00, 0x00,
  0x00, 0x00, 0x00, 0x00, 0x00, 0x00, 0x00, 0x00, 0x00, 0x00, 0x00, 0x00,
  0x00, 0x00, 0x00, 0x00, 0x00, 0x00, 0x00, 0x00, 0x00, 0x00, 0x00, 0x00,
  0x00, 0x00, 0x00, 0x00, 0x00, 0x00, 0x00, 0x00, 0x00, 0x00, 0x00, 0x00,
  0x00, 0x00, 0x00, 0x00, 0x00, 0x00, 0x00, 0x00, 0x00, 0x00, 0x00, 0x00,
  0x00, 0x00, 0x00, 0x00, 0x00, 0x00, 0x00, 0x00, 0x00, 0x00, 0x00, 0x00,
  0x00, 0x00, 0x00, 0x00, 0x00, 0x00, 0x00, 0x00, 0x00, 0x00, 0x00, 0x00,
  0x00, 0x00, 0x00, 0x00, 0x00, 0x00, 0x00, 0x00, 0x00, 0x00, 0x00, 0x00,
  0x00, 0x00, 0x00, 0x00, 0x00, 0x00, 0x00, 0x00, 0x00, 0x00, 0x00, 0x00,
  0x00, 0x00, 0x00, 0x00, 0x00, 0x00, 0x00, 0x00, 0x00, 0x00, 0x00, 0x00,
  0x00, 0x00, 0x00, 0x00, 0x00, 0x00, 0x00, 0x00, 0x00, 0x00, 0x00, 0x00,
  0x00, 0x00, 0x00, 0x00, 0x00, 0x00, 0x00, 0x00, 0x00, 0x00, 0x00, 0x00,
  0x00, 0x00, 0x00, 0x00, 0x00, 0x00, 0x00, 0x00, 0x00, 0x00, 0x00, 0x00,
  0x00, 0x00, 0x00, 0x00, 0x00, 0x00, 0x00, 0x00, 0x00, 0x00, 0x00, 0x00,
  0x00, 0x00, 0x00, 0x00, 0x00, 0x00, 0x00, 0x00, 0x00, 0x00, 0x00, 0x00,
  0x00, 0x00, 0x00, 0x00, 0x00, 0x00, 0x00, 0x00, 0x00, 0x00, 0x00, 0x00,
  0x00, 0x00, 0x00, 0x00, 0x00, 0x00, 0x00, 0x00, 0x00, 0x00, 0x00, 0x00,
  0x00, 0x00, 0x00, 0x00, 0x00, 0x00, 0x00, 0x00, 0x00, 0x00, 0x00, 0x00,
  0x00, 0x00, 0x00, 0x00, 0x00, 0x00, 0x00, 0x00, 0x00, 0x00, 0x00, 0x00,
  0x00, 0x00, 0x00, 0x00, 0x00, 0x00, 0x00, 0x00, 0x00, 0x00, 0x00, 0x00,
  0x00, 0x00, 0x00, 0x00, 0x00, 0x00, 0x00, 0x00, 0x00, 0x00, 0x00, 0x00,
  0x00, 0x00, 0x00, 0x00, 0x00, 0x00, 0x00, 0x00, 0x00, 0x00, 0x00, 0x00,
  0x00, 0x00, 0x00, 0x00, 0x00, 0x00, 0x00, 0x00, 0x00, 0x00, 0x00, 0x00,
  0x00, 0x00, 0x00, 0x00, 0x00, 0x00, 0x00, 0x00, 0x00, 0x00, 0x00, 0x00,
  0x00, 0x00, 0x00, 0x00, 0x00, 0x00, 0x00, 0x00, 0x00, 0x00, 0x00, 0x00,
  0x00, 0x00, 0x00, 0x00, 0x00, 0x00, 0x00, 0x00, 0x00, 0x00, 0x00, 0x00,
  0x00, 0x00, 0x00, 0x00, 0x00, 0x00, 0x00, 0x00, 0x00, 0x00, 0x00, 0x00,
  0x00, 0x00, 0x00, 0x00, 0x00, 0x00, 0x00, 0x00, 0x00, 0x00, 0x00, 0x00,
  0x00, 0x00, 0x00, 0x00, 0x00, 0x00, 0x00, 0x00, 0x00, 0x00, 0x00, 0x00,
  0x00, 0x00, 0x00, 0x00, 0x00, 0x00, 0x00, 0x00, 0x00, 0x00, 0x00, 0x00,
  0x00, 0x00, 0x00, 0x00, 0x00, 0x00, 0x00, 0x00, 0x00, 0x00, 0x00, 0x00,
  0x00, 0x00, 0x00, 0x00, 0x00, 0x00, 0x00, 0x00, 0x00, 0x00, 0x00, 0x00,
  0x00, 0x00, 0x00, 0x00, 0x00, 0x00, 0x00, 0x00, 0x00, 0x00, 0x00, 0x00,
  0x00, 0x00, 0x00, 0x00, 0x00, 0x00, 0x00, 0x00, 0x00, 0x00, 0x00, 0x00,
  0x00, 0x00, 0x00, 0x00, 0x00, 0x00, 0x00, 0x00, 0x00, 0x00, 0x00, 0x00,
  0x00, 0x00, 0x00, 0x00, 0x00, 0x00, 0x00, 0x00, 0x00, 0x00, 0x00, 0x00,
  0x00, 0x00, 0x00, 0x00, 0x00, 0x00, 0x00, 0x00, 0x00, 0x00, 0x00, 0x00,
  0x00, 0x00, 0x00, 0x00, 0x00, 0x00, 0x00, 0x00, 0x00, 0x00, 0x00, 0x00,
  0x00, 0x00, 0x00, 0x00, 0x00, 0x00, 0x00, 0x00, 0x00, 0x00, 0x00, 0x00,
  0x00, 0x00, 0x00, 0x00, 0x00, 0x00, 0x00, 0x00, 0x00, 0x00, 0x00, 0x00,
  0x00, 0x00, 0x00, 0x00, 0x00, 0x00, 0x00, 0x00, 0x00, 0x00, 0x00, 0x00,
  0x00, 0x00, 0x00, 0x00, 0x00, 0x00, 0x00, 0x00, 0x00, 0x00, 0x00, 0x00,
  0x00, 0x00, 0x00, 0x00, 0x00, 0x00, 0x00, 0x00, 0x00, 0x00, 0x00, 0x00,
  0x00, 0x00, 0x00, 0x00, 0x00, 0x00, 0x00, 0x00, 0x00, 0x00, 0x00, 0x00,
  0x00, 0x00, 0x00, 0x00, 0x00, 0x00, 0x00, 0x00, 0x00, 0x00, 0x00, 0x00,
  0x00, 0x00, 0x00, 0x00, 0x00, 0x00, 0x00, 0x00, 0x00, 0x00, 0x00, 0x00,
  0x00, 0x00, 0x00, 0x00, 0x00, 0x00, 0x00, 0x00, 0x00, 0x00, 0x00, 0x00,
  0x00, 0x00, 0x00, 0x00, 0x00, 0x00, 0x00, 0x00, 0x00, 0x00, 0x00, 0x00,
  0x00, 0x00, 0x00, 0x00, 0x00, 0x00, 0x00, 0x00, 0x98, 0x8d, 0x86, 0x74,
  0xd3, 0xca, 0xc1, 0x74, 0x00, 0x00, 0x00, 0x00, 0x00, 0x00, 0x00, 0x00,
  0x00, 0x00, 0x00, 0x00, 0x00, 0x00, 0x00, 0x00, 0x00, 0x00, 0x00, 0x00,
  0x00, 0x00, 0x00, 0x00, 0x00, 0x00, 0x00, 0x00, 0x00, 0x00, 0x00, 0x00,
  0x00, 0x00, 0x00, 0x00, 0x00, 0x00, 0x00, 0x00, 0x00, 0x00, 0x00, 0x00,
  0x00, 0x00, 0x00, 0x00, 0x00, 0x00, 0x00, 0x00, 0x00, 0x00, 0x00, 0x00,
  0x00, 0x00, 0x00, 0x00, 0x00, 0x00, 0x00, 0x00, 0x00, 0x00, 0x00, 0x00,
  0x00, 0x00, 0x00, 0x00, 0x00, 0x00, 0x00, 0x00, 0x00, 0x00, 0x00, 0x00,
  0x00, 0x00, 0x00, 0x00, 0x00, 0x00, 0x00, 0x00, 0x00, 0x00, 0x00, 0x00,
  0x00, 0x00, 0x00, 0x00, 0x00, 0x00, 0x00, 0x00, 0x00, 0x00, 0x00, 0x00,
  0x00, 0x00, 0x00, 0x00, 0x00, 0x00, 0x00, 0x00, 0x00, 0x00, 0x00, 0x00,
  0x00, 0x00, 0x00, 0x00, 0x00, 0x00, 0x00, 0x00, 0x00, 0x00, 0x00, 0x00,
  0x00, 0x00, 0x00, 0x00, 0x00, 0x00, 0x00, 0x00, 0x00, 0x00, 0x00, 0x00,
  0x00, 0x00, 0x00, 0x00, 0x00, 0x00, 0x00, 0x00, 0x00, 0x00, 0x00, 0x00,
  0x00, 0x00, 0x00, 0x00, 0x00, 0x00, 0x00, 0x00, 0x00, 0x00, 0x00, 0x00,
  0x00, 0x00, 0x00, 0x00, 0x00, 0x00, 0x00, 0x00, 0x00, 0x00, 0x00, 0x00,
  0x00, 0x00, 0x00, 0x00, 0x00, 0x00, 0x00, 0x00, 0x00, 0x00, 0x00, 0x00,
  0x00, 0x00, 0x00, 0x00, 0x00, 0x00, 0x00, 0x00, 0x00, 0x00, 0x00, 0x00,
  0x00, 0x00, 0x00, 0x00, 0x00, 0x00, 0x00, 0x00, 0x00, 0x00, 0x00, 0x00,
  0x00, 0x00, 0x00, 0x00, 0x00, 0x00, 0x00, 0x00, 0x00, 0x00, 0x00, 0x00,
  0x00, 0x00, 0x00, 0x00, 0x92, 0x89, 0x80, 0x1c, 0x8b, 0x7f, 0x78, 0xf1,
  0xd9, 0xd1, 0xc9, 0xf2, 0xd7, 0xc7, 0xbf, 0x20, 0x00, 0x00, 0x00, 0x00,
  0x00, 0x00, 0x00, 0x00, 0x00, 0x00, 0x00, 0x00, 0x00, 0x00, 0x00, 0x00,
  0x00, 0x00, 0x00, 0x00, 0x00, 0x00, 0x00, 0x00, 0x00, 0x00, 0x00, 0x00,
  0x00, 0x00, 0x00, 0x00, 0x00, 0x00, 0x00, 0x00, 0x00, 0x00, 0x00, 0x00,
  0x00, 0x00, 0x00, 0x00, 0x00, 0x00, 0x00, 0x00, 0x00, 0x00, 0x00, 0x00,
  0x00, 0x00, 0x00, 0x00, 0x00, 0x00, 0x00, 0x00, 0x00, 0x00, 0x00, 0x00,
  0x00, 0x00, 0x00, 0x00, 0x00, 0x00, 0x00, 0x00, 0x00, 0x00, 0x00, 0x00,
  0x00, 0x00, 0x00, 0x00, 0x00, 0x00, 0x00, 0x00, 0x00, 0x00, 0x00, 0x00,
  0x00, 0x00, 0x00, 0x00, 0x00, 0x00, 0x00, 0x00, 0x00, 0x00, 0x00, 0x00,
  0x00, 0x00, 0x00, 0x00, 0x00, 0x00, 0x00, 0x00, 0x00, 0x00, 0x00, 0x00,
  0x00, 0x00, 0x00, 0x00, 0x00, 0x00, 0x00, 0x00, 0x00, 0x00, 0x00, 0x00,
  0x00, 0x00, 0x00, 0x00, 0x00, 0x00, 0x00, 0x00, 0x00, 0x00, 0x00, 0x00,
  0x00, 0x00, 0x00, 0x00, 0x00, 0x00, 0x00, 0x00, 0x00, 0x00, 0x00, 0x00,
  0x00, 0x00, 0x00, 0x00, 0x00, 0x00, 0x00, 0x00, 0x00, 0x00, 0x00, 0x00,
  0x00, 0x00, 0x00, 0x00, 0x00, 0x00, 0x00, 0x00, 0x00, 0x00, 0x00, 0x00,
  0x00, 0x00, 0x00, 0x00, 0x00, 0x00, 0x00, 0x00, 0x00, 0x00, 0x00, 0x00,
  0x00, 0x00, 0x00, 0x00, 0x00, 0x00, 0x00, 0x00, 0x00, 0x00, 0x00, 0x00,
  0x00, 0x00, 0x00, 0x00, 0x00, 0x00, 0x00, 0x00, 0x00, 0x00, 0x00, 0x00,
  0x00, 0x00, 0x00, 0x00, 0x00, 0x00, 0x00, 0x00, 0x00, 0x00, 0x00, 0x00,
  0x00, 0x00, 0x00, 0x00, 0x80, 0x73, 0x6c, 0xd4, 0x96, 0x8c, 0x83, 0xfc,
  0xd3, 0xcb, 0xc3, 0xfc, 0xdd, 0xd6, 0xcc, 0xd2, 0x00, 0x00, 0x00, 0x00,
  0x00, 0x00, 0x00, 0x00, 0x00, 0x00, 0x00, 0x00, 0x00, 0x00, 0x00, 0x00,
  0x00, 0x00, 0x00, 0x00, 0x00, 0x00, 0x00, 0x00, 0x00, 0x00, 0x00, 0x00,
  0x00, 0x00, 0x00, 0x00, 0x00, 0x00, 0x00, 0x00, 0x00, 0x00, 0x00, 0x00,
  0x00, 0x00, 0x00, 0x00, 0x00, 0x00, 0x00, 0x00, 0x00, 0x00, 0x00, 0x00,
  0x00, 0x00, 0x00, 0x00, 0x00, 0x00, 0x00, 0x00, 0x00, 0x00, 0x00, 0x00,
  0x00, 0x00, 0x00, 0x00, 0x00, 0x00, 0x00, 0x00, 0x00, 0x00, 0x00, 0x00,
  0x00, 0x00, 0x00, 0x00, 0x00, 0x00, 0x00, 0x00, 0x00, 0x00, 0x00, 0x00,
  0x00, 0x00, 0x00, 0x00, 0x00, 0x00, 0x00, 0x00, 0x00, 0x00, 0x00, 0x00,
  0x00, 0x00, 0x00, 0x00, 0x00, 0x00, 0x00, 0x00, 0x00, 0x00, 0x00, 0x00,
  0x00, 0x00, 0x00, 0x00, 0x00, 0x00, 0x00, 0x00, 0x00, 0x00, 0x00, 0x00,
  0x00, 0x00, 0x00, 0x00, 0x00, 0x00, 0x00, 0x00, 0x00, 0x00, 0x00, 0x00,
  0x00, 0x00, 0x00, 0x00, 0x00, 0x00, 0x00, 0x00, 0x00, 0x00, 0x00, 0x00,
  0x00, 0x00, 0x00, 0x00, 0x00, 0x00, 0x00, 0x00, 0x00, 0x00, 0x00, 0x00,
  0x00, 0x00, 0x00, 0x00, 0x00, 0x00, 0x00, 0x00, 0x00, 0x00, 0x00, 0x00,
  0x00, 0x00, 0x00, 0x00, 0x00, 0x00, 0x00, 0x00, 0x00, 0x00, 0x00, 0x00,
  0x00, 0x00, 0x00, 0x00, 0x00, 0x00, 0x00, 0x00, 0x00, 0x00, 0x00, 0x00,
  0x00, 0x00, 0x00, 0x00, 0x00, 0x00, 0x00, 0x00, 0x00, 0x00, 0x00, 0x00,
  0x00, 0x00, 0x00, 0x00, 0x00, 0x00, 0x00, 0x00, 0x00, 0x00, 0x00, 0x00,
  0x8e, 0x80, 0x78, 0x6c, 0x68, 0x5c, 0x54, 0xff, 0xa8, 0x9e, 0x95, 0xfb,
  0xcb, 0xc3, 0xba, 0xfb, 0xe7, 0xdf, 0xd8, 0xff, 0xd7, 0xd0, 0xc7, 0x72,
  0x00, 0x00, 0x00, 0x00, 0x00, 0x00, 0x00, 0x00, 0x00, 0x00, 0x00, 0x00,
  0x00, 0x00, 0x00, 0x00, 0x00, 0x00, 0x00, 0x00, 0x00, 0x00, 0x00, 0x00,
  0x00, 0x00, 0x00, 0x00, 0x00, 0x00, 0x00, 0x00, 0x00, 0x00, 0x00, 0x00,
  0x00, 0x00, 0x00, 0x00, 0x00, 0x00, 0x00, 0x00, 0x00, 0x00, 0x00, 0x00,
  0x00, 0x00, 0x00, 0x00, 0x00, 0x00, 0x00, 0x00, 0x00, 0x00, 0x00, 0x00,
  0x00, 0x00, 0x00, 0x00, 0x00, 0x00, 0x00, 0x00, 0x00, 0x00, 0x00, 0x00,
  0x00, 0x00, 0x00, 0x00, 0x00, 0x00, 0x00, 0x00, 0x00, 0x00, 0x00, 0x00,
  0x00, 0x00, 0x00, 0x00, 0x00, 0x00, 0x00, 0x00, 0x00, 0x00, 0x00, 0x00,
  0x00, 0x00, 0x00, 0x00, 0x00, 0x00, 0x00, 0x00, 0x00, 0x00, 0x00, 0x00,
  0x00, 0x00, 0x00, 0x00, 0x00, 0x00, 0x00, 0x00, 0x00, 0x00, 0x00, 0x00,
  0x00, 0x00, 0x00, 0x00, 0x00, 0x00, 0x00, 0x00, 0x00, 0x00, 0x00, 0x00,
  0x00, 0x00, 0x00, 0x00, 0x00, 0x00, 0x00, 0x00, 0x00, 0x00, 0x00, 0x00,
  0x00, 0x00, 0x00, 0x00, 0x00, 0x00, 0x00, 0x00, 0x00, 0x00, 0x00, 0x00,
  0x00, 0x00, 0x00, 0x00, 0x00, 0x00, 0x00, 0x00, 0x00, 0x00, 0x00, 0x00,
  0x00, 0x00, 0x00, 0x00, 0x00, 0x00, 0x00, 0x00, 0x00, 0x00, 0x00, 0x00,
  0x00, 0x00, 0x00, 0x00, 0x00, 0x00, 0x00, 0x00, 0x00, 0x00, 0x00, 0x00,
  0x00, 0x00, 0x00, 0x00, 0x00, 0x00, 0x00, 0x00, 0x00, 0x00, 0x00, 0x00,
  0x00, 0x00, 0x00, 0x00, 0x00, 0x00, 0x00, 0x00, 0x8e, 0x80, 0x80, 0x12,
  0x72, 0x66, 0x5f, 0xf8, 0x68, 0x5c, 0x54, 0xff, 0xbb, 0xb0, 0xa8, 0xfa,
  0xc4, 0xbb, 0xb3, 0xfa, 0xe7, 0xdf, 0xd8, 0xff, 0xe3, 0xdb, 0xd4, 0xf7,
  0xe1, 0xd2, 0xc3, 0x11, 0x00, 0x00, 0x00, 0x00, 0x00, 0x00, 0x00, 0x00,
  0x00, 0x00, 0x00, 0x00, 0x00, 0x00, 0x00, 0x00, 0x00, 0x00, 0x00, 0x00,
  0x00, 0x00, 0x00, 0x00, 0x00, 0x00, 0x00, 0x00, 0x00, 0x00, 0x00, 0x00,
  0x00, 0x00, 0x00, 0x00, 0x00, 0x00, 0x00, 0x00, 0x00, 0x00, 0x00, 0x00,
  0x00, 0x00, 0x00, 0x00, 0x00, 0x00, 0x00, 0x00, 0x00, 0x00, 0x00, 0x00,
  0x00, 0x00, 0x00, 0x00, 0x00, 0x00, 0x00, 0x00, 0x00, 0x00, 0x00, 0x00,
  0x00, 0x00, 0x00, 0x00, 0x00, 0x00, 0x00, 0x00, 0x00, 0x00, 0x00, 0x00,
  0x00, 0x00, 0x00, 0x00, 0x00, 0x00, 0x00, 0x00, 0x00, 0x00, 0x00, 0x00,
  0x00, 0x00, 0x00, 0x00, 0x00, 0x00, 0x00, 0x00, 0x00, 0x00, 0x00, 0x00,
  0x00, 0x00, 0x00, 0x00, 0x00, 0x00, 0x00, 0x00, 0x00, 0x00, 0x00, 0x00,
  0x00, 0x00, 0x00, 0x00, 0x00, 0x00, 0x00, 0x00, 0x00, 0x00, 0x00, 0x00,
  0x00, 0x00, 0x00, 0x00, 0x00, 0x00, 0x00, 0x00, 0x00, 0x00, 0x00, 0x00,
  0x00, 0x00, 0x00, 0x00, 0x00, 0x00, 0x00, 0x00, 0x00, 0x00, 0x00, 0x00,
  0x00, 0x00, 0x00, 0x00, 0x00, 0x00, 0x00, 0x00, 0x00, 0x00, 0x00, 0x00,
  0x00, 0x00, 0x00, 0x00, 0x00, 0x00, 0x00, 0x00, 0x00, 0x00, 0x00, 0x00,
  0x00, 0x00, 0x00, 0x00, 0x00, 0x00, 0x00, 0x00, 0x00, 0x00, 0x00, 0x00,
  0x00, 0x00, 0x00, 0x00, 0x00, 0x00, 0x00, 0x00, 0x00, 0x00, 0x00, 0x00,
  0x00, 0x00, 0x00, 0x00, 0x00, 0x00, 0x00, 0x00, 0x83, 0x77, 0x6e, 0xc5,
  0x67, 0x5b, 0x54, 0xff, 0x74, 0x67, 0x60, 0xfe, 0xc1, 0xb8, 0xae, 0xfa,
  0xc1, 0xb8, 0xae, 0xfa, 0xe3, 0xdb, 0xd4, 0xfe, 0xe7, 0xe0, 0xd8, 0xff,
  0xdc, 0xd5, 0xcc, 0xc2, 0x00, 0x00, 0x00, 0x00, 0x00, 0x00, 0x00, 0x00,
  0x00, 0x00, 0x00, 0x00, 0x00, 0x00, 0x00, 0x00, 0x00, 0x00, 0x00, 0x00,
  0x00, 0x00, 0x00, 0x00, 0x00, 0x00, 0x00, 0x00, 0x00, 0x00, 0x00, 0x00,
  0x00, 0x00, 0x00, 0x00, 0x00, 0x00, 0x00, 0x00, 0x00, 0x00, 0x00, 0x00,
  0x00, 0x00, 0x00, 0x00, 0x00, 0x00, 0x00, 0x00, 0x00, 0x00, 0x00, 0x00,
  0x00, 0x00, 0x00, 0x00, 0x00, 0x00, 0x00, 0x00, 0x00, 0x00, 0x00, 0x00,
  0x00, 0x00, 0x00, 0x00, 0x00, 0x00, 0x00, 0x00, 0x00, 0x00, 0x00, 0x00,
  0x00, 0x00, 0x00, 0x00, 0x00, 0x00, 0x00, 0x00, 0x00, 0x00, 0x00, 0x00,
  0x00, 0x00, 0x00, 0x00, 0x00, 0x00, 0x00, 0x00, 0x00, 0x00, 0x00, 0x00,
  0x00, 0x00, 0x00, 0x00, 0x00, 0x00, 0x00, 0x00, 0x00, 0x00, 0x00, 0x00,
  0x00, 0x00, 0x00, 0x00, 0x00, 0x00, 0x00, 0x00, 0x00, 0x00, 0x00, 0x00,
  0x00, 0x00, 0x00, 0x00, 0x00, 0x00, 0x00, 0x00, 0x00, 0x00, 0x00, 0x00,
  0x00, 0x00, 0x00, 0x00, 0x00, 0x00, 0x00, 0x00, 0x00, 0x00, 0x00, 0x00,
  0x00, 0x00, 0x00, 0x00, 0x00, 0x00, 0x00, 0x00, 0x00, 0x00, 0x00, 0x00,
  0x00, 0x00, 0x00, 0x00, 0x00, 0x00, 0x00, 0x00, 0x00, 0x00, 0x00, 0x00,
  0x00, 0x00, 0x00, 0x00, 0x00, 0x00, 0x00, 0x00, 0x00, 0x00, 0x00, 0x00,
  0x00, 0x00, 0x00, 0x00, 0x00, 0x00, 0x00, 0x00, 0x00, 0x00, 0x00, 0x00,
  0x00, 0x00, 0x00, 0x00, 0x90, 0x81, 0x7b, 0x53, 0x69, 0x5c, 0x55, 0xfe,
  0x67, 0x5b, 0x54, 0xff, 0x86, 0x7b, 0x73, 0xfd, 0xc1, 0xb8, 0xae, 0xfa,
  0xc1, 0xb8, 0xae, 0xfa, 0xdb, 0xd2, 0xcb, 0xfd, 0xe7, 0xe0, 0xd8, 0xff,
  0xe8, 0xe0, 0xd9, 0xfe, 0xd7, 0xce, 0xc6, 0x59, 0x00, 0x00, 0x00, 0x00,
  0x00, 0x00, 0x00, 0x00, 0x00, 0x00, 0x00, 0x00, 0x00, 0x00, 0x00, 0x00,
  0x00, 0x00, 0x00, 0x00, 0x00, 0x00, 0x00, 0x00, 0x00, 0x00, 0x00, 0x00,
  0x00, 0x00, 0x00, 0x00, 0x00, 0x00, 0x00, 0x00, 0x00, 0x00, 0x00, 0x00,
  0x00, 0x00, 0x00, 0x00, 0x00, 0x00, 0x00, 0x00, 0x00, 0x00, 0x00, 0x00,
  0x00, 0x00, 0x00, 0x00, 0x00, 0x00, 0x00, 0x00, 0x00, 0x00, 0x00, 0x00,
  0x00, 0x00, 0x00, 0x00, 0x00, 0x00, 0x00, 0x00, 0x00, 0x00, 0x00, 0x00,
  0x00, 0x00, 0x00, 0x00, 0x00, 0x00, 0x00, 0x00, 0x00, 0x00, 0x00, 0x00,
  0x00, 0x00, 0x00, 0x00, 0x00, 0x00, 0x00, 0x00, 0x00, 0x00, 0x00, 0x00,
  0x00, 0x00, 0x00, 0x00, 0x00, 0x00, 0x00, 0x00, 0x00, 0x00, 0x00, 0x00,
  0x00, 0x00, 0x00, 0x00, 0x00, 0x00, 0x00, 0x00, 0x00, 0x00, 0x00, 0x00,
  0x00, 0x00, 0x00, 0x00, 0x00, 0x00, 0x00, 0x00, 0x00, 0x00, 0x00, 0x00,
  0x00, 0x00, 0x00, 0x00, 0x00, 0x00, 0x00, 0x00, 0x00, 0x00, 0x00, 0x00,
  0x00, 0x00, 0x00, 0x00, 0x00, 0x00, 0x00, 0x00, 0x00, 0x00, 0x00, 0x00,
  0x00, 0x00, 0x00, 0x00, 0x00, 0x00, 0x00, 0x00, 0x00, 0x00, 0x00, 0x00,
  0x00, 0x00, 0x00, 0x00, 0x00, 0x00, 0x00, 0x00, 0x00, 0x00, 0x00, 0x00,
  0x00, 0x00, 0x00, 0x00, 0x00, 0x00, 0x00, 0x00, 0x00, 0x00, 0x00, 0x00,
  0x9f, 0x80, 0x80, 0x08, 0x76, 0x69, 0x63, 0xf2, 0x67, 0x5b, 0x54, 0xff,
  0x67, 0x5b, 0x54, 0xff, 0x98, 0x8e, 0x86, 0xfc, 0xc1, 0xb8, 0xae, 0xfa,
  0xc1, 0xb8, 0xae, 0xfa, 0xd2, 0xca, 0xc2, 0xfc, 0xe7, 0xe0, 0xd8, 0xff,
  0xe7, 0xe0, 0xd8, 0xff, 0xe2, 0xda, 0xd2, 0xf3, 0xcc, 0xcc, 0xb3, 0x0a,
  0x00, 0x00, 0x00, 0x00, 0x00, 0x00, 0x00, 0x00, 0x00, 0x00, 0x00, 0x00,
  0x00, 0x00, 0x00, 0x00, 0x00, 0x00, 0x00, 0x00, 0x00, 0x00, 0x00, 0x00,
  0x00, 0x00, 0x00, 0x00, 0x00, 0x00, 0x00, 0x00, 0x00, 0x00, 0x00, 0x00,
  0x00, 0x00, 0x00, 0x00, 0x00, 0x00, 0x00, 0x00, 0x00, 0x00, 0x00, 0x00,
  0x00, 0x00, 0x00, 0x00, 0x00, 0x00, 0x00, 0x00, 0x00, 0x00, 0x00, 0x00,
  0x00, 0x00, 0x00, 0x00, 0x00, 0x00, 0x00, 0x00, 0x00, 0x00, 0x00, 0x00,
  0x00, 0x00, 0x00, 0x00, 0x00, 0x00, 0x00, 0x00, 0x00, 0x00, 0x00, 0x00,
  0x00, 0x00, 0x00, 0x00, 0x00, 0x00, 0x00, 0x00, 0x00, 0x00, 0x00, 0x00,
  0x00, 0x00, 0x00, 0x00, 0x00, 0x00, 0x00, 0x00, 0x00, 0x00, 0x00, 0x00,
  0x00, 0x00, 0x00, 0x00, 0x00, 0x00, 0x00, 0x00, 0x00, 0x00, 0x00, 0x00,
  0x00, 0x00, 0x00, 0x00, 0x00, 0x00, 0x00, 0x00, 0x00, 0x00, 0x00, 0x00,
  0x00, 0x00, 0x00, 0x00, 0x00, 0x00, 0x00, 0x00, 0x00, 0x00, 0x00, 0x00,
  0x00, 0x00, 0x00, 0x00, 0x00, 0x00, 0x00, 0x00, 0x00, 0x00, 0x00, 0x00,
  0x00, 0x00, 0x00, 0x00, 0x00, 0x00, 0x00, 0x00, 0x00, 0x00, 0x00, 0x00,
  0x00, 0x00, 0x00, 0x00, 0x00, 0x00, 0x00, 0x00, 0x00, 0x00, 0x00, 0x00,
  0x00, 0x00, 0x00, 0x00, 0x00, 0x00, 0x00, 0x00, 0x00, 0x00, 0x00, 0x00,
  0x86, 0x79, 0x72, 0xb3, 0x67, 0x5b, 0x54, 0xff, 0x67, 0x5b, 0x54, 0xff,
  0x67, 0x5b, 0x54, 0xff, 0xab, 0xa1, 0x98, 0xfb, 0xc1, 0xb8, 0xae, 0xfa,
  0xc1, 0xb8, 0xae, 0xfa, 0xca, 0xc2, 0xb9, 0xfb, 0xe7, 0xe0, 0xd8, 0xff,
  0xe7, 0xe0, 0xd8, 0xff, 0xe7, 0xe0, 0xd8, 0xff, 0xda, 0xd2, 0xca, 0xb1,
  0x00, 0x00, 0x00, 0x00, 0x00, 0x00, 0x00, 0x00, 0x00, 0x00, 0x00, 0x00,
  0x00, 0x00, 0x00, 0x00, 0x00, 0x00, 0x00, 0x00, 0x00, 0x00, 0x00, 0x00,
  0x00, 0x00, 0x00, 0x00, 0x00, 0x00, 0x00, 0x00, 0x00, 0x00, 0x00, 0x00,
  0x00, 0x00, 0x00, 0x00, 0x00, 0x00, 0x00, 0x00, 0x00, 0x00, 0x00, 0x00,
  0x00, 0x00, 0x00, 0x00, 0x00, 0x00, 0x00, 0x00, 0x00, 0x00, 0x00, 0x00,
  0x00, 0x00, 0x00, 0x00, 0x00, 0x00, 0x00, 0x00, 0x00, 0x00, 0x00, 0x00,
  0x00, 0x00, 0x00, 0x00, 0x00, 0x00, 0x00, 0x00, 0x00, 0x00, 0x00, 0x00,
  0x00, 0x00, 0x00, 0x00, 0x00, 0x00, 0x00, 0x00, 0x00, 0x00, 0x00, 0x00,
  0x00, 0x00, 0x00, 0x00, 0x00, 0x00, 0x00, 0x00, 0x00, 0x00, 0x00, 0x00,
  0x00, 0x00, 0x00, 0x00, 0x00, 0x00, 0x00, 0x00, 0x00, 0x00, 0x00, 0x00,
  0x00, 0x00, 0x00, 0x00, 0x00, 0x00, 0x00, 0x00, 0x00, 0x00, 0x00, 0x00,
  0x00, 0x00, 0x00, 0x00, 0x00, 0x00, 0x00, 0x00, 0x00, 0x00, 0x00, 0x00,
  0x00, 0x00, 0x00, 0x00, 0x00, 0x00, 0x00, 0x00, 0x00, 0x00, 0x00, 0x00,
  0x00, 0x00, 0x00, 0x00, 0x00, 0x00, 0x00, 0x00, 0x00, 0x00, 0x00, 0x00,
  0x00, 0x00, 0x00, 0x00, 0x00, 0x00, 0x00, 0x00, 0x00, 0x00, 0x00, 0x00,
  0x00, 0x00, 0x00, 0x00, 0x00, 0x00, 0x00, 0x00, 0x8d, 0x81, 0x7a, 0x43,
  0x6b, 0x5e, 0x56, 0xfe, 0x67, 0x5b, 0x54, 0xff, 0x67, 0x5b, 0x54, 0xff,
  0x68, 0x5b, 0x54, 0xff, 0xbd, 0xb4, 0xaa, 0xfa, 0xc1, 0xb8, 0xae, 0xfa,
  0xc1, 0xb8, 0xae, 0xfa, 0xc3, 0xba, 0xb1, 0xfa, 0xe6, 0xdf, 0xd8, 0xff,
  0xe7, 0xe0, 0xd8, 0xff, 0xe7, 0xe0, 0xd8, 0xff, 0xe5, 0xde, 0xd7, 0xfe,
  0xd7, 0xcf, 0xc7, 0x40, 0x00, 0x00, 0x00, 0x00, 0x00, 0x00, 0x00, 0x00,
  0x00, 0x00, 0x00, 0x00, 0x00, 0x00, 0x00, 0x00, 0x00, 0x00, 0x00, 0x00,
  0x00, 0x00, 0x00, 0x00, 0x00, 0x00, 0x00, 0x00, 0x00, 0x00, 0x00, 0x00,
  0x00, 0x00, 0x00, 0x00, 0x00, 0x00, 0x00, 0x00, 0x00, 0x00, 0x00, 0x00,
  0x00, 0x00, 0x00, 0x00, 0x00, 0x00, 0x00, 0x00, 0x00, 0x00, 0x00, 0x00,
  0x00, 0x00, 0x00, 0x00, 0x00, 0x00, 0x00, 0x00, 0x00, 0x00, 0x00, 0x00,
  0x00, 0x00, 0x00, 0x00, 0x00, 0x00, 0x00, 0x00, 0x00, 0x00, 0x00, 0x00,
  0x00, 0x00, 0x00, 0x00, 0x00, 0x00, 0x00, 0x00, 0x00, 0x00, 0x00, 0x00,
  0x00, 0x00, 0x00, 0x00, 0x00, 0x00, 0x00, 0x00, 0x00, 0x00, 0x00, 0x00,
  0x00, 0x00, 0x00, 0x00, 0x00, 0x00, 0x00, 0x00, 0x00, 0x00, 0x00, 0x00,
  0x00, 0x00, 0x00, 0x00, 0x00, 0x00, 0x00, 0x00, 0x00, 0x00, 0x00, 0x00,
  0x00, 0x00, 0x00, 0x00, 0x00, 0x00, 0x00, 0x00, 0x00, 0x00, 0x00, 0x00,
  0x00, 0x00, 0x00, 0x00, 0x00, 0x00, 0x00, 0x00, 0x00, 0x00, 0x00, 0x00,
  0x00, 0x00, 0x00, 0x00, 0x00, 0x00, 0x00, 0x00, 0x00, 0x00, 0x00, 0x00,
  0x00, 0x00, 0x00, 0x00, 0x00, 0x00, 0x00, 0x00, 0x00, 0x00, 0x00, 0x00,
  0x00, 0x00, 0x00, 0x00, 0x80, 0x80, 0x80, 0x02, 0x79, 0x6e, 0x65, 0xea,
  0x67, 0x5b, 0x54, 0xff, 0x67, 0x5b, 0x54, 0xff, 0x67, 0x5b, 0x54, 0xff,
  0x76, 0x6a, 0x62, 0xfe, 0xc1, 0xb8, 0xae, 0xfa, 0xc7, 0xbf, 0xb6, 0xfb,
  0xc7, 0xbf, 0xb7, 0xfb, 0xc1, 0xb8, 0xae, 0xfa, 0xe2, 0xda, 0xd2, 0xfe,
  0xe7, 0xe0, 0xd8, 0xff, 0xe7, 0xe0, 0xd8, 0xff, 0xe7, 0xe0, 0xd8, 0xff,
  0xe0, 0xd7, 0xcf, 0xec, 0xff, 0xff, 0xff, 0x02, 0x00, 0x00, 0x00, 0x00,
  0x00, 0x00, 0x00, 0x00, 0x00, 0x00, 0x00, 0x00, 0x00, 0x00, 0x00, 0x00,
  0x00, 0x00, 0x00, 0x00, 0x00, 0x00, 0x00, 0x00, 0x00, 0x00, 0x00, 0x00,
  0x00, 0x00, 0x00, 0x00, 0x00, 0x00, 0x00, 0x00, 0x00, 0x00, 0x00, 0x00,
  0x00, 0x00, 0x00, 0x00, 0x00, 0x00, 0x00, 0x00, 0x00, 0x00, 0x00, 0x00,
  0x00, 0x00, 0x00, 0x00, 0x00, 0x00, 0x00, 0x00, 0x00, 0x00, 0x00, 0x00,
  0x00, 0x00, 0x00, 0x00, 0x00, 0x00, 0x00, 0x00, 0x00, 0x00, 0x00, 0x00,
  0x00, 0x00, 0x00, 0x00, 0x00, 0x00, 0x00, 0x00, 0x00, 0x00, 0x00, 0x00,
  0x00, 0x00, 0x00, 0x00, 0x00, 0x00, 0x00, 0x00, 0x00, 0x00, 0x00, 0x00,
  0x00, 0x00, 0x00, 0x00, 0x00, 0x00, 0x00, 0x00, 0x00, 0x00, 0x00, 0x00,
  0x00, 0x00, 0x00, 0x00, 0x00, 0x00, 0x00, 0x00, 0x00, 0x00, 0x00, 0x00,
  0x00, 0x00, 0x00, 0x00, 0x00, 0x00, 0x00, 0x00, 0x00, 0x00, 0x00, 0x00,
  0x00, 0x00, 0x00, 0x00, 0x00, 0x00, 0x00, 0x00, 0x00, 0x00, 0x00, 0x00,
  0x00, 0x00, 0x00, 0x00, 0x00, 0x00, 0x00, 0x00, 0x00, 0x00, 0x00, 0x00,
  0x00, 0x00, 0x00, 0x00, 0x00, 0x00, 0x00, 0x00, 0x00, 0x00, 0x00, 0x00,
  0x00, 0x00, 0x00, 0x00, 0x88, 0x7c, 0x74, 0x9e, 0x67, 0x5b, 0x54, 0xff,
  0x67, 0x5b, 0x54, 0xff, 0x67, 0x5b, 0x54, 0xff, 0x67, 0x5b, 0x54, 0xff,
  0x89, 0x7d, 0x75, 0xfd, 0xc1, 0xb8, 0xae, 0xfa, 0xd3, 0xcc, 0xc6, 0xfc,
  0xd3, 0xcc, 0xc5, 0xfc, 0xc1, 0xb8, 0xae, 0xfa, 0xd9, 0xd1, 0xc9, 0xfd,
  0xe7, 0xe0, 0xd8, 0xff, 0xe7, 0xe0, 0xd8, 0xff, 0xe7, 0xe0, 0xd8, 0xff,
  0xe7, 0xe0, 0xd8, 0xff, 0xd9, 0xd3, 0xc9, 0x9c, 0x00, 0x00, 0x00, 0x00,
  0x00, 0x00, 0x00, 0x00, 0x00, 0x00, 0x00, 0x00, 0x00, 0x00, 0x00, 0x00,
  0x00, 0x00, 0x00, 0x00, 0x00, 0x00, 0x00, 0x00, 0x00, 0x00, 0x00, 0x00,
  0x00, 0x00, 0x00, 0x00, 0x00, 0x00, 0x00, 0x00, 0x00, 0x00, 0x00, 0x00,
  0x00, 0x00, 0x00, 0x00, 0x00, 0x00, 0x00, 0x00, 0x00, 0x00, 0x00, 0x00,
  0x00, 0x00, 0x00, 0x00, 0x00, 0x00, 0x00, 0x00, 0x00, 0x00, 0x00, 0x00,
  0x00, 0x00, 0x00, 0x00, 0x00, 0x00, 0x00, 0x00, 0x00, 0x00, 0x00, 0x00,
  0x00, 0x00, 0x00, 0x00, 0x00, 0x00, 0x00, 0x00, 0x00, 0x00, 0x00, 0x00,
  0x00, 0x00, 0x00, 0x00, 0x00, 0x00, 0x00, 0x00, 0x00, 0x00, 0x00, 0x00,
  0x00, 0x00, 0x00, 0x00, 0x00, 0x00, 0x00, 0x00, 0x00, 0x00, 0x00, 0x00,
  0x00, 0x00, 0x00, 0x00, 0x00, 0x00, 0x00, 0x00, 0x00, 0x00, 0x00, 0x00,
  0x00, 0x00, 0x00, 0x00, 0x00, 0x00, 0x00, 0x00, 0x00, 0x00, 0x00, 0x00,
  0x00, 0x00, 0x00, 0x00, 0x00, 0x00, 0x00, 0x00, 0x00, 0x00, 0x00, 0x00,
  0x00, 0x00, 0x00, 0x00, 0x00, 0x00, 0x00, 0x00, 0x00, 0x00, 0x00, 0x00,
  0x00, 0x00, 0x00, 0x00, 0x00, 0x00, 0x00, 0x00, 0x00, 0x00, 0x00, 0x00,
  0x8e, 0x82, 0x7d, 0x2d, 0x6d, 0x60, 0x59, 0xfd, 0x67, 0x5b, 0x54, 0xff,
  0x67, 0x5b, 0x54, 0xff, 0x67, 0x5b, 0x54, 0xff, 0x67, 0x5b, 0x54, 0xff,
  0x9b, 0x91, 0x89, 0xfc, 0xc1, 0xb8, 0xae, 0xfa, 0xe1, 0xdb, 0xd6, 0xfd,
  0xe0, 0xdb, 0xd5, 0xfd, 0xc1, 0xb8, 0xae, 0xfa, 0xd0, 0xc8, 0xbf, 0xfc,
  0xe7, 0xe0, 0xd8, 0xff, 0xe7, 0xe0, 0xd8, 0xff, 0xe7, 0xe0, 0xd8, 0xff,
  0xe7, 0xe0, 0xd8, 0xff, 0xe5, 0xdd, 0xd6, 0xfd, 0xda, 0xd5, 0xca, 0x30,
  0x00, 0x00, 0x00, 0x00, 0x00, 0x00, 0x00, 0x00, 0x00, 0x00, 0x00, 0x00,
  0x00, 0x00, 0x00, 0x00, 0x00, 0x00, 0x00, 0x00, 0x00, 0x00, 0x00, 0x00,
  0x00, 0x00, 0x00, 0x00, 0x00, 0x00, 0x00, 0x00, 0x00, 0x00, 0x00, 0x00,
  0x00, 0x00, 0x00, 0x00, 0x00, 0x00, 0x00, 0x00, 0x00, 0x00, 0x00, 0x00,
  0x00, 0x00, 0x00, 0x00, 0x00, 0x00, 0x00, 0x00, 0x00, 0x00, 0x00, 0x00,
  0x00, 0x00, 0x00, 0x00, 0x00, 0x00, 0x00, 0x00, 0x00, 0x00, 0x00, 0x00,
  0x00, 0x00, 0x00, 0x00, 0x00, 0x00, 0x00, 0x00, 0x00, 0x00, 0x00, 0x00,
  0x00, 0x00, 0x00, 0x00, 0x00, 0x00, 0x00, 0x00, 0x00, 0x00, 0x00, 0x00,
  0x00, 0x00, 0x00, 0x00, 0x00, 0x00, 0x00, 0x00, 0x00, 0x00, 0x00, 0x00,
  0x00, 0x00, 0x00, 0x00, 0x00, 0x00, 0x00, 0x00, 0x00, 0x00, 0x00, 0x00,
  0x00, 0x00, 0x00, 0x00, 0x00, 0x00, 0x00, 0x00, 0x00, 0x00, 0x00, 0x00,
  0x00, 0x00, 0x00, 0x00, 0x00, 0x00, 0x00, 0x00, 0x00, 0x00, 0x00, 0x00,
  0x00, 0x00, 0x00, 0x00, 0x00, 0x00, 0x00, 0x00, 0x00, 0x00, 0x00, 0x00,
  0x00, 0x00, 0x00, 0x00, 0x00, 0x00, 0x00, 0x00, 0x00, 0x00, 0x00, 0x00,
  0x7d, 0x71, 0x68, 0xe1, 0x67, 0x5b, 0x54, 0xff, 0x67, 0x5b, 0x54, 0xff,
  0x67, 0x5b, 0x54, 0xff, 0x67, 0x5b, 0x54, 0xff, 0x67, 0x5b, 0x54, 0xff,
  0xad, 0xa4, 0x9a, 0xfb, 0xc4, 0xbb, 0xb1, 0xfa, 0xeb, 0xe6, 0xe1, 0xfe,
  0xeb, 0xe6, 0xe2, 0xfe, 0xc4, 0xbb, 0xb1, 0xfa, 0xc8, 0xc0, 0xb7, 0xfb,
  0xe7, 0xe0, 0xd8, 0xff, 0xe7, 0xe0, 0xd8, 0xff, 0xe7, 0xe0, 0xd8, 0xff,
  0xe7, 0xe0, 0xd8, 0xff, 0xe7, 0xe0, 0xd8, 0xff, 0xde, 0xd7, 0xcf, 0xe0,
  0x00, 0x00, 0x00, 0x00, 0x00, 0x00, 0x00, 0x00, 0x00, 0x00, 0x00, 0x00,
  0x00, 0x00, 0x00, 0x00, 0x00, 0x00, 0x00, 0x00, 0x00, 0x00, 0x00, 0x00,
  0x00, 0x00, 0x00, 0x00, 0x00, 0x00, 0x00, 0x00, 0x00, 0x00, 0x00, 0x00,
  0x00, 0x00, 0x00, 0x00, 0x00, 0x00, 0x00, 0x00, 0x00, 0x00, 0x00, 0x00,
  0x00, 0x00, 0x00, 0x00, 0x00, 0x00, 0x00, 0x00, 0x00, 0x00, 0x00, 0x00,
  0x00, 0x00, 0x00, 0x00, 0x00, 0x00, 0x00, 0x00, 0x00, 0x00, 0x00, 0x00,
  0x00, 0x00, 0x00, 0x00, 0x00, 0x00, 0x00, 0x00, 0x00, 0x00, 0x00, 0x00,
  0x00, 0x00, 0x00, 0x00, 0x00, 0x00, 0x00, 0x00, 0x00, 0x00, 0x00, 0x00,
  0x00, 0x00, 0x00, 0x00, 0x00, 0x00, 0x00, 0x00, 0x00, 0x00, 0x00, 0x00,
  0x00, 0x00, 0x00, 0x00, 0x00, 0x00, 0x00, 0x00, 0x00, 0x00, 0x00, 0x00,
  0x00, 0x00, 0x00, 0x00, 0x00, 0x00, 0x00, 0x00, 0x00, 0x00, 0x00, 0x00,
  0x00, 0x00, 0x00, 0x00, 0x00, 0x00, 0x00, 0x00, 0x00, 0x00, 0x00, 0x00,
  0x00, 0x00, 0x00, 0x00, 0x00, 0x00, 0x00, 0x00, 0x00, 0x00, 0x00, 0x00,
  0x00, 0x00, 0x00, 0x00, 0x00, 0x00, 0x00, 0x00, 0x8b, 0x80, 0x78, 0x86,
  0x67, 0x5b, 0x54, 0xff, 0x67, 0x5b, 0x54, 0xff, 0x67, 0x5b, 0x54, 0xff,
  0x67, 0x5b, 0x54, 0xff, 0x67, 0x5b, 0x54, 0xff, 0x6a, 0x5d, 0x56, 0xff,
  0xbf, 0xb5, 0xab, 0xfa, 0xd0, 0xc8, 0xc0, 0xfb, 0xec, 0xe7, 0xe3, 0xfe,
  0xec, 0xe7, 0xe3, 0xfe, 0xcf, 0xc7, 0xc0, 0xfb, 0xc2, 0xb9, 0xaf, 0xfa,
  0xe7, 0xdf, 0xd7, 0xff, 0xe7, 0xe0, 0xd8, 0xff, 0xe7, 0xe0, 0xd8, 0xff,
  0xe7, 0xe0, 0xd8, 0xff, 0xe7, 0xe0, 0xd8, 0xff, 0xe7, 0xe0, 0xd8, 0xff,
  0xdb, 0xcf, 0xc7, 0x85, 0x00, 0x00, 0x00, 0x00, 0x00, 0x00, 0x00, 0x00,
  0x00, 0x00, 0x00, 0x00, 0x00, 0x00, 0x00, 0x00, 0x00, 0x00, 0x00, 0x00,
  0x00, 0x00, 0x00, 0x00, 0x00, 0x00, 0x00, 0x00, 0x00, 0x00, 0x00, 0x00,
  0x00, 0x00, 0x00, 0x00, 0x00, 0x00, 0x00, 0x00, 0x00, 0x00, 0x00, 0x00,
  0x00, 0x00, 0x00, 0x00, 0x00, 0x00, 0x00, 0x00, 0x00, 0x00, 0x00, 0x00,
  0x00, 0x00, 0x00, 0x00, 0x00, 0x00, 0x00, 0x00, 0x00, 0x00, 0x00, 0x00,
  0x00, 0x00, 0x00, 0x00, 0x00, 0x00, 0x00, 0x00, 0x00, 0x00, 0x00, 0x00,
  0x00, 0x00, 0x00, 0x00, 0x00, 0x00, 0x00, 0x00, 0x00, 0x00, 0x00, 0x00,
  0x00, 0x00, 0x00, 0x00, 0x00, 0x00, 0x00, 0x00, 0x00, 0x00, 0x00, 0x00,
  0x00, 0x00, 0x00, 0x00, 0x00, 0x00, 0x00, 0x00, 0x00, 0x00, 0x00, 0x00,
  0x00, 0x00, 0x00, 0x00, 0x00, 0x00, 0x00, 0x00, 0x00, 0x00, 0x00, 0x00,
  0x00, 0x00, 0x00, 0x00, 0x00, 0x00, 0x00, 0x00, 0x00, 0x00, 0x00, 0x00,
  0x00, 0x00, 0x00, 0x00, 0x00, 0x00, 0x00, 0x00, 0x00, 0x00, 0x00, 0x00,
  0x00, 0x00, 0x00, 0x00, 0x92, 0x89, 0x80, 0x1c, 0x70, 0x64, 0x5c, 0xfb,
  0x67, 0x5b, 0x54, 0xff, 0x67, 0x5b, 0x54, 0xff, 0x67, 0x5b, 0x54, 0xff,
  0x67, 0x5b, 0x54, 0xff, 0x67, 0x5b, 0x54, 0xff, 0x79, 0x6d, 0x66, 0xfe,
  0xc1, 0xb8, 0xae, 0xfa, 0xdd, 0xd7, 0xd0, 0xfc, 0xec, 0xe7, 0xe3, 0xfe,
  0xec, 0xe7, 0xe3, 0xfe, 0xdc, 0xd6, 0xcf, 0xfc, 0xc1, 0xb8, 0xae, 0xfa,
  0xe0, 0xd8, 0xd1, 0xfe, 0xe7, 0xe0, 0xd8, 0xff, 0xe7, 0xe0, 0xd8, 0xff,
  0xe7, 0xe0, 0xd8, 0xff, 0xe7, 0xe0, 0xd8, 0xff, 0xe7, 0xe0, 0xd8, 0xff,
  0xe4, 0xdc, 0xd5, 0xfb, 0xd7, 0xc7, 0xbf, 0x20, 0x00, 0x00, 0x00, 0x00,
  0x00, 0x00, 0x00, 0x00, 0x00, 0x00, 0x00, 0x00, 0x00, 0x00, 0x00, 0x00,
  0x00, 0x00, 0x00, 0x00, 0x00, 0x00, 0x00, 0x00, 0x00, 0x00, 0x00, 0x00,
  0x00, 0x00, 0x00, 0x00, 0x00, 0x00, 0x00, 0x00, 0x00, 0x00, 0x00, 0x00,
  0x00, 0x00, 0x00, 0x00, 0x00, 0x00, 0x00, 0x00, 0x00, 0x00, 0x00, 0x00,
  0x00, 0x00, 0x00, 0x00, 0x00, 0x00, 0x00, 0x00, 0x00, 0x00, 0x00, 0x00,
  0x00, 0x00, 0x00, 0x00, 0x00, 0x00, 0x00, 0x00, 0x00, 0x00, 0x00, 0x00,
  0x00, 0x00, 0x00, 0x00, 0x00, 0x00, 0x00, 0x00, 0x00, 0x00, 0x00, 0x00,
  0x00, 0x00, 0x00, 0x00, 0x00, 0x00, 0x00, 0x00, 0x00, 0x00, 0x00, 0x00,
  0x00, 0x00, 0x00, 0x00, 0x00, 0x00, 0x00, 0x00, 0x00, 0x00, 0x00, 0x00,
  0x00, 0x00, 0x00, 0x00, 0x00, 0x00, 0x00, 0x00, 0x00, 0x00, 0x00, 0x00,
  0x00, 0x00, 0x00, 0x00, 0x00, 0x00, 0x00, 0x00, 0x00, 0x00, 0x00, 0x00,
  0x00, 0x00, 0x00, 0x00, 0x00, 0x00, 0x00, 0x00, 0x00, 0x00, 0x00, 0x00,
  0x00, 0x00, 0x00, 0x00, 0x80, 0x73, 0x6c, 0xd4, 0x67, 0x5b, 0x54, 0xff,
  0x67, 0x5b, 0x54, 0xff, 0x67, 0x5b, 0x54, 0xff, 0x67, 0x5b, 0x54, 0xff,
  0x67, 0x5b, 0x54, 0xff, 0x67, 0x5b, 0x54, 0xff, 0x8c, 0x81, 0x79, 0xfd,
  0xc1, 0xb8, 0xae, 0xfa, 0xe9, 0xe4, 0xdf, 0xfd, 0xec, 0xe7, 0xe3, 0xfe,
  0xec, 0xe7, 0xe3, 0xfe, 0xe8, 0xe3, 0xdf, 0xfd, 0xc1, 0xb8, 0xae, 0xfa,
  0xd8, 0xd0, 0xc8, 0xfd, 0xe7, 0xe0, 0xd8, 0xff, 0xe7, 0xe0, 0xd8, 0xff,
  0xe7, 0xe0, 0xd8, 0xff, 0xe7, 0xe0, 0xd8, 0xff, 0xe7, 0xe0, 0xd8, 0xff,
  0xe7, 0xe0, 0xd8, 0xff, 0xdd, 0xd6, 0xcc, 0xd2, 0x00, 0x00, 0x00, 0x00,
  0x00, 0x00, 0x00, 0x00, 0x00, 0x00, 0x00, 0x00, 0x00, 0x00, 0x00, 0x00,
  0x00, 0x00, 0x00, 0x00, 0x00, 0x00, 0x00, 0x00, 0x00, 0x00, 0x00, 0x00,
  0x00, 0x00, 0x00, 0x00, 0x00, 0x00, 0x00, 0x00, 0x00, 0x00, 0x00, 0x00,
  0x00, 0x00, 0x00, 0x00, 0x00, 0x00, 0x00, 0x00, 0x00, 0x00, 0x00, 0x00,
  0x00, 0x00, 0x00, 0x00, 0x00, 0x00, 0x00, 0x00, 0x00, 0x00, 0x00, 0x00,
  0x00, 0x00, 0x00, 0x00, 0x00, 0x00, 0x00, 0x00, 0x00, 0x00, 0x00, 0x00,
  0x00, 0x00, 0x00, 0x00, 0x00, 0x00, 0x00, 0x00, 0x00, 0x00, 0x00, 0x00,
  0x00, 0x00, 0x00, 0x00, 0x00, 0x00, 0x00, 0x00, 0x00, 0x00, 0x00, 0x00,
  0x00, 0x00, 0x00, 0x00, 0x00, 0x00, 0x00, 0x00, 0x00, 0x00, 0x00, 0x00,
  0x00, 0x00, 0x00, 0x00, 0x00, 0x00, 0x00, 0x00, 0x00, 0x00, 0x00, 0x00,
  0x00, 0x00, 0x00, 0x00, 0x00, 0x00, 0x00, 0x00, 0x00, 0x00, 0x00, 0x00,
  0x00, 0x00, 0x00, 0x00, 0x00, 0x00, 0x00, 0x00, 0x00, 0x00, 0x00, 0x00,
  0x8e, 0x80, 0x78, 0x6c, 0x68, 0x5c, 0x54, 0xff, 0x67, 0x5b, 0x54, 0xff,
  0x67, 0x5b, 0x54, 0xff, 0x67, 0x5b, 0x54, 0xff, 0x67, 0x5b, 0x54, 0xff,
  0x67, 0x5b, 0x54, 0xff, 0x67, 0x5b, 0x54, 0xff, 0x9e, 0x94, 0x8c, 0xfc,
  0xca, 0xc3, 0xba, 0xfb, 0xec, 0xe7, 0xe3, 0xfe, 0xec, 0xe7, 0xe3, 0xfe,
  0xec, 0xe7, 0xe3, 0xfe, 0xec, 0xe7, 0xe3, 0xfe, 0xc9, 0xc2, 0xb9, 0xfb,
  0xcf, 0xc7, 0xbf, 0xfc, 0xe7, 0xe0, 0xd8, 0xff, 0xe7, 0xe0, 0xd8, 0xff,
  0xe7, 0xe0, 0xd8, 0xff, 0xe7, 0xe0, 0xd8, 0xff, 0xe7, 0xe0, 0xd8, 0xff,
  0xe7, 0xe0, 0xd8, 0xff, 0xe7, 0xdf, 0xd8, 0xff, 0xd7, 0xd0, 0xc7, 0x72,
  0x00, 0x00, 0x00, 0x00, 0x00, 0x00, 0x00, 0x00, 0x00, 0x00, 0x00, 0x00,
  0x00, 0x00, 0x00, 0x00, 0x00, 0x00, 0x00, 0x00, 0x00, 0x00, 0x00, 0x00,
  0x00, 0x00, 0x00, 0x00, 0x00, 0x00, 0x00, 0x00, 0x00, 0x00, 0x00, 0x00,
  0x00, 0x00, 0x00, 0x00, 0x00, 0x00, 0x00, 0x00, 0x00, 0x00, 0x00, 0x00,
  0x00, 0x00, 0x00, 0x00, 0x00, 0x00, 0x00, 0x00, 0x00, 0x00, 0x00, 0x00,
  0x00, 0x00, 0x00, 0x00, 0x00, 0x00, 0x00, 0x00, 0x00, 0x00, 0x00, 0x00,
  0x00, 0x00, 0x00, 0x00, 0x00, 0x00, 0x00, 0x00, 0x00, 0x00, 0x00, 0x00,
  0x00, 0x00, 0x00, 0x00, 0x00, 0x00, 0x00, 0x00, 0x00, 0x00, 0x00, 0x00,
  0x00, 0x00, 0x00, 0x00, 0x00, 0x00, 0x00, 0x00, 0x00, 0x00, 0x00, 0x00,
  0x00, 0x00, 0x00, 0x00, 0x00, 0x00, 0x00, 0x00, 0x00, 0x00, 0x00, 0x00,
  0x00, 0x00, 0x00, 0x00, 0x00, 0x00, 0x00, 0x00, 0x00, 0x00, 0x00, 0x00,
  0x00, 0x00, 0x00, 0x00, 0x00, 0x00, 0x00, 0x00, 0x8e, 0x80, 0x80, 0x12,
  0x72, 0x66, 0x5f, 0xf8, 0x67, 0x5b, 0x54, 0xff, 0x67, 0x5b, 0x54, 0xff,
  0x67, 0x5b, 0x54, 0xff, 0x67, 0x5b, 0x54, 0xff, 0x67, 0x5b, 0x54, 0xff,
  0x67, 0x5b, 0x54, 0xff, 0x67, 0x5b, 0x54, 0xff, 0xb0, 0xa7, 0x9d, 0xfb,
  0xd7, 0xcf, 0xc8, 0xfc, 0xec, 0xe7, 0xe3, 0xfe, 0xec, 0xe7, 0xe3, 0xfe,
  0xec, 0xe7, 0xe3, 0xfe, 0xec, 0xe7, 0xe3, 0xfe, 0xd7, 0xd0, 0xc9, 0xfc,
  0xc8, 0xbf, 0xb6, 0xfb, 0xe7, 0xe0, 0xd8, 0xff, 0xe7, 0xe0, 0xd8, 0xff,
  0xe7, 0xe0, 0xd8, 0xff, 0xe7, 0xe0, 0xd8, 0xff, 0xe7, 0xe0, 0xd8, 0xff,
  0xe7, 0xe0, 0xd8, 0xff, 0xe7, 0xe0, 0xd8, 0xff, 0xe3, 0xdb, 0xd4, 0xf7,
  0xe1, 0xd2, 0xc3, 0x11, 0x00, 0x00, 0x00, 0x00, 0x00, 0x00, 0x00, 0x00,
  0x00, 0x00, 0x00, 0x00, 0x00, 0x00, 0x00, 0x00, 0x00, 0x00, 0x00, 0x00,
  0x00, 0x00, 0x00, 0x00, 0x00, 0x00, 0x00, 0x00, 0x00, 0x00, 0x00, 0x00,
  0x00, 0x00, 0x00, 0x00, 0x00, 0x00, 0x00, 0x00, 0x00, 0x00, 0x00, 0x00,
  0x00, 0x00, 0x00, 0x00, 0x00, 0x00, 0x00, 0x00, 0x00, 0x00, 0x00, 0x00,
  0x00, 0x00, 0x00, 0x00, 0x00, 0x00, 0x00, 0x00, 0x00, 0x00, 0x00, 0x00,
  0x00, 0x00, 0x00, 0x00, 0x00, 0x00, 0x00, 0x00, 0x00, 0x00, 0x00, 0x00,
  0x00, 0x00, 0x00, 0x00, 0x00, 0x00, 0x00, 0x00, 0x00, 0x00, 0x00, 0x00,
  0x00, 0x00, 0x00, 0x00, 0x00, 0x00, 0x00, 0x00, 0x00, 0x00, 0x00, 0x00,
  0x00, 0x00, 0x00, 0x00, 0x00, 0x00, 0x00, 0x00, 0x00, 0x00, 0x00, 0x00,
  0x00, 0x00, 0x00, 0x00, 0x00, 0x00, 0x00, 0x00, 0x00, 0x00, 0x00, 0x00,
  0x00, 0x00, 0x00, 0x00, 0x00, 0x00, 0x00, 0x00, 0x83, 0x77, 0x6e, 0xc5,
  0x67, 0x5b, 0x54, 0xff, 0x67, 0x5b, 0x54, 0xff, 0x67, 0x5b, 0x54, 0xff,
  0x67, 0x5b, 0x54, 0xff, 0x67, 0x5b, 0x54, 0xff, 0x67, 0x5b, 0x54, 0xff,
  0x67, 0x5b, 0x54, 0xff, 0x6b, 0x5f, 0x57, 0xff, 0xc0, 0xb6, 0xac, 0xfa,
  0xe4, 0xde, 0xd9, 0xfd, 0xec, 0xe7, 0xe3, 0xfe, 0xec, 0xe7, 0xe3, 0xfe,
  0xec, 0xe7, 0xe3, 0xfe, 0xec, 0xe7, 0xe3, 0xfe, 0xe3, 0xdf, 0xd9, 0xfd,
  0xc2, 0xb9, 0xae, 0xfa, 0xe6, 0xde, 0xd6, 0xff, 0xe7, 0xe0, 0xd8, 0xff,
  0xe7, 0xe0, 0xd8, 0xff, 0xe7, 0xe0, 0xd8, 0xff, 0xe7, 0xe0, 0xd8, 0xff,
  0xe7, 0xe0, 0xd8, 0xff, 0xe7, 0xe0, 0xd8, 0xff, 0xe7, 0xe0, 0xd8, 0xff,
  0xdc, 0xd5, 0xcc, 0xc2, 0x00, 0x00, 0x00, 0x00, 0x00, 0x00, 0x00, 0x00,
  0x00, 0x00, 0x00, 0x00, 0x00, 0x00, 0x00, 0x00, 0x00, 0x00, 0x00, 0x00,
  0x00, 0x00, 0x00, 0x00, 0x00, 0x00, 0x00, 0x00, 0x00, 0x00, 0x00, 0x00,
  0x00, 0x00, 0x00, 0x00, 0x00, 0x00, 0x00, 0x00, 0x00, 0x00, 0x00, 0x00,
  0x00, 0x00, 0x00, 0x00, 0x00, 0x00, 0x00, 0x00, 0x00, 0x00, 0x00, 0x00,
  0x00, 0x00, 0x00, 0x00, 0x00, 0x00, 0x00, 0x00, 0x00, 0x00, 0x00, 0x00,
  0x00, 0x00, 0x00, 0x00, 0x00, 0x00, 0x00, 0x00, 0x00, 0x00, 0x00, 0x00,
  0x00, 0x00, 0x00, 0x00, 0x00, 0x00, 0x00, 0x00, 0x00, 0x00, 0x00, 0x00,
  0x00, 0x00, 0x00, 0x00, 0x00, 0x00, 0x00, 0x00, 0x00, 0x00, 0x00, 0x00,
  0x00, 0x00, 0x00, 0x00, 0x00, 0x00, 0x00, 0x00, 0x00, 0x00, 0x00, 0x00,
  0x00, 0x00, 0x00, 0x00, 0x00, 0x00, 0x00, 0x00, 0x00, 0x00, 0x00, 0x00,
  0x00, 0x00, 0x00, 0x00, 0x90, 0x81, 0x7b, 0x53, 0x69, 0x5c, 0x55, 0xfe,
  0x67, 0x5b, 0x54, 0xff, 0x67, 0x5b, 0x54, 0xff, 0x67, 0x5b, 0x54, 0xff,
  0x67, 0x5b, 0x54, 0xff, 0x67, 0x5b, 0x54, 0xff, 0x67, 0x5b, 0x54, 0xff,
  0x67, 0x5b, 0x54, 0xff, 0x7c, 0x70, 0x68, 0xfe, 0xc6, 0xbd, 0xb4, 0xfa,
  0xeb, 0xe7, 0xe2, 0xfe, 0xec, 0xe7, 0xe3, 0xfe, 0xec, 0xe7, 0xe3, 0xfe,
  0xec, 0xe7, 0xe3, 0xfe, 0xec, 0xe7, 0xe3, 0xfe, 0xeb, 0xe7, 0xe2, 0xfe,
  0xc6, 0xbe, 0xb5, 0xfa, 0xdf, 0xd7, 0xcf, 0xfe, 0xe7, 0xe0, 0xd8, 0xff,
  0xe7, 0xe0, 0xd8, 0xff, 0xe7, 0xe0, 0xd8, 0xff, 0xe7, 0xe0, 0xd8, 0xff,
  0xe7, 0xe0, 0xd8, 0xff, 0xe7, 0xe0, 0xd8, 0xff, 0xe7, 0xe0, 0xd8, 0xff,
  0xe8, 0xe0, 0xd9, 0xfe, 0xd7, 0xce, 0xc6, 0x59, 0x00, 0x00, 0x00, 0x00,
  0x00, 0x00, 0x00, 0x00, 0x00, 0x00, 0x00, 0x00, 0x00, 0x00, 0x00, 0x00,
  0x00, 0x00, 0x00, 0x00, 0x00, 0x00, 0x00, 0x00, 0x00, 0x00, 0x00, 0x00,
  0x00, 0x00, 0x00, 0x00, 0x00, 0x00, 0x00, 0x00, 0x00, 0x00, 0x00, 0x00,
  0x00, 0x00, 0x00, 0x00, 0x00, 0x00, 0x00, 0x00, 0x00, 0x00, 0x00, 0x00,
  0x00, 0x00, 0x00, 0x00, 0x00, 0x00, 0x00, 0x00, 0x00, 0x00, 0x00, 0x00,
  0x00, 0x00, 0x00, 0x00, 0x00, 0x00, 0x00, 0x00, 0x00, 0x00, 0x00, 0x00,
  0x00, 0x00, 0x00, 0x00, 0x00, 0x00, 0x00, 0x00, 0x00, 0x00, 0x00, 0x00,
  0x00, 0x00, 0x00, 0x00, 0x00, 0x00, 0x00, 0x00, 0x00, 0x00, 0x00, 0x00,
  0x00, 0x00, 0x00, 0x00, 0x00, 0x00, 0x00, 0x00, 0x00, 0x00, 0x00, 0x00,
  0x00, 0x00, 0x00, 0x00, 0x00, 0x00, 0x00, 0x00, 0x00, 0x00, 0x00, 0x00,
  0x9f, 0x80, 0x80, 0x08, 0x76, 0x69, 0x63, 0xf2, 0x67, 0x5b, 0x54, 0xff,
  0x67, 0x5b, 0x54, 0xff, 0x67, 0x5b, 0x54, 0xff, 0x67, 0x5b, 0x54, 0xff,
  0x67, 0x5b, 0x54, 0xff, 0x67, 0x5b, 0x54, 0xff, 0x67, 0x5b, 0x54, 0xff,
  0x67, 0x5b, 0x54, 0xff, 0x8e, 0x83, 0x7b, 0xfd, 0xd2, 0xcb, 0xc3, 0xfb,
  0xec, 0xe7, 0xe3, 0xfe, 0xec, 0xe7, 0xe3, 0xfe, 0xec, 0xe7, 0xe3, 0xfe,
  0xec, 0xe7, 0xe3, 0xfe, 0xec, 0xe7, 0xe3, 0xfe, 0xec, 0xe7, 0xe3, 0xfe,
  0xd2, 0xca, 0xc4, 0xfb, 0xd6, 0xce, 0xc6, 0xfd, 0xe7, 0xe0, 0xd8, 0xff,
  0xe7, 0xe0, 0xd8, 0xff, 0xe7, 0xe0, 0xd8, 0xff, 0xe7, 0xe0, 0xd8, 0xff,
  0xe7, 0xe0, 0xd8, 0xff, 0xe7, 0xe0, 0xd8, 0xff, 0xe7, 0xe0, 0xd8, 0xff,
  0xe7, 0xe0, 0xd8, 0xff, 0xe2, 0xda, 0xd2, 0xf3, 0xcc, 0xcc, 0xb3, 0x0a,
  0x00, 0x00, 0x00, 0x00, 0x00, 0x00, 0x00, 0x00, 0x00, 0x00, 0x00, 0x00,
  0x00, 0x00, 0x00, 0x00, 0x00, 0x00, 0x00, 0x00, 0x00, 0x00, 0x00, 0x00,
  0x00, 0x00, 0x00, 0x00, 0x00, 0x00, 0x00, 0x00, 0x00, 0x00, 0x00, 0x00,
  0x00, 0x00, 0x00, 0x00, 0x00, 0x00, 0x00, 0x00, 0x00, 0x00, 0x00, 0x00,
  0x00, 0x00, 0x00, 0x00, 0x00, 0x00, 0x00, 0x00, 0x00, 0x00, 0x00, 0x00,
  0x00, 0x00, 0x00, 0x00, 0x00, 0x00, 0x00, 0x00, 0x00, 0x00, 0x00, 0x00,
  0x00, 0x00, 0x00, 0x00, 0x00, 0x00, 0x00, 0x00, 0x00, 0x00, 0x00, 0x00,
  0x00, 0x00, 0x00, 0x00, 0x00, 0x00, 0x00, 0x00, 0x00, 0x00, 0x00, 0x00,
  0x00, 0x00, 0x00, 0x00, 0x00, 0x00, 0x00, 0x00, 0x00, 0x00, 0x00, 0x00,
  0x00, 0x00, 0x00, 0x00, 0x00, 0x00, 0x00, 0x00, 0x00, 0x00, 0x00, 0x00,
  0x86, 0x79, 0x72, 0xb3, 0x67, 0x5b, 0x54, 0xff, 0x67, 0x5b, 0x54, 0xff,
  0x67, 0x5b, 0x54, 0xff, 0x67, 0x5b, 0x54, 0xff, 0x67, 0x5b, 0x54, 0xff,
  0x67, 0x5b, 0x54, 0xff, 0x67, 0x5b, 0x54, 0xff, 0x67, 0x5b, 0x54, 0xff,
  0x67, 0x5b, 0x54, 0xff, 0xa1, 0x97, 0x8e, 0xfc, 0xde, 0xd9, 0xd3, 0xfd,
  0xec, 0xe7, 0xe3, 0xfe, 0xec, 0xe7, 0xe3, 0xfe, 0xec, 0xe7, 0xe3, 0xfe,
  0xec, 0xe7, 0xe3, 0xfe, 0xec, 0xe7, 0xe3, 0xfe, 0xec, 0xe7, 0xe3, 0xfe,
  0xe0, 0xd9, 0xd3, 0xfc, 0xce, 0xc5, 0xbd, 0xfc, 0xe7, 0xe0, 0xd8, 0xff,
  0xe7, 0xe0, 0xd8, 0xff, 0xe7, 0xe0, 0xd8, 0xff, 0xe7, 0xe0, 0xd8, 0xff,
  0xe7, 0xe0, 0xd8, 0xff, 0xe7, 0xe0, 0xd8, 0xff, 0xe7, 0xe0, 0xd8, 0xff,
  0xe7, 0xe0, 0xd8, 0xff, 0xe7, 0xe0, 0xd8, 0xff, 0xda, 0xd2, 0xca, 0xb1,
  0x00, 0x00, 0x00, 0x00, 0x00, 0x00, 0x00, 0x00, 0x00, 0x00, 0x00, 0x00,
  0x00, 0x00, 0x00, 0x00, 0x00, 0x00, 0x00, 0x00, 0x00, 0x00, 0x00, 0x00,
  0x00, 0x00, 0x00, 0x00, 0x00, 0x00, 0x00, 0x00, 0x00, 0x00, 0x00, 0x00,
  0x00, 0x00, 0x00, 0x00, 0x00, 0x00, 0x00, 0x00, 0x00, 0x00, 0x00, 0x00,
  0x00, 0x00, 0x00, 0x00, 0x00, 0x00, 0x00, 0x00, 0x00, 0x00, 0x00, 0x00,
  0x00, 0x00, 0x00, 0x00, 0x00, 0x00, 0x00, 0x00, 0x00, 0x00, 0x00, 0x00,
  0x00, 0x00, 0x00, 0x00, 0x00, 0x00, 0x00, 0x00, 0x00, 0x00, 0x00, 0x00,
  0x00, 0x00, 0x00, 0x00, 0x00, 0x00, 0x00, 0x00, 0x00, 0x00, 0x00, 0x00,
  0x00, 0x00, 0x00, 0x00, 0x00, 0x00, 0x00, 0x00, 0x00, 0x00, 0x00, 0x00,
  0x00, 0x00, 0x00, 0x00, 0x00, 0x00, 0x00, 0x00, 0x8d, 0x81, 0x7a, 0x43,
  0x6b, 0x5e, 0x56, 0xfe, 0x67, 0x5b, 0x54, 0xff, 0x67, 0x5b, 0x54, 0xff,
  0x67, 0x5b, 0x54, 0xff, 0x67, 0x5b, 0x54, 0xff, 0x67, 0x5b, 0x54, 0xff,
  0x67, 0x5b, 0x54, 0xff, 0x67, 0x5b, 0x54, 0xff, 0x67, 0x5b, 0x54, 0xff,
  0x67, 0x5b, 0x54, 0xff, 0xb5, 0xac, 0xa2, 0xfb, 0xea, 0xe6, 0xe2, 0xfd,
  0xec, 0xe7, 0xe3, 0xfe, 0xec, 0xe7, 0xe3, 0xfe, 0xec, 0xe7, 0xe3, 0xfe,
  0xec, 0xe7, 0xe3, 0xfe, 0xec, 0xe7, 0xe3, 0xfe, 0xec, 0xe7, 0xe3, 0xfe,
  0xeb, 0xe6, 0xe1, 0xfd, 0xc7, 0xc0, 0xb7, 0xfb, 0xe7, 0xe0, 0xd8, 0xff,
  0xe7, 0xe0, 0xd8, 0xff, 0xe7, 0xe0, 0xd8, 0xff, 0xe7, 0xe0, 0xd8, 0xff,
  0xe7, 0xe0, 0xd8, 0xff, 0xe7, 0xe0, 0xd8, 0xff, 0xe7, 0xe0, 0xd8, 0xff,
  0xe7, 0xe0, 0xd8, 0xff, 0xe7, 0xe0, 0xd8, 0xff, 0xe5, 0xde, 0xd7, 0xfe,
  0xd7, 0xcf, 0xc7, 0x40, 0x00, 0x00, 0x00, 0x00, 0x00, 0x00, 0x00, 0x00,
  0x00, 0x00, 0x00, 0x00, 0x00, 0x00, 0x00, 0x00, 0x00, 0x00, 0x00, 0x00,
  0x00, 0x00, 0x00, 0x00, 0x00, 0x00, 0x00, 0x00, 0x00, 0x00, 0x00, 0x00,
  0x00, 0x00, 0x00, 0x00, 0x00, 0x00, 0x00, 0x00, 0x00, 0x00, 0x00, 0x00,
  0x00, 0x00, 0x00, 0x00, 0x00, 0x00, 0x00, 0x00, 0x00, 0x00, 0x00, 0x00,
  0x00, 0x00, 0x00, 0x00, 0x00, 0x00, 0x00, 0x00, 0x00, 0x00, 0x00, 0x00,
  0x00, 0x00, 0x00, 0x00, 0x00, 0x00, 0x00, 0x00, 0x00, 0x00, 0x00, 0x00,
  0x00, 0x00, 0x00, 0x00, 0x00, 0x00, 0x00, 0x00, 0x00, 0x00, 0x00, 0x00,
  0x00, 0x00, 0x00, 0x00, 0x00, 0x00, 0x00, 0x00, 0x00, 0x00, 0x00, 0x00,
  0x00, 0x00, 0x00, 0x00, 0x80, 0x80, 0x80, 0x02, 0x79, 0x6e, 0x65, 0xea,
  0x67, 0x5b, 0x54, 0xff, 0x67, 0x5b, 0x54, 0xff, 0x67, 0x5b, 0x54, 0xff,
  0x67, 0x5b, 0x54, 0xff, 0x67, 0x5b, 0x54, 0xff, 0x67, 0x5b, 0x54, 0xff,
  0x67, 0x5b, 0x54, 0xff, 0x67, 0x5b, 0x54, 0xff, 0x67, 0x5b, 0x54, 0xff,
  0x6c, 0x60, 0x58, 0xff, 0xcd, 0xc6, 0xbd, 0xfb, 0xec, 0xe7, 0xe3, 0xfe,
  0xec, 0xe7, 0xe3, 0xfe, 0xec, 0xe7, 0xe3, 0xfe, 0xec, 0xe7, 0xe3, 0xfe,
  0xec, 0xe7, 0xe3, 0xfe, 0xec, 0xe7, 0xe3, 0xfe, 0xec, 0xe7, 0xe3, 0xfe,
  0xec, 0xe7, 0xe3, 0xfe, 0xcc, 0xc5, 0xbd, 0xfb, 0xe5, 0xde, 0xd6, 0xfe,
  0xe7, 0xe0, 0xd8, 0xff, 0xe7, 0xe0, 0xd8, 0xff, 0xe7, 0xe0, 0xd8, 0xff,
  0xe7, 0xe0, 0xd8, 0xff, 0xe7, 0xe0, 0xd8, 0xff, 0xe7, 0xe0, 0xd8, 0xff,
  0xe7, 0xe0, 0xd8, 0xff, 0xe7, 0xe0, 0xd8, 0xff, 0xe7, 0xe0, 0xd8, 0xff,
  0xe0, 0xd7, 0xcf, 0xec, 0xff, 0xff, 0xff, 0x02, 0x00, 0x00, 0x00, 0x00,
  0x00, 0x00, 0x00, 0x00, 0x00, 0x00, 0x00, 0x00, 0x00, 0x00, 0x00, 0x00,
  0x00, 0x00, 0x00, 0x00, 0x00, 0x00, 0x00, 0x00, 0x00, 0x00, 0x00, 0x00,
  0x00, 0x00, 0x00, 0x00, 0x00, 0x00, 0x00, 0x00, 0x00, 0x00, 0x00, 0x00,
  0x00, 0x00, 0x00, 0x00, 0x00, 0x00, 0x00, 0x00, 0x00, 0x00, 0x00, 0x00,
  0x00, 0x00, 0x00, 0x00, 0x00, 0x00, 0x00, 0x00, 0x00, 0x00, 0x00, 0x00,
  0x00, 0x00, 0x00, 0x00, 0x00, 0x00, 0x00, 0x00, 0x00, 0x00, 0x00, 0x00,
  0x00, 0x00, 0x00, 0x00, 0x00, 0x00, 0x00, 0x00, 0x00, 0x00, 0x00, 0x00,
  0x00, 0x00, 0x00, 0x00, 0x00, 0x00, 0x00, 0x00, 0x00, 0x00, 0x00, 0x00,
  0x00, 0x00, 0x00, 0x00, 0x88, 0x7c, 0x74, 0x9e, 0x67, 0x5b, 0x54, 0xff,
  0x67, 0x5b, 0x54, 0xff, 0x67, 0x5b, 0x54, 0xff, 0x67, 0x5b, 0x54, 0xff,
  0x67, 0x5b, 0x54, 0xff, 0x67, 0x5b, 0x54, 0xff, 0x67, 0x5b, 0x54, 0xff,
  0x67, 0x5b, 0x54, 0xff, 0x67, 0x5b, 0x54, 0xff, 0x67, 0x5b, 0x54, 0xff,
  0x7e, 0x72, 0x6b, 0xfe, 0xdb, 0xd2, 0xcc, 0xfc, 0xec, 0xe7, 0xe3, 0xfe,
  0xec, 0xe7, 0xe3, 0xfe, 0xec, 0xe7, 0xe3, 0xfe, 0xec, 0xe7, 0xe3, 0xfe,
  0xec, 0xe7, 0xe3, 0xfe, 0xec, 0xe7, 0xe3, 0xfe, 0xec, 0xe7, 0xe3, 0xfe,
  0xec, 0xe7, 0xe3, 0xfe, 0xda, 0xd3, 0xcd, 0xfc, 0xde, 0xd6, 0xcf, 0xfd,
  0xe7, 0xe0, 0xd8, 0xff, 0xe7, 0xe0, 0xd8, 0xff, 0xe7, 0xe0, 0xd8, 0xff,
  0xe7, 0xe0, 0xd8, 0xff, 0xe7, 0xe0, 0xd8, 0xff, 0xe7, 0xe0, 0xd8, 0xff,
  0xe7, 0xe0, 0xd8, 0xff, 0xe7, 0xe0, 0xd8, 0xff, 0xe7, 0xe0, 0xd8, 0xff,
  0xe7, 0xe0, 0xd8, 0xff, 0xd9, 0xd3, 0xc9, 0x9c, 0x00, 0x00, 0x00, 0x00,
  0x00, 0x00, 0x00, 0x00, 0x00, 0x00, 0x00, 0x00, 0x00, 0x00, 0x00, 0x00,
  0x00, 0x00, 0x00, 0x00, 0x00, 0x00, 0x00, 0x00, 0x00, 0x00, 0x00, 0x00,
  0x00, 0x00, 0x00, 0x00, 0x00, 0x00, 0x00, 0x00, 0x00, 0x00, 0x00, 0x00,
  0x00, 0x00, 0x00, 0x00, 0x00, 0x00, 0x00, 0x00, 0x00, 0x00, 0x00, 0x00,
  0x00, 0x00, 0x00, 0x00, 0x00, 0x00, 0x00, 0x00, 0x00, 0x00, 0x00, 0x00,
  0x00, 0x00, 0x00, 0x00, 0x00, 0x00, 0x00, 0x00, 0x00, 0x00, 0x00, 0x00,
  0x00, 0x00, 0x00, 0x00, 0x00, 0x00, 0x00, 0x00, 0x00, 0x00, 0x00, 0x00,
  0x00, 0x00, 0x00, 0x00, 0x00, 0x00, 0x00, 0x00, 0x00, 0x00, 0x00, 0x00,
  0x8e, 0x82, 0x7d, 0x2d, 0x6d, 0x60, 0x59, 0xfd, 0x67, 0x5b, 0x54, 0xff,
  0x67, 0x5b, 0x54, 0xff, 0x67, 0x5b, 0x54, 0xff, 0x67, 0x5b, 0x54, 0xff,
  0x67, 0x5b, 0x54, 0xff, 0x67, 0x5b, 0x54, 0xff, 0x67, 0x5b, 0x54, 0xff,
  0x67, 0x5b, 0x54, 0xff, 0x67, 0x5b, 0x54, 0xff, 0x67, 0x5b, 0x54, 0xff,
  0x91, 0x85, 0x7e, 0xfd, 0xe6, 0xe2, 0xdd, 0xfd, 0xec, 0xe7, 0xe3, 0xfe,
  0xec, 0xe7, 0xe3, 0xfe, 0xec, 0xe7, 0xe3, 0xfe, 0xec, 0xe7, 0xe3, 0xfe,
  0xec, 0xe7, 0xe3, 0xfe, 0xec, 0xe7, 0xe3, 0xfe, 0xec, 0xe7, 0xe3, 0xfe,
  0xec, 0xe7, 0xe3, 0xfe, 0xe7, 0xe2, 0xdc, 0xfd, 0xd5, 0xce, 0xc5, 0xfd,
  0xe7, 0xe0, 0xd8, 0xff, 0xe7, 0xe0, 0xd8, 0xff, 0xe7, 0xe0, 0xd8, 0xff,
  0xe7, 0xe0, 0xd8, 0xff, 0xe7, 0xe0, 0xd8, 0xff, 0xe7, 0xe0, 0xd8, 0xff,
  0xe7, 0xe0, 0xd8, 0xff, 0xe7, 0xe0, 0xd8, 0xff, 0xe7, 0xe0, 0xd8, 0xff,
  0xe7, 0xe0, 0xd8, 0xff, 0xe5, 0xdd, 0xd6, 0xfd, 0xda, 0xd5, 0xca, 0x30,
  0x00, 0x00, 0x00, 0x00, 0x00, 0x00, 0x00, 0x00, 0x00, 0x00, 0x00, 0x00,
  0x00, 0x00, 0x00, 0x00, 0x00, 0x00, 0x00, 0x00, 0x00, 0x00, 0x00, 0x00,
  0x00, 0x00, 0x00, 0x00, 0x00, 0x00, 0x00, 0x00, 0x00, 0x00, 0x00, 0x00,
  0x00, 0x00, 0x00, 0x00, 0x00, 0x00, 0x00, 0x00, 0x00, 0x00, 0x00, 0x00,
  0x00, 0x00, 0x00, 0x00, 0x00, 0x00, 0x00, 0x00, 0x00, 0x00, 0x00, 0x00,
  0x00, 0x00, 0x00, 0x00, 0x00, 0x00, 0x00, 0x00, 0x00, 0x00, 0x00, 0x00,
  0x00, 0x00, 0x00, 0x00, 0x00, 0x00, 0x00, 0x00, 0x00, 0x00, 0x00, 0x00,
  0x00, 0x00, 0x00, 0x00, 0x00, 0x00, 0x00, 0x00, 0x00, 0x00, 0x00, 0x00,
  0x7d, 0x71, 0x68, 0xe1, 0x67, 0x5b, 0x54, 0xff, 0x67, 0x5b, 0x54, 0xff,
  0x67, 0x5b, 0x54, 0xff, 0x67, 0x5b, 0x54, 0xff, 0x67, 0x5b, 0x54, 0xff,
  0x67, 0x5b, 0x54, 0xff, 0x67, 0x5b, 0x54, 0xff, 0x67, 0x5b, 0x54, 0xff,
  0x67, 0x5b, 0x54, 0xff, 0x67, 0x5b, 0x54, 0xff, 0x67, 0x5b, 0x54, 0xff,
  0xae, 0xa5, 0x9e, 0xfc, 0xec, 0xe7, 0xe3, 0xfe, 0xec, 0xe7, 0xe3, 0xfe,
  0xec, 0xe7, 0xe3, 0xfe, 0xec, 0xe7, 0xe3, 0xfe, 0xec, 0xe7, 0xe3, 0xfe,
  0xec, 0xe7, 0xe3, 0xfe, 0xec, 0xe7, 0xe3, 0xfe, 0xec, 0xe7, 0xe3, 0xfe,
  0xec, 0xe7, 0xe3, 0xfe, 0xec, 0xe7, 0xe3, 0xfe, 0xd3, 0xcb, 0xc3, 0xfc,
  0xe7, 0xe0, 0xd8, 0xff, 0xe7, 0xe0, 0xd8, 0xff, 0xe7, 0xe0, 0xd8, 0xff,
  0xe7, 0xe0, 0xd8, 0xff, 0xe7, 0xe0, 0xd8, 0xff, 0xe7, 0xe0, 0xd8, 0xff,
  0xe7, 0xe0, 0xd8, 0xff, 0xe7, 0xe0, 0xd8, 0xff, 0xe7, 0xe0, 0xd8, 0xff,
  0xe7, 0xe0, 0xd8, 0xff, 0xe7, 0xe0, 0xd8, 0xff, 0xde, 0xd7, 0xcf, 0xe0,
  0x00, 0x00, 0x00, 0x00, 0x00, 0x00, 0x00, 0x00, 0x00, 0x00, 0x00, 0x00,
  0x00, 0x00, 0x00, 0x00, 0x00, 0x00, 0x00, 0x00, 0x00, 0x00, 0x00, 0x00,
  0x00, 0x00, 0x00, 0x00, 0x00, 0x00, 0x00, 0x00, 0x00, 0x00, 0x00, 0x00,
  0x00, 0x00, 0x00, 0x00, 0x00, 0x00, 0x00, 0x00, 0x00, 0x00, 0x00, 0x00,
  0x00, 0x00, 0x00, 0x00, 0x00, 0x00, 0x00, 0x00, 0x00, 0x00, 0x00, 0x00,
  0x00, 0x00, 0x00, 0x00, 0x00, 0x00, 0x00, 0x00, 0x00, 0x00, 0x00, 0x00,
  0x00, 0x00, 0x00, 0x00, 0x00, 0x00, 0x00, 0x00, 0x00, 0x00, 0x00, 0x00,
  0x00, 0x00, 0x00, 0x00, 0x00, 0x00, 0x00, 0x00, 0x00, 0x00, 0x00, 0x00,
  0x6b, 0x5e, 0x56, 0xfe, 0x67, 0x5b, 0x54, 0xff, 0x67, 0x5b, 0x54, 0xff,
  0x67, 0x5b, 0x54, 0xff, 0x67, 0x5b, 0x54, 0xff, 0x67, 0x5b, 0x54, 0xff,
  0x67, 0x5b, 0x54, 0xff, 0x67, 0x5b, 0x54, 0xff, 0x67, 0x5b, 0x54, 0xff,
  0x67, 0x5b, 0x54, 0xff, 0x67, 0x5b, 0x54, 0xff, 0x67, 0x5b, 0x54, 0xff,
  0xce, 0xc7, 0xc0, 0xfc, 0xec, 0xe7, 0xe3, 0xfe, 0xec, 0xe7, 0xe3, 0xfe,
  0xec, 0xe7, 0xe3, 0xfe, 0xec, 0xe7, 0xe3, 0xfe, 0xec, 0xe7, 0xe3, 0xfe,
  0xec, 0xe7, 0xe3, 0xfe, 0xec, 0xe7, 0xe3, 0xfe, 0xec, 0xe7, 0xe3, 0xfe,
  0xec, 0xe7, 0xe3, 0xfe, 0xec, 0xe7, 0xe3, 0xfe, 0xd8, 0xd0, 0xc9, 0xfc,
  0xe7, 0xe0, 0xd8, 0xff, 0xe7, 0xe0, 0xd8, 0xff, 0xe7, 0xe0, 0xd8, 0xff,
  0xe7, 0xe0, 0xd8, 0xff, 0xe7, 0xe0, 0xd8, 0xff, 0xe7, 0xe0, 0xd8, 0xff,
  0xe7, 0xe0, 0xd8, 0xff, 0xe7, 0xe0, 0xd8, 0xff, 0xe7, 0xe0, 0xd8, 0xff,
  0xe7, 0xe0, 0xd8, 0xff, 0xe7, 0xe0, 0xd8, 0xff, 0xe5, 0xde, 0xd6, 0xfe,
  0x00, 0x00, 0x00, 0x00, 0x00, 0x00, 0x00, 0x00, 0x00, 0x00, 0x00, 0x00,
  0x00, 0x00, 0x00, 0x00, 0x00, 0x00, 0x00, 0x00, 0x00, 0x00, 0x00, 0x00,
  0x00, 0x00, 0x00, 0x00, 0x00, 0x00, 0x00, 0x00, 0x00, 0x00, 0x00, 0x00,
  0x00, 0x00, 0x00, 0x00, 0x00, 0x00, 0x00, 0x00, 0x00, 0x00, 0x00, 0x00,
  0x00, 0x00, 0x00, 0x00, 0x00, 0x00, 0x00, 0x00, 0x00, 0x00, 0x00, 0x00,
  0x00, 0x00, 0x00, 0x00, 0x00, 0x00, 0x00, 0x00, 0x00, 0x00, 0x00, 0x00,
  0x00, 0x00, 0x00, 0x00, 0x00, 0x00, 0x00, 0x00, 0x00, 0x00, 0x00, 0x00,
  0x00, 0x00, 0x00, 0x00, 0x00, 0x00, 0x00, 0x00, 0x00, 0x00, 0x00, 0x00,
  0x70, 0x64, 0x5c, 0xfb, 0x67, 0x5b, 0x54, 0xff, 0x67, 0x5b, 0x54, 0xff,
  0x67, 0x5b, 0x54, 0xff, 0x67, 0x5b, 0x54, 0xff, 0x67, 0x5b, 0x54, 0xff,
  0x67, 0x5b, 0x54, 0xff, 0x67, 0x5b, 0x54, 0xff, 0x67, 0x5b, 0x54, 0xff,
  0x67, 0x5b, 0x54, 0xff, 0x67, 0x5b, 0x54, 0xff, 0x6e, 0x62, 0x5b, 0xfe,
  0xe1, 0xdc, 0xd6, 0xfd, 0xec, 0xe7, 0xe3, 0xfe, 0xec, 0xe7, 0xe3, 0xfe,
  0xec, 0xe7, 0xe3, 0xfe, 0xec, 0xe7, 0xe3, 0xfe, 0xec, 0xe7, 0xe3, 0xfe,
  0xec, 0xe7, 0xe3, 0xfe, 0xec, 0xe7, 0xe3, 0xfe, 0xec, 0xe7, 0xe3, 0xfe,
  0xec, 0xe7, 0xe3, 0xfe, 0xec, 0xe7, 0xe3, 0xfe, 0xe2, 0xdc, 0xd7, 0xfd,
  0xe5, 0xdd, 0xd5, 0xfe, 0xe7, 0xe0, 0xd8, 0xff, 0xe7, 0xe0, 0xd8, 0xff,
  0xe7, 0xe0, 0xd8, 0xff, 0xe7, 0xe0, 0xd8, 0xff, 0xe7, 0xe0, 0xd8, 0xff,
  0xe7, 0xe0, 0xd8, 0xff, 0xe7, 0xe0, 0xd8, 0xff, 0xe7, 0xe0, 0xd8, 0xff,
  0xe7, 0xe0, 0xd8, 0xff, 0xe7, 0xe0, 0xd8, 0xff, 0xe3, 0xdc, 0xd3, 0xfa,
  0x00, 0x00, 0x00, 0x00, 0x00, 0x00, 0x00, 0x00, 0x00, 0x00, 0x00, 0x00,
  0x00, 0x00, 0x00, 0x00, 0x00, 0x00, 0x00, 0x00, 0x00, 0x00, 0x00, 0x00,
  0x00, 0x00, 0x00, 0x00, 0x00, 0x00, 0x00, 0x00, 0x00, 0x00, 0x00, 0x00,
  0x00, 0x00, 0x00, 0x00, 0x00, 0x00, 0x00, 0x00, 0x00, 0x00, 0x00, 0x00,
  0x00, 0x00, 0x00, 0x00, 0x00, 0x00, 0x00, 0x00, 0x00, 0x00, 0x00, 0x00,
  0x00, 0x00, 0x00, 0x00, 0x00, 0x00, 0x00, 0x00, 0x00, 0x00, 0x00, 0x00,
  0x00, 0x00, 0x00, 0x00, 0x00, 0x00, 0x00, 0x00, 0x00, 0x00, 0x00, 0x00,
  0x00, 0x00, 0x00, 0x00, 0x00, 0x00, 0x00, 0x00, 0x00, 0x00, 0x00, 0x00,
  0x75, 0x69, 0x61, 0xf4, 0x67, 0x5b, 0x54, 0xff, 0x67, 0x5b, 0x54, 0xff,
  0x67, 0x5b, 0x54, 0xff, 0x67, 0x5b, 0x54, 0xff, 0x67, 0x5b, 0x54, 0xff,
  0x67, 0x5b, 0x54, 0xff, 0x67, 0x5b, 0x54, 0xff, 0x67, 0x5b, 0x54, 0xff,
  0x67, 0x5b, 0x54, 0xff, 0x67, 0x5b, 0x54, 0xff, 0x88, 0x7c, 0x75, 0xfd,
  0xeb, 0xe6, 0xe2, 0xfe, 0xec, 0xe7, 0xe3, 0xfe, 0xec, 0xe7, 0xe3, 0xfe,
  0xec, 0xe7, 0xe3, 0xfe, 0xec, 0xe7, 0xe3, 0xfe, 0xec, 0xe7, 0xe3, 0xfe,
  0xec, 0xe7, 0xe3, 0xfe, 0xec, 0xe7, 0xe3, 0xfe, 0xec, 0xe7, 0xe3, 0xfe,
  0xec, 0xe7, 0xe3, 0xfe, 0xec, 0xe7, 0xe3, 0xfe, 0xeb, 0xe7, 0xe2, 0xfe,
  0xdf, 0xd6, 0xcf, 0xfd, 0xe7, 0xe0, 0xd8, 0xff, 0xe7, 0xe0, 0xd8, 0xff,
  0xe7, 0xe0, 0xd8, 0xff, 0xe7, 0xe0, 0xd8, 0xff, 0xe7, 0xe0, 0xd8, 0xff,
  0xe7, 0xe0, 0xd8, 0xff, 0xe7, 0xe0, 0xd8, 0xff, 0xe7, 0xe0, 0xd8, 0xff,
  0xe7, 0xe0, 0xd8, 0xff, 0xe7, 0xe0, 0xd8, 0xff, 0xe2, 0xda, 0xd2, 0xf3,
  0x00, 0x00, 0x00, 0x00, 0x00, 0x00, 0x00, 0x00, 0x00, 0x00, 0x00, 0x00,
  0x00, 0x00, 0x00, 0x00, 0x00, 0x00, 0x00, 0x00, 0x00, 0x00, 0x00, 0x00,
  0x00, 0x00, 0x00, 0x00, 0x00, 0x00, 0x00, 0x00, 0x00, 0x00, 0x00, 0x00,
  0x00, 0x00, 0x00, 0x00, 0x00, 0x00, 0x00, 0x00, 0x00, 0x00, 0x00, 0x00,
  0x00, 0x00, 0x00, 0x00, 0x00, 0x00, 0x00, 0x00, 0x00, 0x00, 0x00, 0x00,
  0x00, 0x00, 0x00, 0x00, 0x00, 0x00, 0x00, 0x00, 0x00, 0x00, 0x00, 0x00,
  0x00, 0x00, 0x00, 0x00, 0x00, 0x00, 0x00, 0x00, 0x00, 0x00, 0x00, 0x00,
  0x00, 0x00, 0x00, 0x00, 0x00, 0x00, 0x00, 0x00, 0x00, 0x00, 0x00, 0x00,
  0x79, 0x6d, 0x66, 0xec, 0x67, 0x5b, 0x54, 0xff, 0x67, 0x5b, 0x54, 0xff,
  0x67, 0x5b, 0x54, 0xff, 0x67, 0x5b, 0x54, 0xff, 0x67, 0x5b, 0x54, 0xff,
  0x67, 0x5b, 0x54, 0xff, 0x67, 0x5b, 0x54, 0xff, 0x67, 0x5b, 0x54, 0xff,
  0x67, 0x5b, 0x54, 0xff, 0x67, 0x5b, 0x54, 0xff, 0xa3, 0x99, 0x92, 0xfc,
  0xec, 0xe7, 0xe3, 0xfe, 0xec, 0xe7, 0xe3, 0xfe, 0xec, 0xe7, 0xe3, 0xfe,
  0xec, 0xe7, 0xe3, 0xfe, 0xec, 0xe7, 0xe3, 0xfe, 0xec, 0xe7, 0xe3, 0xfe,
  0xec, 0xe7, 0xe3, 0xfe, 0xec, 0xe7, 0xe3, 0xfe, 0xec, 0xe7, 0xe3, 0xfe,
  0xec, 0xe7, 0xe3, 0xfe, 0xec, 0xe7, 0xe3, 0xfe, 0xec, 0xe7, 0xe3, 0xfe,
  0xdb, 0xd2, 0xcb, 0xfc, 0xe7, 0xe0, 0xd8, 0xff, 0xe7, 0xe0, 0xd8, 0xff,
  0xe7, 0xe0, 0xd8, 0xff, 0xe7, 0xe0, 0xd8, 0xff, 0xe7, 0xe0, 0xd8, 0xff,
  0xe7, 0xe0, 0xd8, 0xff, 0xe7, 0xe0, 0xd8, 0xff, 0xe7, 0xe0, 0xd8, 0xff,
  0xe7, 0xe0, 0xd8, 0xff, 0xe7, 0xe0, 0xd8, 0xff, 0xe0, 0xd9, 0xd0, 0xea,
  0x00, 0x00, 0x00, 0x00, 0x00, 0x00, 0x00, 0x00, 0x00, 0x00, 0x00, 0x00,
  0x00, 0x00, 0x00, 0x00, 0x00, 0x00, 0x00, 0x00, 0x00, 0x00, 0x00, 0x00,
  0x00, 0x00, 0x00, 0x00, 0x00, 0x00, 0x00, 0x00, 0x00, 0x00, 0x00, 0x00,
  0x00, 0x00, 0x00, 0x00, 0x00, 0x00, 0x00, 0x00, 0x00, 0x00, 0x00, 0x00,
  0x00, 0x00, 0x00, 0x00, 0x00, 0x00, 0x00, 0x00, 0x00, 0x00, 0x00, 0x00,
  0x00, 0x00, 0x00, 0x00, 0x00, 0x00, 0x00, 0x00, 0x00, 0x00, 0x00, 0x00,
  0x00, 0x00, 0x00, 0x00, 0x00, 0x00, 0x00, 0x00, 0x00, 0x00, 0x00, 0x00,
  0x00, 0x00, 0x00, 0x00, 0x00, 0x00, 0x00, 0x00, 0x00, 0x00, 0x00, 0x00,
  0x7d, 0x71, 0x68, 0xe1, 0x67, 0x5b, 0x54, 0xff, 0x67, 0x5b, 0x54, 0xff,
  0x67, 0x5b, 0x54, 0xff, 0x67, 0x5b, 0x54, 0xff, 0x67, 0x5b, 0x54, 0xff,
  0x67, 0x5b, 0x54, 0xff, 0x67, 0x5b, 0x54, 0xff, 0x67, 0x5b, 0x54, 0xff,
  0x67, 0x5b, 0x54, 0xff, 0x67, 0x5b, 0x54, 0xff, 0xa7, 0x9e, 0x95, 0xfc,
  0xec, 0xe7, 0xe3, 0xfe, 0xec, 0xe7, 0xe3, 0xfe, 0xec, 0xe7, 0xe3, 0xfe,
  0xec, 0xe7, 0xe3, 0xfe, 0xec, 0xe7, 0xe3, 0xfe, 0xec, 0xe7, 0xe3, 0xfe,
  0xec, 0xe7, 0xe3, 0xfe, 0xec, 0xe7, 0xe3, 0xfe, 0xec, 0xe7, 0xe3, 0xfe,
  0xec, 0xe7, 0xe3, 0xfe, 0xec, 0xe7, 0xe3, 0xfe, 0xec, 0xe7, 0xe3, 0xfe,
  0xd7, 0xce, 0xc7, 0xfc, 0xe7, 0xe0, 0xd8, 0xff, 0xe7, 0xe0, 0xd8, 0xff,
  0xe7, 0xe0, 0xd8, 0xff, 0xe7, 0xe0, 0xd8, 0xff, 0xe7, 0xe0, 0xd8, 0xff,
  0xe7, 0xe0, 0xd8, 0xff, 0xe7, 0xe0, 0xd8, 0xff, 0xe7, 0xe0, 0xd8, 0xff,
  0xe7, 0xe0, 0xd8, 0xff, 0xe7, 0xe0, 0xd8, 0xff, 0xdd, 0xd6, 0xce, 0xe0,
  0x00, 0x00, 0x00, 0x00, 0x00, 0x00, 0x00, 0x00, 0x00, 0x00, 0x00, 0x00,
  0x00, 0x00, 0x00, 0x00, 0x00, 0x00, 0x00, 0x00, 0x00, 0x00, 0x00, 0x00,
  0x00, 0x00, 0x00, 0x00, 0x00, 0x00, 0x00, 0x00, 0x00, 0x00, 0x00, 0x00,
  0x00, 0x00, 0x00, 0x00, 0x00, 0x00, 0x00, 0x00, 0x00, 0x00, 0x00, 0x00,
  0x00, 0x00, 0x00, 0x00, 0x00, 0x00, 0x00, 0x00, 0x00, 0x00, 0x00, 0x00,
  0x00, 0x00, 0x00, 0x00, 0x00, 0x00, 0x00, 0x00, 0x00, 0x00, 0x00, 0x00,
  0x00, 0x00, 0x00, 0x00, 0x00, 0x00, 0x00, 0x00, 0x00, 0x00, 0x00, 0x00,
  0x00, 0x00, 0x00, 0x00, 0x00, 0x00, 0x00, 0x00, 0x00, 0x00, 0x00, 0x00,
  0x80, 0x73, 0x6c, 0xd4, 0x67, 0x5b, 0x54, 0xff, 0x67, 0x5b, 0x54, 0xff,
  0x67, 0x5b, 0x54, 0xff, 0x67, 0x5b, 0x54, 0xff, 0x67, 0x5b, 0x54, 0xff,
  0x67, 0x5b, 0x54, 0xff, 0x67, 0x5b, 0x54, 0xff, 0x67, 0x5b, 0x54, 0xff,
  0x67, 0x5b, 0x54, 0xff, 0x67, 0x5b, 0x54, 0xff, 0xa2, 0x97, 0x90, 0xfc,
  0xec, 0xe7, 0xe3, 0xfe, 0xec, 0xe7, 0xe3, 0xfe, 0xec, 0xe7, 0xe3, 0xfe,
  0xec, 0xe7, 0xe3, 0xfe, 0xec, 0xe7, 0xe3, 0xfe, 0xec, 0xe7, 0xe3, 0xfe,
  0xec, 0xe7, 0xe3, 0xfe, 0xec, 0xe7, 0xe3, 0xfe, 0xec, 0xe7, 0xe3, 0xfe,
  0xec, 0xe7, 0xe3, 0xfe, 0xec, 0xe7, 0xe3, 0xfe, 0xec, 0xe7, 0xe3, 0xfe,
  0xd9, 0xd0, 0xc8, 0xfc, 0xe7, 0xe0, 0xd8, 0xff, 0xe7, 0xe0, 0xd8, 0xff,
  0xe7, 0xe0, 0xd8, 0xff, 0xe7, 0xe0, 0xd8, 0xff, 0xe7, 0xe0, 0xd8, 0xff,
  0xe7, 0xe0, 0xd8, 0xff, 0xe7, 0xe0, 0xd8, 0xff, 0xe7, 0xe0, 0xd8, 0xff,
  0xe7, 0xe0, 0xd8, 0xff, 0xe7, 0xe0, 0xd8, 0xff, 0xdd, 0xd6, 0xcc, 0xd2,
  0x00, 0x00, 0x00, 0x00, 0x00, 0x00, 0x00, 0x00, 0x00, 0x00, 0x00, 0x00,
  0x00, 0x00, 0x00, 0x00, 0x00, 0x00, 0x00, 0x00, 0x00, 0x00, 0x00, 0x00,
  0x00, 0x00, 0x00, 0x00, 0x00, 0x00, 0x00, 0x00, 0x00, 0x00, 0x00, 0x00,
  0x00, 0x00, 0x00, 0x00, 0x00, 0x00, 0x00, 0x00, 0x00, 0x00, 0x00, 0x00,
  0x00, 0x00, 0x00, 0x00, 0x00, 0x00, 0x00, 0x00, 0x00, 0x00, 0x00, 0x00,
  0x00, 0x00, 0x00, 0x00, 0x00, 0x00, 0x00, 0x00, 0x00, 0x00, 0x00, 0x00,
  0x00, 0x00, 0x00, 0x00, 0x00, 0x00, 0x00, 0x00, 0x00, 0x00, 0x00, 0x00,
  0x00, 0x00, 0x00, 0x00, 0x00, 0x00, 0x00, 0x00, 0x00, 0x00, 0x00, 0x00,
  0x82, 0x78, 0x6f, 0xc4, 0x67, 0x5b, 0x54, 0xff, 0x67, 0x5b, 0x54, 0xff,
  0x67, 0x5b, 0x54, 0xff, 0x67, 0x5b, 0x54, 0xff, 0x67, 0x5b, 0x54, 0xff,
  0x67, 0x5b, 0x54, 0xff, 0x67, 0x5b, 0x54, 0xff, 0x67, 0x5b, 0x54, 0xff,
  0x67, 0x5b, 0x54, 0xff, 0x67, 0x5b, 0x54, 0xff, 0x99, 0x8f, 0x87, 0xfd,
  0xec, 0xe7, 0xe3, 0xfe, 0xec, 0xe7, 0xe3, 0xfe, 0xec, 0xe7, 0xe3, 0xfe,
  0xec, 0xe7, 0xe3, 0xfe, 0xec, 0xe7, 0xe3, 0xfe, 0xec, 0xe7, 0xe3, 0xfe,
  0xec, 0xe7, 0xe3, 0xfe, 0xec, 0xe7, 0xe3, 0xfe, 0xec, 0xe7, 0xe3, 0xfe,
  0xec, 0xe7, 0xe3, 0xfe, 0xec, 0xe7, 0xe3, 0xfe, 0xec, 0xe7, 0xe3, 0xfe,
  0xd9, 0xd1, 0xca, 0xfc, 0xe7, 0xe0, 0xd8, 0xff, 0xe7, 0xe0, 0xd8, 0xff,
  0xe7, 0xe0, 0xd8, 0xff, 0xe7, 0xe0, 0xd8, 0xff, 0xe7, 0xe0, 0xd8, 0xff,
  0xe7, 0xe0, 0xd8, 0xff, 0xe7, 0xe0, 0xd8, 0xff, 0xe7, 0xe0, 0xd8, 0xff,
  0xe7, 0xe0, 0xd8, 0xff, 0xe7, 0xe0, 0xd8, 0xff, 0xdb, 0xd5, 0xcd, 0xc1,
  0x00, 0x00, 0x00, 0x00, 0x00, 0x00, 0x00, 0x00, 0x00, 0x00, 0x00, 0x00,
  0x00, 0x00, 0x00, 0x00, 0x00, 0x00, 0x00, 0x00, 0x00, 0x00, 0x00, 0x00,
  0x00, 0x00, 0x00, 0x00, 0x00, 0x00, 0x00, 0x00, 0x00, 0x00, 0x00, 0x00,
  0x00, 0x00, 0x00, 0x00, 0x00, 0x00, 0x00, 0x00, 0x00, 0x00, 0x00, 0x00,
  0x00, 0x00, 0x00, 0x00, 0x00, 0x00, 0x00, 0x00, 0x00, 0x00, 0x00, 0x00,
  0x00, 0x00, 0x00, 0x00, 0x00, 0x00, 0x00, 0x00, 0x00, 0x00, 0x00, 0x00,
  0x00, 0x00, 0x00, 0x00, 0x00, 0x00, 0x00, 0x00, 0x00, 0x00, 0x00, 0x00,
  0x00, 0x00, 0x00, 0x00, 0x00, 0x00, 0x00, 0x00, 0x00, 0x00, 0x00, 0x00,
  0x86, 0x79, 0x72, 0xb3, 0x67, 0x5b, 0x54, 0xff, 0x67, 0x5b, 0x54, 0xff,
  0x67, 0x5b, 0x54, 0xff, 0x67, 0x5b, 0x54, 0xff, 0x67, 0x5b, 0x54, 0xff,
  0x67, 0x5b, 0x54, 0xff, 0x67, 0x5b, 0x54, 0xff, 0x67, 0x5b, 0x54, 0xff,
  0x67, 0x5b, 0x54, 0xff, 0x67, 0x5b, 0x54, 0xff, 0x94, 0x89, 0x82, 0xfd,
  0xec, 0xe7, 0xe3, 0xfe, 0xec, 0xe7, 0xe3, 0xfe, 0xec, 0xe7, 0xe3, 0xfe,
  0xec, 0xe7, 0xe3, 0xfe, 0xec, 0xe7, 0xe3, 0xfe, 0xec, 0xe7, 0xe3, 0xfe,
  0xec, 0xe7, 0xe3, 0xfe, 0xec, 0xe7, 0xe3, 0xfe, 0xec, 0xe7, 0xe3, 0xfe,
  0xec, 0xe7, 0xe3, 0xfe, 0xec, 0xe7, 0xe3, 0xfe, 0xec, 0xe7, 0xe3, 0xfe,
  0xdb, 0xd2, 0xca, 0xfd, 0xe7, 0xe0, 0xd8, 0xff, 0xe7, 0xe0, 0xd8, 0xff,
  0xe7, 0xe0, 0xd8, 0xff, 0xe7, 0xe0, 0xd8, 0xff, 0xe7, 0xe0, 0xd8, 0xff,
  0xe7, 0xe0, 0xd8, 0xff, 0xe7, 0xe0, 0xd8, 0xff, 0xe7, 0xe0, 0xd8, 0xff,
  0xe7, 0xe0, 0xd8, 0xff, 0xe7, 0xe0, 0xd8, 0xff, 0xda, 0xd2, 0xca, 0xb1,
  0x00, 0x00, 0x00, 0x00, 0x00, 0x00, 0x00, 0x00, 0x00, 0x00, 0x00, 0x00,
  0x00, 0x00, 0x00, 0x00, 0x00, 0x00, 0x00, 0x00, 0x00, 0x00, 0x00, 0x00,
  0x00, 0x00, 0x00, 0x00, 0x00, 0x00, 0x00, 0x00, 0x00, 0x00, 0x00, 0x00,
  0x00, 0x00, 0x00, 0x00, 0x00, 0x00, 0x00, 0x00, 0x00, 0x00, 0x00, 0x00,
  0x00, 0x00, 0x00, 0x00, 0x00, 0x00, 0x00, 0x00, 0x00, 0x00, 0x00, 0x00,
  0x00, 0x00, 0x00, 0x00, 0x00, 0x00, 0x00, 0x00, 0x00, 0x00, 0x00, 0x00,
  0x00, 0x00, 0x00, 0x00, 0x00, 0x00, 0x00, 0x00, 0x00, 0x00, 0x00, 0x00,
  0x00, 0x00, 0x00, 0x00, 0x00, 0x00, 0x00, 0x00, 0x00, 0x00, 0x00, 0x00,
  0x88, 0x7d, 0x75, 0x9d, 0x67, 0x5b, 0x54, 0xff, 0x67, 0x5b, 0x54, 0xff,
  0x67, 0x5b, 0x54, 0xff, 0x67, 0x5b, 0x54, 0xff, 0x67, 0x5b, 0x54, 0xff,
  0x67, 0x5b, 0x54, 0xff, 0x67, 0x5b, 0x54, 0xff, 0x67, 0x5b, 0x54, 0xff,
  0x67, 0x5b, 0x54, 0xff, 0x67, 0x5b, 0x54, 0xff, 0x8e, 0x83, 0x7c, 0xfd,
  0xec, 0xe7, 0xe3, 0xfe, 0xec, 0xe7, 0xe3, 0xfe, 0xec, 0xe7, 0xe3, 0xfe,
  0xec, 0xe7, 0xe3, 0xfe, 0xec, 0xe7, 0xe3, 0xfe, 0xec, 0xe7, 0xe3, 0xfe,
  0xec, 0xe7, 0xe3, 0xfe, 0xec, 0xe7, 0xe3, 0xfe, 0xec, 0xe7, 0xe3, 0xfe,
  0xec, 0xe7, 0xe3, 0xfe, 0xec, 0xe7, 0xe3, 0xfe, 0xec, 0xe7, 0xe3, 0xfe,
  0xdb, 0xd3, 0xcc, 0xfd, 0xe7, 0xe0, 0xd8, 0xff, 0xe7, 0xe0, 0xd8, 0xff,
  0xe7, 0xe0, 0xd8, 0xff, 0xe7, 0xe0, 0xd8, 0xff, 0xe7, 0xe0, 0xd8, 0xff,
  0xe7, 0xe0, 0xd8, 0xff, 0xe7, 0xe0, 0xd8, 0xff, 0xe7, 0xe0, 0xd8, 0xff,
  0xe7, 0xe0, 0xd8, 0xff, 0xe7, 0xe0, 0xd8, 0xff, 0xd8, 0xd1, 0xc9, 0x9b,
  0x00, 0x00, 0x00, 0x00, 0x00, 0x00, 0x00, 0x00, 0x00, 0x00, 0x00, 0x00,
  0x00, 0x00, 0x00, 0x00, 0x00, 0x00, 0x00, 0x00, 0x00, 0x00, 0x00, 0x00,
  0x00, 0x00, 0x00, 0x00, 0x00, 0x00, 0x00, 0x00, 0x00, 0x00, 0x00, 0x00,
  0x00, 0x00, 0x00, 0x00, 0x00, 0x00, 0x00, 0x00, 0x00, 0x00, 0x00, 0x00,
  0x00, 0x00, 0x00, 0x00, 0x00, 0x00, 0x00, 0x00, 0x00, 0x00, 0x00, 0x00,
  0x00, 0x00, 0x00, 0x00, 0x00, 0x00, 0x00, 0x00, 0x00, 0x00, 0x00, 0x00,
  0x00, 0x00, 0x00, 0x00, 0x00, 0x00, 0x00, 0x00, 0x00, 0x00, 0x00, 0x00,
  0x00, 0x00, 0x00, 0x00, 0x00, 0x00, 0x00, 0x00, 0x00, 0x00, 0x00, 0x00,
  0x8b, 0x80, 0x78, 0x86, 0x67, 0x5b, 0x54, 0xff, 0x67, 0x5b, 0x54, 0xff,
  0x67, 0x5b, 0x54, 0xff, 0x67, 0x5b, 0x54, 0xff, 0x67, 0x5b, 0x54, 0xff,
  0x67, 0x5b, 0x54, 0xff, 0x67, 0x5b, 0x54, 0xff, 0x67, 0x5b, 0x54, 0xff,
  0x67, 0x5b, 0x54, 0xff, 0x67, 0x5b, 0x54, 0xff, 0x86, 0x7c, 0x74, 0xfd,
  0xec, 0xe7, 0xe3, 0xfe, 0xec, 0xe7, 0xe3, 0xfe, 0xec, 0xe7, 0xe3, 0xfe,
  0xec, 0xe7, 0xe3, 0xfe, 0xec, 0xe7, 0xe3, 0xfe, 0xec, 0xe7, 0xe3, 0xfe,
  0xec, 0xe7, 0xe3, 0xfe, 0xec, 0xe7, 0xe3, 0xfe, 0xec, 0xe7, 0xe3, 0xfe,
  0xec, 0xe7, 0xe3, 0xfe, 0xec, 0xe7, 0xe3, 0xfe, 0xec, 0xe7, 0xe3, 0xfe,
  0xdd, 0xd5, 0xcd, 0xfd, 0xe7, 0xe0, 0xd8, 0xff, 0xe7, 0xe0, 0xd8, 0xff,
  0xe7, 0xe0, 0xd8, 0xff, 0xe7, 0xe0, 0xd8, 0xff, 0xe7, 0xe0, 0xd8, 0xff,
  0xe7, 0xe0, 0xd8, 0xff, 0xe7, 0xe0, 0xd8, 0xff, 0xe7, 0xe0, 0xd8, 0xff,
  0xe7, 0xe0, 0xd8, 0xff, 0xe7, 0xe0, 0xd8, 0xff, 0xda, 0xd2, 0xc8, 0x83,
  0x00, 0x00, 0x00, 0x00, 0x00, 0x00, 0x00, 0x00, 0x00, 0x00, 0x00, 0x00,
  0x00, 0x00, 0x00, 0x00, 0x00, 0x00, 0x00, 0x00, 0x00, 0x00, 0x00, 0x00,
  0x00, 0x00, 0x00, 0x00, 0x00, 0x00, 0x00, 0x00, 0x00, 0x00, 0x00, 0x00,
  0x00, 0x00, 0x00, 0x00, 0x00, 0x00, 0x00, 0x00, 0x00, 0x00, 0x00, 0x00,
  0x00, 0x00, 0x00, 0x00, 0x00, 0x00, 0x00, 0x00, 0x00, 0x00, 0x00, 0x00,
  0x00, 0x00, 0x00, 0x00, 0x00, 0x00, 0x00, 0x00, 0x00, 0x00, 0x00, 0x00,
  0x00, 0x00, 0x00, 0x00, 0x00, 0x00, 0x00, 0x00, 0x00, 0x00, 0x00, 0x00,
  0x00, 0x00, 0x00, 0x00, 0x00, 0x00, 0x00, 0x00, 0x00, 0x00, 0x00, 0x00,
  0x8c, 0x81, 0x7a, 0x6d, 0x67, 0x5b, 0x54, 0xff, 0x67, 0x5b, 0x54, 0xff,
  0x67, 0x5b, 0x54, 0xff, 0x67, 0x5b, 0x54, 0xff, 0x67, 0x5b, 0x54, 0xff,
  0x67, 0x5b, 0x54, 0xff, 0x67, 0x5b, 0x54, 0xff, 0x67, 0x5b, 0x54, 0xff,
  0x67, 0x5b, 0x54, 0xff, 0x67, 0x5b, 0x54, 0xff, 0x81, 0x74, 0x6d, 0xfe,
  0xec, 0xe7, 0xe3, 0xfe, 0xec, 0xe7, 0xe3, 0xfe, 0xec, 0xe7, 0xe3, 0xfe,
  0xec, 0xe7, 0xe3, 0xfe, 0xec, 0xe7, 0xe3, 0xfe, 0xec, 0xe7, 0xe3, 0xfe,
  0xec, 0xe7, 0xe3, 0xfe, 0xec, 0xe7, 0xe3, 0xfe, 0xec, 0xe7, 0xe3, 0xfe,
  0xec, 0xe7, 0xe3, 0xfe, 0xec, 0xe7, 0xe3, 0xfe, 0xec, 0xe7, 0xe3, 0xfe,
  0xde, 0xd6, 0xcf, 0xfd, 0xe7, 0xe0, 0xd8, 0xff, 0xe7, 0xe0, 0xd8, 0xff,
  0xe7, 0xe0, 0xd8, 0xff, 0xe7, 0xe0, 0xd8, 0xff, 0xe7, 0xe0, 0xd8, 0xff,
  0xe7, 0xe0, 0xd8, 0xff, 0xe7, 0xe0, 0xd8, 0xff, 0xe7, 0xe0, 0xd8, 0xff,
  0xe7, 0xe0, 0xd8, 0xff, 0xe7, 0xe0, 0xd8, 0xff, 0xd6, 0xcf, 0xc6, 0x6b,
  0x00, 0x00, 0x00, 0x00, 0x00, 0x00, 0x00, 0x00, 0x00, 0x00, 0x00, 0x00,
  0x00, 0x00, 0x00, 0x00, 0x00, 0x00, 0x00, 0x00, 0x00, 0x00, 0x00, 0x00,
  0x00, 0x00, 0x00, 0x00, 0x00, 0x00, 0x00, 0x00, 0x00, 0x00, 0x00, 0x00,
  0x00, 0x00, 0x00, 0x00, 0x00, 0x00, 0x00, 0x00, 0x00, 0x00, 0x00, 0x00,
  0x00, 0x00, 0x00, 0x00, 0x00, 0x00, 0x00, 0x00, 0x00, 0x00, 0x00, 0x00,
  0x00, 0x00, 0x00, 0x00, 0x00, 0x00, 0x00, 0x00, 0x00, 0x00, 0x00, 0x00,
  0x00, 0x00, 0x00, 0x00, 0x00, 0x00, 0x00, 0x00, 0x00, 0x00, 0x00, 0x00,
  0x00, 0x00, 0x00, 0x00, 0x00, 0x00, 0x00, 0x00, 0x00, 0x00, 0x00, 0x00,
  0x8e, 0x81, 0x7e, 0x51, 0x67, 0x5b, 0x54, 0xff, 0x67, 0x5b, 0x54, 0xff,
  0x67, 0x5b, 0x54, 0xff, 0x67, 0x5b, 0x54, 0xff, 0x67, 0x5b, 0x54, 0xff,
  0x67, 0x5b, 0x54, 0xff, 0x67, 0x5b, 0x54, 0xff, 0x67, 0x5b, 0x54, 0xff,
  0x67, 0x5b, 0x54, 0xff, 0x67, 0x5b, 0x54, 0xff, 0x79, 0x6e, 0x66, 0xfe,
  0xeb, 0xe7, 0xe2, 0xfe, 0xec, 0xe7, 0xe3, 0xfe, 0xec, 0xe7, 0xe3, 0xfe,
  0xec, 0xe7, 0xe3, 0xfe, 0xec, 0xe7, 0xe3, 0xfe, 0xec, 0xe7, 0xe3, 0xfe,
  0xec, 0xe7, 0xe3, 0xfe, 0xec, 0xe7, 0xe3, 0xfe, 0xec, 0xe7, 0xe3, 0xfe,
  0xec, 0xe7, 0xe3, 0xfe, 0xec, 0xe7, 0xe3, 0xfe, 0xeb, 0xe7, 0xe2, 0xfe,
  0xdf, 0xd8, 0xd0, 0xfe, 0xe7, 0xe0, 0xd8, 0xff, 0xe7, 0xe0, 0xd8, 0xff,
  0xe7, 0xe0, 0xd8, 0xff, 0xe7, 0xe0, 0xd8, 0xff, 0xe7, 0xe0, 0xd8, 0xff,
  0xe7, 0xe0, 0xd8, 0xff, 0xe7, 0xe0, 0xd8, 0xff, 0xe7, 0xe0, 0xd8, 0xff,
  0xe7, 0xe0, 0xd8, 0xff, 0xe7, 0xe0, 0xd8, 0xff, 0xd8, 0xd2, 0xc5, 0x4f,
  0x00, 0x00, 0x00, 0x00, 0x00, 0x00, 0x00, 0x00, 0x00, 0x00, 0x00, 0x00,
  0x00, 0x00, 0x00, 0x00, 0x00, 0x00, 0x00, 0x00, 0x00, 0x00, 0x00, 0x00,
  0x00, 0x00, 0x00, 0x00, 0x00, 0x00, 0x00, 0x00, 0x00, 0x00, 0x00, 0x00,
  0x00, 0x00, 0x00, 0x00, 0x00, 0x00, 0x00, 0x00, 0x00, 0x00, 0x00, 0x00,
  0x00, 0x00, 0x00, 0x00, 0x00, 0x00, 0x00, 0x00, 0x00, 0x00, 0x00, 0x00,
  0x00, 0x00, 0x00, 0x00, 0x00, 0x00, 0x00, 0x00, 0x00, 0x00, 0x00, 0x00,
  0x00, 0x00, 0x00, 0x00, 0x00, 0x00, 0x00, 0x00, 0x00, 0x00, 0x00, 0x00,
  0x00, 0x00, 0x00, 0x00, 0x00, 0x00, 0x00, 0x00, 0x00, 0x00, 0x00, 0x00,
  0x92, 0x87, 0x7d, 0x31, 0x67, 0x5b, 0x54, 0xff, 0x67, 0x5b, 0x54, 0xff,
  0x67, 0x5b, 0x54, 0xff, 0x67, 0x5b, 0x54, 0xff, 0x67, 0x5b, 0x54, 0xff,
  0x67, 0x5b, 0x54, 0xff, 0x67, 0x5b, 0x54, 0xff, 0x67, 0x5b, 0x54, 0xff,
  0x67, 0x5b, 0x54, 0xff, 0x67, 0x5b, 0x54, 0xff, 0x75, 0x69, 0x61, 0xfe,
  0xeb, 0xe6, 0xe2, 0xfd, 0xec, 0xe7, 0xe3, 0xfe, 0xec, 0xe7, 0xe3, 0xfe,
  0xec, 0xe7, 0xe3, 0xfe, 0xec, 0xe7, 0xe3, 0xfe, 0xec, 0xe7, 0xe3, 0xfe,
  0xec, 0xe7, 0xe3, 0xfe, 0xec, 0xe7, 0xe3, 0xfe, 0xec, 0xe7, 0xe3, 0xfe,
  0xec, 0xe7, 0xe3, 0xfe, 0xec, 0xe7, 0xe3, 0xfe, 0xeb, 0xe6, 0xe2, 0xfd,
  0xe2, 0xda, 0xd2, 0xfe, 0xe7, 0xe0, 0xd8, 0xff, 0xe7, 0xe0, 0xd8, 0xff,
  0xe7, 0xe0, 0xd8, 0xff, 0xe7, 0xe0, 0xd8, 0xff, 0xe7, 0xe0, 0xd8, 0xff,
  0xe7, 0xe0, 0xd8, 0xff, 0xe7, 0xe0, 0xd8, 0xff, 0xe7, 0xe0, 0xd8, 0xff,
  0xe7, 0xe0, 0xd8, 0xff, 0xe7, 0xe0, 0xd8, 0xff, 0xd4, 0xce, 0xc3, 0x2f,
  0x00, 0x00, 0x00, 0x00, 0x00, 0x00, 0x00, 0x00, 0x00, 0x00, 0x00, 0x00,
  0x00, 0x00, 0x00, 0x00, 0x00, 0x00, 0x00, 0x00, 0x00, 0x00, 0x00, 0x00,
  0x00, 0x00, 0x00, 0x00, 0x00, 0x00, 0x00, 0x00, 0x00, 0x00, 0x00, 0x00,
  0x00, 0x00, 0x00, 0x00, 0x00, 0x00, 0x00, 0x00, 0x00, 0x00, 0x00, 0x00,
  0x00, 0x00, 0x00, 0x00, 0x00, 0x00, 0x00, 0x00, 0x00, 0x00, 0x00, 0x00,
  0x00, 0x00, 0x00, 0x00, 0x00, 0x00, 0x00, 0x00, 0x00, 0x00, 0x00, 0x00,
  0x00, 0x00, 0x00, 0x00, 0x00, 0x00, 0x00, 0x00, 0x00, 0x00, 0x00, 0x00,
  0x00, 0x00, 0x00, 0x00, 0x00, 0x00, 0x00, 0x00, 0x00, 0x00, 0x00, 0x00,
  0x8f, 0x8f, 0x70, 0x10, 0x67, 0x5b, 0x54, 0xff, 0x67, 0x5b, 0x54, 0xff,
  0x67, 0x5b, 0x54, 0xff, 0x67, 0x5b, 0x54, 0xff, 0x67, 0x5b, 0x54, 0xff,
  0x67, 0x5b, 0x54, 0xff, 0x67, 0x5b, 0x54, 0xff, 0x67, 0x5b, 0x54, 0xff,
  0x67, 0x5b, 0x54, 0xff, 0x67, 0x5b, 0x54, 0xff, 0x70, 0x64, 0x5c, 0xfe,
  0xea, 0xe5, 0xe1, 0xfd, 0xec, 0xe7, 0xe3, 0xfe, 0xec, 0xe7, 0xe3, 0xfe,
  0xec, 0xe7, 0xe3, 0xfe, 0xec, 0xe7, 0xe3, 0xfe, 0xec, 0xe7, 0xe3, 0xfe,
  0xec, 0xe7, 0xe3, 0xfe, 0xec, 0xe7, 0xe3, 0xfe, 0xec, 0xe7, 0xe3, 0xfe,
  0xec, 0xe7, 0xe3, 0xfe, 0xec, 0xe7, 0xe3, 0xfe, 0xeb, 0xe6, 0xe1, 0xfd,
  0xe4, 0xdd, 0xd5, 0xfe, 0xe7, 0xe0, 0xd8, 0xff, 0xe7, 0xe0, 0xd8, 0xff,
  0xe7, 0xe0, 0xd8, 0xff, 0xe7, 0xe0, 0xd8, 0xff, 0xe7, 0xe0, 0xd8, 0xff,
  0xe7, 0xe0, 0xd8, 0xff, 0xe7, 0xe0, 0xd8, 0xff, 0xe7, 0xe0, 0xd8, 0xff,
  0xe7, 0xe0, 0xd8, 0xff, 0xe7, 0xe0, 0xd8, 0xff, 0xcf, 0xcf, 0xaf, 0x10,
  0x00, 0x00, 0x00, 0x00, 0x00, 0x00, 0x00, 0x00, 0x00, 0x00, 0x00, 0x00,
  0x00, 0x00, 0x00, 0x00, 0x00, 0x00, 0x00, 0x00, 0x00, 0x00, 0x00, 0x00,
  0x00, 0x00, 0x00, 0x00, 0x00, 0x00, 0x00, 0x00, 0x00, 0x00, 0x00, 0x00,
  0x00, 0x00, 0x00, 0x00, 0x00, 0x00, 0x00, 0x00, 0x00, 0x00, 0x00, 0x00,
  0x00, 0x00, 0x00, 0x00, 0x00, 0x00, 0x00, 0x00, 0x00, 0x00, 0x00, 0x00,
  0x00, 0x00, 0x00, 0x00, 0x00, 0x00, 0x00, 0x00, 0x00, 0x00, 0x00, 0x00,
  0x00, 0x00, 0x00, 0x00, 0x00, 0x00, 0x00, 0x00, 0x00, 0x00, 0x00, 0x00,
  0x00, 0x00, 0x00, 0x00, 0x00, 0x00, 0x00, 0x00, 0x00, 0x00, 0x00, 0x00,
  0x00, 0x00, 0x00, 0x00, 0x6b, 0x5e, 0x56, 0xfe, 0x67, 0x5b, 0x54, 0xff,
  0x67, 0x5b, 0x54, 0xff, 0x67, 0x5b, 0x54, 0xff, 0x67, 0x5b, 0x54, 0xff,
  0x67, 0x5b, 0x54, 0xff, 0x67, 0x5b, 0x54, 0xff, 0x67, 0x5b, 0x54, 0xff,
  0x67, 0x5b, 0x54, 0xff, 0x67, 0x5b, 0x54, 0xff, 0x6b, 0x60, 0x58, 0xff,
  0xe9, 0xe4, 0xdf, 0xfd, 0xec, 0xe7, 0xe3, 0xfe, 0xec, 0xe7, 0xe3, 0xfe,
  0xec, 0xe7, 0xe3, 0xfe, 0xec, 0xe7, 0xe3, 0xfe, 0xec, 0xe7, 0xe3, 0xfe,
  0xec, 0xe7, 0xe3, 0xfe, 0xec, 0xe7, 0xe3, 0xfe, 0xec, 0xe7, 0xe3, 0xfe,
  0xec, 0xe7, 0xe3, 0xfe, 0xec, 0xe7, 0xe3, 0xfe, 0xe8, 0xe3, 0xdf, 0xfd,
  0xe6, 0xde, 0xd6, 0xfe, 0xe7, 0xe0, 0xd8, 0xff, 0xe7, 0xe0, 0xd8, 0xff,
  0xe7, 0xe0, 0xd8, 0xff, 0xe7, 0xe0, 0xd8, 0xff, 0xe7, 0xe0, 0xd8, 0xff,
  0xe7, 0xe0, 0xd8, 0xff, 0xe7, 0xe0, 0xd8, 0xff, 0xe7, 0xe0, 0xd8, 0xff,
  0xe7, 0xe0, 0xd8, 0xff, 0xe5, 0xde, 0xd6, 0xfe, 0x00, 0x00, 0x00, 0x00,
  0x00, 0x00, 0x00, 0x00, 0x00, 0x00, 0x00, 0x00, 0x00, 0x00, 0x00, 0x00,
  0x00, 0x00, 0x00, 0x00, 0x00, 0x00, 0x00, 0x00, 0x00, 0x00, 0x00, 0x00,
  0x00, 0x00, 0x00, 0x00, 0x00, 0x00, 0x00, 0x00, 0x00, 0x00, 0x00, 0x00,
  0x00, 0x00, 0x00, 0x00, 0x00, 0x00, 0x00, 0x00, 0x00, 0x00, 0x00, 0x00,
  0x00, 0x00, 0x00, 0x00, 0x00, 0x00, 0x00, 0x00, 0x00, 0x00, 0x00, 0x00,
  0x00, 0x00, 0x00, 0x00, 0x00, 0x00, 0x00, 0x00, 0x00, 0x00, 0x00, 0x00,
  0x00, 0x00, 0x00, 0x00, 0x00, 0x00, 0x00, 0x00, 0x00, 0x00, 0x00, 0x00,
  0x00, 0x00, 0x00, 0x00, 0x00, 0x00, 0x00, 0x00, 0x00, 0x00, 0x00, 0x00,
  0x00, 0x00, 0x00, 0x00, 0x70, 0x64, 0x5c, 0xfb, 0x67, 0x5b, 0x54, 0xff,
  0x67, 0x5b, 0x54, 0xff, 0x67, 0x5b, 0x54, 0xff, 0x67, 0x5b, 0x54, 0xff,
  0x67, 0x5b, 0x54, 0xff, 0x67, 0x5b, 0x54, 0xff, 0x67, 0x5b, 0x54, 0xff,
  0x67, 0x5b, 0x54, 0xff, 0x67, 0x5b, 0x54, 0xff, 0x68, 0x5c, 0x54, 0xff,
  0xe8, 0xe3, 0xdd, 0xfd, 0xec, 0xe7, 0xe3, 0xfe, 0xec, 0xe7, 0xe3, 0xfe,
  0xec, 0xe7, 0xe3, 0xfe, 0xec, 0xe7, 0xe3, 0xfe, 0xec, 0xe7, 0xe3, 0xfe,
  0xec, 0xe7, 0xe3, 0xfe, 0xec, 0xe7, 0xe3, 0xfe, 0xec, 0xe7, 0xe3, 0xfe,
  0xec, 0xe7, 0xe3, 0xfe, 0xec, 0xe7, 0xe3, 0xfe, 0xe8, 0xe3, 0xdd, 0xfd,
  0xe7, 0xdf, 0xd8, 0xff, 0xe7, 0xe0, 0xd8, 0xff, 0xe7, 0xe0, 0xd8, 0xff,
  0xe7, 0xe0, 0xd8, 0xff, 0xe7, 0xe0, 0xd8, 0xff, 0xe7, 0xe0, 0xd8, 0xff,
  0xe7, 0xe0, 0xd8, 0xff, 0xe7, 0xe0, 0xd8, 0xff, 0xe7, 0xe0, 0xd8, 0xff,
  0xe7, 0xe0, 0xd8, 0xff, 0xe3, 0xdc, 0xd3, 0xfa, 0x00, 0x00, 0x00, 0x00,
  0x00, 0x00, 0x00, 0x00, 0x00, 0x00, 0x00, 0x00, 0x00, 0x00, 0x00, 0x00,
  0x00, 0x00, 0x00, 0x00, 0x00, 0x00, 0x00, 0x00, 0x00, 0x00, 0x00, 0x00,
  0x00, 0x00, 0x00, 0x00, 0x00, 0x00, 0x00, 0x00, 0x00, 0x00, 0x00, 0x00,
  0x00, 0x00, 0x00, 0x00, 0x00, 0x00, 0x00, 0x00, 0x00, 0x00, 0x00, 0x00,
  0x00, 0x00, 0x00, 0x00, 0x00, 0x00, 0x00, 0x00, 0x00, 0x00, 0x00, 0x00,
  0x00, 0x00, 0x00, 0x00, 0x00, 0x00, 0x00, 0x00, 0x00, 0x00, 0x00, 0x00,
  0x00, 0x00, 0x00, 0x00, 0x00, 0x00, 0x00, 0x00, 0x00, 0x00, 0x00, 0x00,
  0x00, 0x00, 0x00, 0x00, 0x00, 0x00, 0x00, 0x00, 0x00, 0x00, 0x00, 0x00,
  0x00, 0x00, 0x00, 0x00, 0x75, 0x69, 0x61, 0xf4, 0x67, 0x5b, 0x54, 0xff,
  0x67, 0x5b, 0x54, 0xff, 0x67, 0x5b, 0x54, 0xff, 0x67, 0x5b, 0x54, 0xff,
  0x67, 0x5b, 0x54, 0xff, 0x67, 0x5b, 0x54, 0xff, 0x67, 0x5b, 0x54, 0xff,
  0x67, 0x5b, 0x54, 0xff, 0x67, 0x5b, 0x54, 0xff, 0x67, 0x5b, 0x54, 0xff,
  0xe6, 0xe0, 0xdb, 0xfd, 0xec, 0xe7, 0xe3, 0xfe, 0xec, 0xe7, 0xe3, 0xfe,
  0xec, 0xe7, 0xe3, 0xfe, 0xec, 0xe7, 0xe3, 0xfe, 0xec, 0xe7, 0xe3, 0xfe,
  0xec, 0xe7, 0xe3, 0xfe, 0xec, 0xe7, 0xe3, 0xfe, 0xec, 0xe7, 0xe3, 0xfe,
  0xec, 0xe7, 0xe3, 0xfe, 0xec, 0xe7, 0xe3, 0xfe, 0xe7, 0xe2, 0xdd, 0xfd,
  0xe7, 0xe0, 0xd8, 0xff, 0xe7, 0xe0, 0xd8, 0xff, 0xe7, 0xe0, 0xd8, 0xff,
  0xe7, 0xe0, 0xd8, 0xff, 0xe7, 0xe0, 0xd8, 0xff, 0xe7, 0xe0, 0xd8, 0xff,
  0xe7, 0xe0, 0xd8, 0xff, 0xe7, 0xe0, 0xd8, 0xff, 0xe7, 0xe0, 0xd8, 0xff,
  0xe7, 0xe0, 0xd8, 0xff, 0xe2, 0xda, 0xd2, 0xf3, 0x00, 0x00, 0x00, 0x00,
  0x00, 0x00, 0x00, 0x00, 0x00, 0x00, 0x00, 0x00, 0x00, 0x00, 0x00, 0x00,
  0x00, 0x00, 0x00, 0x00, 0x00, 0x00, 0x00, 0x00, 0x00, 0x00, 0x00, 0x00,
  0x00, 0x00, 0x00, 0x00, 0x00, 0x00, 0x00, 0x00, 0x00, 0x00, 0x00, 0x00,
  0x00, 0x00, 0x00, 0x00, 0x00, 0x00, 0x00, 0x00, 0x00, 0x00, 0x00, 0x00,
  0x00, 0x00, 0x00, 0x00, 0x00, 0x00, 0x00, 0x00, 0x00, 0x00, 0x00, 0x00,
  0x00, 0x00, 0x00, 0x00, 0x00, 0x00, 0x00, 0x00, 0x00, 0x00, 0x00, 0x00,
  0x00, 0x00, 0x00, 0x00, 0x00, 0x00, 0x00, 0x00, 0x00, 0x00, 0x00, 0x00,
  0x00, 0x00, 0x00, 0x00, 0x00, 0x00, 0x00, 0x00, 0x00, 0x00, 0x00, 0x00,
  0x00, 0x00, 0x00, 0x00, 0x79, 0x6d, 0x66, 0xec, 0x67, 0x5b, 0x54, 0xff,
  0x67, 0x5b, 0x54, 0xff, 0x67, 0x5b, 0x54, 0xff, 0x67, 0x5b, 0x54, 0xff,
  0x67, 0x5b, 0x54, 0xff, 0x67, 0x5b, 0x54, 0xff, 0x67, 0x5b, 0x54, 0xff,
  0x67, 0x5b, 0x54, 0xff, 0x67, 0x5b, 0x54, 0xff, 0x67, 0x5b, 0x54, 0xff,
  0xe2, 0xdd, 0xd8, 0xfd, 0xec, 0xe7, 0xe3, 0xfe, 0xec, 0xe7, 0xe3, 0xfe,
  0xec, 0xe7, 0xe3, 0xfe, 0xec, 0xe7, 0xe3, 0xfe, 0xec, 0xe7, 0xe3, 0xfe,
  0xec, 0xe7, 0xe3, 0xfe, 0xec, 0xe7, 0xe3, 0xfe, 0xec, 0xe7, 0xe3, 0xfe,
  0xec, 0xe7, 0xe3, 0xfe, 0xec, 0xe7, 0xe3, 0xfe, 0xe8, 0xe2, 0xdd, 0xfd,
  0xe7, 0xe0, 0xd8, 0xff, 0xe7, 0xe0, 0xd8, 0xff, 0xe7, 0xe0, 0xd8, 0xff,
  0xe7, 0xe0, 0xd8, 0xff, 0xe7, 0xe0, 0xd8, 0xff, 0xe7, 0xe0, 0xd8, 0xff,
  0xe7, 0xe0, 0xd8, 0xff, 0xe7, 0xe0, 0xd8, 0xff, 0xe7, 0xe0, 0xd8, 0xff,
  0xe7, 0xe0, 0xd8, 0xff, 0xe0, 0xd9, 0xd0, 0xea, 0x00, 0x00, 0x00, 0x00,
  0x00, 0x00, 0x00, 0x00, 0x00, 0x00, 0x00, 0x00, 0x00, 0x00, 0x00, 0x00,
  0x00, 0x00, 0x00, 0x00, 0x00, 0x00, 0x00, 0x00, 0x00, 0x00, 0x00, 0x00,
  0x00, 0x00, 0x00, 0x00, 0x00, 0x00, 0x00, 0x00, 0x00, 0x00, 0x00, 0x00,
  0x00, 0x00, 0x00, 0x00, 0x00, 0x00, 0x00, 0x00, 0x00, 0x00, 0x00, 0x00,
  0x00, 0x00, 0x00, 0x00, 0x00, 0x00, 0x00, 0x00, 0x00, 0x00, 0x00, 0x00,
  0x00, 0x00, 0x00, 0x00, 0x00, 0x00, 0x00, 0x00, 0x00, 0x00, 0x00, 0x00,
  0x00, 0x00, 0x00, 0x00, 0x00, 0x00, 0x00, 0x00, 0x00, 0x00, 0x00, 0x00,
  0x00, 0x00, 0x00, 0x00, 0x00, 0x00, 0x00, 0x00, 0x00, 0x00, 0x00, 0x00,
  0x00, 0x00, 0x00, 0x00, 0x7d, 0x71, 0x68, 0xe1, 0x67, 0x5b, 0x54, 0xff,
  0x67, 0x5b, 0x54, 0xff, 0x67, 0x5b, 0x54, 0xff, 0x67, 0x5b, 0x54, 0xff,
  0x67, 0x5b, 0x54, 0xff, 0x67, 0x5b, 0x54, 0xff, 0x67, 0x5b, 0x54, 0xff,
  0x67, 0x5b, 0x54, 0xff, 0x67, 0x5b, 0x54, 0xff, 0x67, 0x5b, 0x54, 0xff,
  0xdf, 0xda, 0xd4, 0xfd, 0xec, 0xe7, 0xe3, 0xfe, 0xec, 0xe7, 0xe3, 0xfe,
  0xec, 0xe7, 0xe3, 0xfe, 0xec, 0xe7, 0xe3, 0xfe, 0xec, 0xe7, 0xe3, 0xfe,
  0xec, 0xe7, 0xe3, 0xfe, 0xec, 0xe7, 0xe3, 0xfe, 0xec, 0xe7, 0xe3, 0xfe,
  0xec, 0xe7, 0xe3, 0xfe, 0xec, 0xe7, 0xe3, 0xfe, 0xe6, 0xe2, 0xdc, 0xfd,
  0xe7, 0xe0, 0xd8, 0xff, 0xe7, 0xe0, 0xd8, 0xff, 0xe7, 0xe0, 0xd8, 0xff,
  0xe7, 0xe0, 0xd8, 0xff, 0xe7, 0xe0, 0xd8, 0xff, 0xe7, 0xe0, 0xd8, 0xff,
  0xe7, 0xe0, 0xd8, 0xff, 0xe7, 0xe0, 0xd8, 0xff, 0xe7, 0xe0, 0xd8, 0xff,
  0xe7, 0xe0, 0xd8, 0xff, 0xdd, 0xd6, 0xce, 0xe0, 0x00, 0x00, 0x00, 0x00,
  0x00, 0x00, 0x00, 0x00, 0x00, 0x00, 0x00, 0x00, 0x00, 0x00, 0x00, 0x00,
  0x00, 0x00, 0x00, 0x00, 0x00, 0x00, 0x00, 0x00, 0x00, 0x00, 0x00, 0x00,
  0x00, 0x00, 0x00, 0x00, 0x00, 0x00, 0x00, 0x00, 0x00, 0x00, 0x00, 0x00,
  0x00, 0x00, 0x00, 0x00, 0x00, 0x00, 0x00, 0x00, 0x00, 0x00, 0x00, 0x00,
  0x00, 0x00, 0x00, 0x00, 0x00, 0x00, 0x00, 0x00, 0x00, 0x00, 0x00, 0x00,
  0x00, 0x00, 0x00, 0x00, 0x00, 0x00, 0x00, 0x00, 0x00, 0x00, 0x00, 0x00,
  0x00, 0x00, 0x00, 0x00, 0x00, 0x00, 0x00, 0x00, 0x00, 0x00, 0x00, 0x00,
  0x00, 0x00, 0x00, 0x00, 0x00, 0x00, 0x00, 0x00, 0x00, 0x00, 0x00, 0x00,
  0x00, 0x00, 0x00, 0x00, 0x80, 0x73, 0x6c, 0xd4, 0x67, 0x5b, 0x54, 0xff,
  0x67, 0x5b, 0x54, 0xff, 0x67, 0x5b, 0x54, 0xff, 0x67, 0x5b, 0x54, 0xff,
  0x67, 0x5b, 0x54, 0xff, 0x67, 0x5b, 0x54, 0xff, 0x67, 0x5b, 0x54, 0xff,
  0x67, 0x5b, 0x54, 0xff, 0x67, 0x5b, 0x54, 0xff, 0x67, 0x5b, 0x54, 0xff,
  0xdb, 0xd6, 0xd0, 0xfd, 0xec, 0xe7, 0xe3, 0xfe, 0xec, 0xe7, 0xe3, 0xfe,
  0xec, 0xe7, 0xe3, 0xfe, 0xec, 0xe7, 0xe3, 0xfe, 0xec, 0xe7, 0xe3, 0xfe,
  0xec, 0xe7, 0xe3, 0xfe, 0xec, 0xe7, 0xe3, 0xfe, 0xec, 0xe7, 0xe3, 0xfe,
  0xec, 0xe7, 0xe3, 0xfe, 0xec, 0xe7, 0xe3, 0xfe, 0xe6, 0xe2, 0xdc, 0xfd,
  0xe7, 0xe0, 0xd8, 0xff, 0xe7, 0xe0, 0xd8, 0xff, 0xe7, 0xe0, 0xd8, 0xff,
  0xe7, 0xe0, 0xd8, 0xff, 0xe7, 0xe0, 0xd8, 0xff, 0xe7, 0xe0, 0xd8, 0xff,
  0xe7, 0xe0, 0xd8, 0xff, 0xe7, 0xe0, 0xd8, 0xff, 0xe7, 0xe0, 0xd8, 0xff,
  0xe7, 0xe0, 0xd8, 0xff, 0xdd, 0xd6, 0xcc, 0xd2, 0x00, 0x00, 0x00, 0x00,
  0x00, 0x00, 0x00, 0x00, 0x00, 0x00, 0x00, 0x00, 0x00, 0x00, 0x00, 0x00,
  0x00, 0x00, 0x00, 0x00, 0x00, 0x00, 0x00, 0x00, 0x00, 0x00, 0x00, 0x00,
  0x00, 0x00, 0x00, 0x00, 0x00, 0x00, 0x00, 0x00, 0x00, 0x00, 0x00, 0x00,
  0x00, 0x00, 0x00, 0x00, 0x00, 0x00, 0x00, 0x00, 0x00, 0x00, 0x00, 0x00,
  0x00, 0x00, 0x00, 0x00, 0x00, 0x00, 0x00, 0x00, 0x00, 0x00, 0x00, 0x00,
  0x00, 0x00, 0x00, 0x00, 0x00, 0x00, 0x00, 0x00, 0x00, 0x00, 0x00, 0x00,
  0x00, 0x00, 0x00, 0x00, 0x00, 0x00, 0x00, 0x00, 0x00, 0x00, 0x00, 0x00,
  0x00, 0x00, 0x00, 0x00, 0x00, 0x00, 0x00, 0x00, 0x00, 0x00, 0x00, 0x00,
  0x00, 0x00, 0x00, 0x00, 0x82, 0x78, 0x6f, 0xc4, 0x67, 0x5b, 0x54, 0xff,
  0x67, 0x5b, 0x54, 0xff, 0x67, 0x5b, 0x54, 0xff, 0x67, 0x5b, 0x54, 0xff,
  0x67, 0x5b, 0x54, 0xff, 0x67, 0x5b, 0x54, 0xff, 0x67, 0x5b, 0x54, 0xff,
  0x67, 0x5b, 0x54, 0xff, 0x67, 0x5b, 0x54, 0xff, 0x67, 0x5b, 0x54, 0xff,
  0xd9, 0xd2, 0xcd, 0xfd, 0xec, 0xe7, 0xe3, 0xfe, 0xec, 0xe7, 0xe3, 0xfe,
  0xec, 0xe7, 0xe3, 0xfe, 0xec, 0xe7, 0xe3, 0xfe, 0xec, 0xe7, 0xe3, 0xfe,
  0xec, 0xe7, 0xe3, 0xfe, 0xec, 0xe7, 0xe3, 0xfe, 0xec, 0xe7, 0xe3, 0xfe,
  0xec, 0xe7, 0xe3, 0xfe, 0xec, 0xe7, 0xe3, 0xfe, 0xe7, 0xe2, 0xdc, 0xfd,
  0xe7, 0xe0, 0xd8, 0xff, 0xe7, 0xe0, 0xd8, 0xff, 0xe7, 0xe0, 0xd8, 0xff,
  0xe7, 0xe0, 0xd8, 0xff, 0xe7, 0xe0, 0xd8, 0xff, 0xe7, 0xe0, 0xd8, 0xff,
  0xe7, 0xe0, 0xd8, 0xff, 0xe7, 0xe0, 0xd8, 0xff, 0xe7, 0xe0, 0xd8, 0xff,
  0xe7, 0xe0, 0xd8, 0xff, 0xdb, 0xd5, 0xcd, 0xc1, 0x00, 0x00, 0x00, 0x00,
  0x00, 0x00, 0x00, 0x00, 0x00, 0x00, 0x00, 0x00, 0x00, 0x00, 0x00, 0x00,
  0x00, 0x00, 0x00, 0x00, 0x00, 0x00, 0x00, 0x00, 0x00, 0x00, 0x00, 0x00,
  0x00, 0x00, 0x00, 0x00, 0x00, 0x00, 0x00, 0x00, 0x00, 0x00, 0x00, 0x00,
  0x00, 0x00, 0x00, 0x00, 0x00, 0x00, 0x00, 0x00, 0x00, 0x00, 0x00, 0x00,
  0x00, 0x00, 0x00, 0x00, 0x00, 0x00, 0x00, 0x00, 0x00, 0x00, 0x00, 0x00,
  0x00, 0x00, 0x00, 0x00, 0x00, 0x00, 0x00, 0x00, 0x00, 0x00, 0x00, 0x00,
  0x00, 0x00, 0x00, 0x00, 0x00, 0x00, 0x00, 0x00, 0x00, 0x00, 0x00, 0x00,
  0x00, 0x00, 0x00, 0x00, 0x00, 0x00, 0x00, 0x00, 0x00, 0x00, 0x00, 0x00,
  0x00, 0x00, 0x00, 0x00, 0x86, 0x79, 0x72, 0xb3, 0x67, 0x5b, 0x54, 0xff,
  0x67, 0x5b, 0x54, 0xff, 0x67, 0x5b, 0x54, 0xff, 0x67, 0x5b, 0x54, 0xff,
  0x67, 0x5b, 0x54, 0xff, 0x67, 0x5b, 0x54, 0xff, 0x67, 0x5b, 0x54, 0xff,
  0x67, 0x5b, 0x54, 0xff, 0x67, 0x5b, 0x54, 0xff, 0x67, 0x5b, 0x54, 0xff,
  0xd4, 0xcd, 0xc8, 0xfe, 0xec, 0xe7, 0xe3, 0xfe, 0xec, 0xe7, 0xe3, 0xfe,
  0xec, 0xe7, 0xe3, 0xfe, 0xec, 0xe7, 0xe3, 0xfe, 0xec, 0xe7, 0xe3, 0xfe,
  0xec, 0xe7, 0xe3, 0xfe, 0xec, 0xe7, 0xe3, 0xfe, 0xec, 0xe7, 0xe3, 0xfe,
  0xec, 0xe7, 0xe3, 0xfe, 0xec, 0xe7, 0xe3, 0xfe, 0xe7, 0xe1, 0xdb, 0xfe,
  0xe7, 0xe0, 0xd8, 0xff, 0xe7, 0xe0, 0xd8, 0xff, 0xe7, 0xe0, 0xd8, 0xff,
  0xe7, 0xe0, 0xd8, 0xff, 0xe7, 0xe0, 0xd8, 0xff, 0xe7, 0xe0, 0xd8, 0xff,
  0xe7, 0xe0, 0xd8, 0xff, 0xe7, 0xe0, 0xd8, 0xff, 0xe7, 0xe0, 0xd8, 0xff,
  0xe7, 0xe0, 0xd8, 0xff, 0xda, 0xd2, 0xca, 0xb1, 0x00, 0x00, 0x00, 0x00,
  0x00, 0x00, 0x00, 0x00, 0x00, 0x00, 0x00, 0x00, 0x00, 0x00, 0x00, 0x00,
  0x00, 0x00, 0x00, 0x00, 0x00, 0x00, 0x00, 0x00, 0x00, 0x00, 0x00, 0x00,
  0x00, 0x00, 0x00, 0x00, 0x00, 0x00, 0x00, 0x00, 0x00, 0x00, 0x00, 0x00,
  0x00, 0x00, 0x00, 0x00, 0x00, 0x00, 0x00, 0x00, 0x00, 0x00, 0x00, 0x00,
  0x00, 0x00, 0x00, 0x00, 0x00, 0x00, 0x00, 0x00, 0x00, 0x00, 0x00, 0x00,
  0x00, 0x00, 0x00, 0x00, 0x00, 0x00, 0x00, 0x00, 0x00, 0x00, 0x00, 0x00,
  0x00, 0x00, 0x00, 0x00, 0x00, 0x00, 0x00, 0x00, 0x00, 0x00, 0x00, 0x00,
  0x00, 0x00, 0x00, 0x00, 0x00, 0x00, 0x00, 0x00, 0x00, 0x00, 0x00, 0x00,
  0x00, 0x00, 0x00, 0x00, 0x88, 0x7d, 0x75, 0x9d, 0x67, 0x5b, 0x54, 0xff,
  0x67, 0x5b, 0x54, 0xff, 0x67, 0x5b, 0x54, 0xff, 0x67, 0x5b, 0x54, 0xff,
  0x67, 0x5b, 0x54, 0xff, 0x67, 0x5b, 0x54, 0xff, 0x67, 0x5b, 0x54, 0xff,
  0x67, 0x5b, 0x54, 0xff, 0x67, 0x5b, 0x54, 0xff, 0x67, 0x5b, 0x54, 0xff,
  0xd0, 0xc9, 0xc4, 0xfe, 0xec, 0xe7, 0xe3, 0xfe, 0xec, 0xe7, 0xe3, 0xfe,
  0xec, 0xe7, 0xe3, 0xfe, 0xec, 0xe7, 0xe3, 0xfe, 0xec, 0xe7, 0xe3, 0xfe,
  0xec, 0xe7, 0xe3, 0xfe, 0xec, 0xe7, 0xe3, 0xfe, 0xec, 0xe7, 0xe3, 0xfe,
  0xec, 0xe7, 0xe3, 0xfe, 0xec, 0xe7, 0xe3, 0xfe, 0xe7, 0xe0, 0xdb, 0xfe,
  0xe7, 0xe0, 0xd8, 0xff, 0xe7, 0xe0, 0xd8, 0xff, 0xe7, 0xe0, 0xd8, 0xff,
  0xe7, 0xe0, 0xd8, 0xff, 0xe7, 0xe0, 0xd8, 0xff, 0xe7, 0xe0, 0xd8, 0xff,
  0xe7, 0xe0, 0xd8, 0xff, 0xe7, 0xe0, 0xd8, 0xff, 0xe7, 0xe0, 0xd8, 0xff,
  0xe7, 0xe0, 0xd8, 0xff, 0xd8, 0xd1, 0xc9, 0x9b, 0x00, 0x00, 0x00, 0x00,
  0x00, 0x00, 0x00, 0x00, 0x00, 0x00, 0x00, 0x00, 0x00, 0x00, 0x00, 0x00,
  0x00, 0x00, 0x00, 0x00, 0x00, 0x00, 0x00, 0x00, 0x00, 0x00, 0x00, 0x00,
  0x00, 0x00, 0x00, 0x00, 0x00, 0x00, 0x00, 0x00, 0x00, 0x00, 0x00, 0x00,
  0x00, 0x00, 0x00, 0x00, 0x00, 0x00, 0x00, 0x00, 0x00, 0x00, 0x00, 0x00,
  0x00, 0x00, 0x00, 0x00, 0x00, 0x00, 0x00, 0x00, 0x00, 0x00, 0x00, 0x00,
  0x00, 0x00, 0x00, 0x00, 0x00, 0x00, 0x00, 0x00, 0x00, 0x00, 0x00, 0x00,
  0x00, 0x00, 0x00, 0x00, 0x00, 0x00, 0x00, 0x00, 0x00, 0x00, 0x00, 0x00,
  0x00, 0x00, 0x00, 0x00, 0x00, 0x00, 0x00, 0x00, 0x00, 0x00, 0x00, 0x00,
  0x00, 0x00, 0x00, 0x00, 0x8b, 0x80, 0x78, 0x86, 0x67, 0x5b, 0x54, 0xff,
  0x67, 0x5b, 0x54, 0xff, 0x67, 0x5b, 0x54, 0xff, 0x67, 0x5b, 0x54, 0xff,
  0x67, 0x5b, 0x54, 0xff, 0x67, 0x5b, 0x54, 0xff, 0x67, 0x5b, 0x54, 0xff,
  0x67, 0x5b, 0x54, 0xff, 0x67, 0x5b, 0x54, 0xff, 0x67, 0x5b, 0x54, 0xff,
  0xcb, 0xc5, 0xc0, 0xfe, 0xec, 0xe7, 0xe3, 0xfe, 0xec, 0xe7, 0xe3, 0xfe,
  0xec, 0xe7, 0xe3, 0xfe, 0xec, 0xe7, 0xe3, 0xfe, 0xec, 0xe7, 0xe3, 0xfe,
  0xec, 0xe7, 0xe3, 0xfe, 0xec, 0xe7, 0xe3, 0xfe, 0xec, 0xe7, 0xe3, 0xfe,
  0xec, 0xe7, 0xe3, 0xfe, 0xec, 0xe7, 0xe3, 0xfe, 0xe7, 0xe1, 0xdc, 0xfd,
  0xe7, 0xe0, 0xd8, 0xff, 0xe7, 0xe0, 0xd8, 0xff, 0xe7, 0xe0, 0xd8, 0xff,
  0xe7, 0xe0, 0xd8, 0xff, 0xe7, 0xe0, 0xd8, 0xff, 0xe7, 0xe0, 0xd8, 0xff,
  0xe7, 0xe0, 0xd8, 0xff, 0xe7, 0xe0, 0xd8, 0xff, 0xe7, 0xe0, 0xd8, 0xff,
  0xe7, 0xe0, 0xd8, 0xff, 0xda, 0xd2, 0xc8, 0x83, 0x00, 0x00, 0x00, 0x00,
  0x00, 0x00, 0x00, 0x00, 0x00, 0x00, 0x00, 0x00, 0x00, 0x00, 0x00, 0x00,
  0x00, 0x00, 0x00, 0x00, 0x00, 0x00, 0x00, 0x00, 0x00, 0x00, 0x00, 0x00,
  0x00, 0x00, 0x00, 0x00, 0x00, 0x00, 0x00, 0x00, 0x00, 0x00, 0x00, 0x00,
  0x00, 0x00, 0x00, 0x00, 0x00, 0x00, 0x00, 0x00, 0x00, 0x00, 0x00, 0x00,
  0x00, 0x00, 0x00, 0x00, 0x00, 0x00, 0x00, 0x00, 0x00, 0x00, 0x00, 0x00,
  0x00, 0x00, 0x00, 0x00, 0x00, 0x00, 0x00, 0x00, 0x00, 0x00, 0x00, 0x00,
  0x00, 0x00, 0x00, 0x00, 0x00, 0x00, 0x00, 0x00, 0x00, 0x00, 0x00, 0x00,
  0x00, 0x00, 0x00, 0x00, 0x00, 0x00, 0x00, 0x00, 0x00, 0x00, 0x00, 0x00,
  0x00, 0x00, 0x00, 0x00, 0x8c, 0x81, 0x7a, 0x6d, 0x67, 0x5b, 0x54, 0xff,
  0x67, 0x5b, 0x54, 0xff, 0x67, 0x5b, 0x54, 0xff, 0x67, 0x5b, 0x54, 0xff,
  0x67, 0x5b, 0x54, 0xff, 0x67, 0x5b, 0x54, 0xff, 0x67, 0x5b, 0x54, 0xff,
  0x67, 0x5b, 0x54, 0xff, 0x67, 0x5b, 0x54, 0xff, 0x67, 0x5b, 0x54, 0xff,
  0xc9, 0xc2, 0xbb, 0xfd, 0xec, 0xe7, 0xe3, 0xfe, 0xec, 0xe7, 0xe3, 0xfe,
  0xec, 0xe7, 0xe3, 0xfe, 0xec, 0xe7, 0xe3, 0xfe, 0xec, 0xe7, 0xe3, 0xfe,
  0xec, 0xe7, 0xe3, 0xfe, 0xec, 0xe7, 0xe3, 0xfe, 0xec, 0xe7, 0xe3, 0xfe,
  0xec, 0xe7, 0xe3, 0xfe, 0xec, 0xe7, 0xe3, 0xfe, 0xe7, 0xe2, 0xdd, 0xfd,
  0xe7, 0xe0, 0xd8, 0xff, 0xe7, 0xe0, 0xd8, 0xff, 0xe7, 0xe0, 0xd8, 0xff,
  0xe7, 0xe0, 0xd8, 0xff, 0xe7, 0xe0, 0xd8, 0xff, 0xe7, 0xe0, 0xd8, 0xff,
  0xe7, 0xe0, 0xd8, 0xff, 0xe7, 0xe0, 0xd8, 0xff, 0xe7, 0xe0, 0xd8, 0xff,
  0xe7, 0xe0, 0xd8, 0xff, 0xd6, 0xcf, 0xc6, 0x6b, 0x00, 0x00, 0x00, 0x00,
  0x00, 0x00, 0x00, 0x00, 0x00, 0x00, 0x00, 0x00, 0x00, 0x00, 0x00, 0x00,
  0x00, 0x00, 0x00, 0x00, 0x00, 0x00, 0x00, 0x00, 0x00, 0x00, 0x00, 0x00,
  0x00, 0x00, 0x00, 0x00, 0x00, 0x00, 0x00, 0x00, 0x00, 0x00, 0x00, 0x00,
  0x00, 0x00, 0x00, 0x00, 0x00, 0x00, 0x00, 0x00, 0x00, 0x00, 0x00, 0x00,
  0x00, 0x00, 0x00, 0x00, 0x00, 0x00, 0x00, 0x00, 0x00, 0x00, 0x00, 0x00,
  0x00, 0x00, 0x00, 0x00, 0x00, 0x00, 0x00, 0x00, 0x00, 0x00, 0x00, 0x00,
  0x00, 0x00, 0x00, 0x00, 0x00, 0x00, 0x00, 0x00, 0x00, 0x00, 0x00, 0x00,
  0x00, 0x00, 0x00, 0x00, 0x00, 0x00, 0x00, 0x00, 0x00, 0x00, 0x00, 0x00,
  0x00, 0x00, 0x00, 0x00, 0x8e, 0x81, 0x7e, 0x51, 0x67, 0x5b, 0x54, 0xff,
  0x67, 0x5b, 0x54, 0xff, 0x67, 0x5b, 0x54, 0xff, 0x67, 0x5b, 0x54, 0xff,
  0x67, 0x5b, 0x54, 0xff, 0x67, 0x5b, 0x54, 0xff, 0x67, 0x5b, 0x54, 0xff,
  0x67, 0x5b, 0x54, 0xff, 0x67, 0x5b, 0x54, 0xff, 0x67, 0x5b, 0x54, 0xff,
  0xc3, 0xbc, 0xb6, 0xfe, 0xec, 0xe7, 0xe3, 0xfe, 0xec, 0xe7, 0xe3, 0xfe,
  0xec, 0xe7, 0xe3, 0xfe, 0xec, 0xe7, 0xe3, 0xfe, 0xec, 0xe7, 0xe3, 0xfe,
  0xec, 0xe7, 0xe3, 0xfe, 0xec, 0xe7, 0xe3, 0xfe, 0xec, 0xe7, 0xe3, 0xfe,
  0xec, 0xe7, 0xe3, 0xfe, 0xec, 0xe7, 0xe3, 0xfe, 0xe7, 0xe2, 0xdd, 0xfd,
  0xe7, 0xe0, 0xd8, 0xff, 0xe7, 0xe0, 0xd8, 0xff, 0xe7, 0xe0, 0xd8, 0xff,
  0xe7, 0xe0, 0xd8, 0xff, 0xe7, 0xe0, 0xd8, 0xff, 0xe7, 0xe0, 0xd8, 0xff,
  0xe7, 0xe0, 0xd8, 0xff, 0xe7, 0xe0, 0xd8, 0xff, 0xe7, 0xe0, 0xd8, 0xff,
  0xe7, 0xe0, 0xd8, 0xff, 0xd8, 0xd2, 0xc5, 0x4f, 0x00, 0x00, 0x00, 0x00,
  0x00, 0x00, 0x00, 0x00, 0x00, 0x00, 0x00, 0x00, 0x00, 0x00, 0x00, 0x00,
  0x00, 0x00, 0x00, 0x00, 0x00, 0x00, 0x00, 0x00, 0x00, 0x00, 0x00, 0x00,
  0x00, 0x00, 0x00, 0x00, 0x00, 0x00, 0x00, 0x00, 0x00, 0x00, 0x00, 0x00,
  0x00, 0x00, 0x00, 0x00, 0x00, 0x00, 0x00, 0x00, 0x00, 0x00, 0x00, 0x00,
  0x00, 0x00, 0x00, 0x00, 0x00, 0x00, 0x00, 0x00, 0x00, 0x00, 0x00, 0x00,
  0x00, 0x00, 0x00, 0x00, 0x00, 0x00, 0x00, 0x00, 0x00, 0x00, 0x00, 0x00,
  0x00, 0x00, 0x00, 0x00, 0x00, 0x00, 0x00, 0x00, 0x00, 0x00, 0x00, 0x00,
  0x00, 0x00, 0x00, 0x00, 0x00, 0x00, 0x00, 0x00, 0x00, 0x00, 0x00, 0x00,
  0x00, 0x00, 0x00, 0x00, 0x92, 0x87, 0x7d, 0x31, 0x67, 0x5b, 0x54, 0xff,
  0x67, 0x5b, 0x54, 0xff, 0x67, 0x5b, 0x54, 0xff, 0x67, 0x5b, 0x54, 0xff,
  0x67, 0x5b, 0x54, 0xff, 0x67, 0x5b, 0x54, 0xff, 0x67, 0x5b, 0x54, 0xff,
  0x67, 0x5b, 0x54, 0xff, 0x67, 0x5b, 0x54, 0xff, 0x67, 0x5b, 0x54, 0xff,
  0xbf, 0xb8, 0xb1, 0xfe, 0xec, 0xe7, 0xe3, 0xfe, 0xec, 0xe7, 0xe3, 0xfe,
  0xec, 0xe7, 0xe3, 0xfe, 0xec, 0xe7, 0xe3, 0xfe, 0xec, 0xe7, 0xe3, 0xfe,
  0xec, 0xe7, 0xe3, 0xfe, 0xec, 0xe7, 0xe3, 0xfe, 0xec, 0xe7, 0xe3, 0xfe,
  0xec, 0xe7, 0xe3, 0xfe, 0xec, 0xe7, 0xe3, 0xfe, 0xe8, 0xe3, 0xdd, 0xfe,
  0xe7, 0xe0, 0xd8, 0xff, 0xe7, 0xe0, 0xd8, 0xff, 0xe7, 0xe0, 0xd8, 0xff,
  0xe7, 0xe0, 0xd8, 0xff, 0xe7, 0xe0, 0xd8, 0xff, 0xe7, 0xe0, 0xd8, 0xff,
  0xe7, 0xe0, 0xd8, 0xff, 0xe7, 0xe0, 0xd8, 0xff, 0xe7, 0xe0, 0xd8, 0xff,
  0xe7, 0xe0, 0xd8, 0xff, 0xd4, 0xce, 0xc3, 0x2f, 0x00, 0x00, 0x00, 0x00,
  0x00, 0x00, 0x00, 0x00, 0x00, 0x00, 0x00, 0x00, 0x00, 0x00, 0x00, 0x00,
  0x00, 0x00, 0x00, 0x00, 0x00, 0x00, 0x00, 0x00, 0x00, 0x00, 0x00, 0x00,
  0x00, 0x00, 0x00, 0x00, 0x00, 0x00, 0x00, 0x00, 0x00, 0x00, 0x00, 0x00,
  0x00, 0x00, 0x00, 0x00, 0x00, 0x00, 0x00, 0x00, 0x00, 0x00, 0x00, 0x00,
  0x00, 0x00, 0x00, 0x00, 0x00, 0x00, 0x00, 0x00, 0x00, 0x00, 0x00, 0x00,
  0x00, 0x00, 0x00, 0x00, 0x00, 0x00, 0x00, 0x00, 0x00, 0x00, 0x00, 0x00,
  0x00, 0x00, 0x00, 0x00, 0x00, 0x00, 0x00, 0x00, 0x00, 0x00, 0x00, 0x00,
  0x00, 0x00, 0x00, 0x00, 0x00, 0x00, 0x00, 0x00, 0x00, 0x00, 0x00, 0x00,
  0x00, 0x00, 0x00, 0x00, 0x8f, 0x8f, 0x70, 0x10, 0x67, 0x5b, 0x54, 0xff,
  0x67, 0x5b, 0x54, 0xff, 0x67, 0x5b, 0x54, 0xff, 0x67, 0x5b, 0x54, 0xff,
  0x67, 0x5b, 0x54, 0xff, 0x67, 0x5b, 0x54, 0xff, 0x67, 0x5b, 0x54, 0xff,
  0x67, 0x5b, 0x54, 0xff, 0x67, 0x5b, 0x54, 0xff, 0x67, 0x5b, 0x54, 0xff,
  0xba, 0xb3, 0xad, 0xfe, 0xec, 0xe7, 0xe3, 0xfe, 0xec, 0xe7, 0xe3, 0xfe,
  0xec, 0xe7, 0xe3, 0xfe, 0xec, 0xe7, 0xe3, 0xfe, 0xec, 0xe7, 0xe3, 0xfe,
  0xec, 0xe7, 0xe3, 0xfe, 0xec, 0xe7, 0xe3, 0xfe, 0xec, 0xe7, 0xe3, 0xfe,
  0xec, 0xe7, 0xe3, 0xfe, 0xec, 0xe7, 0xe3, 0xfe, 0xe9, 0xe3, 0xdd, 0xfe,
  0xe7, 0xe0, 0xd8, 0xff, 0xe7, 0xe0, 0xd8, 0xff, 0xe7, 0xe0, 0xd8, 0xff,
  0xe7, 0xe0, 0xd8, 0xff, 0xe7, 0xe0, 0xd8, 0xff, 0xe7, 0xe0, 0xd8, 0xff,
  0xe7, 0xe0, 0xd8, 0xff, 0xe7, 0xe0, 0xd8, 0xff, 0xe7, 0xe0, 0xd8, 0xff,
  0xe7, 0xe0, 0xd8, 0xff, 0xcf, 0xcf, 0xaf, 0x10, 0x00, 0x00, 0x00, 0x00,
  0x00, 0x00, 0x00, 0x00, 0x00, 0x00, 0x00, 0x00, 0x00, 0x00, 0x00, 0x00,
  0x00, 0x00, 0x00, 0x00, 0x00, 0x00, 0x00, 0x00, 0x00, 0x00, 0x00, 0x00,
  0x00, 0x00, 0x00, 0x00, 0x00, 0x00, 0x00, 0x00, 0x00, 0x00, 0x00, 0x00,
  0x00, 0x00, 0x00, 0x00, 0x00, 0x00, 0x00, 0x00, 0x00, 0x00, 0x00, 0x00,
  0x00, 0x00, 0x00, 0x00, 0x00, 0x00, 0x00, 0x00, 0x00, 0x00, 0x00, 0x00,
  0x00, 0x00, 0x00, 0x00, 0x00, 0x00, 0x00, 0x00, 0x00, 0x00, 0x00, 0x00,
  0x00, 0x00, 0x00, 0x00, 0x00, 0x00, 0x00, 0x00, 0x00, 0x00, 0x00, 0x00,
  0x00, 0x00, 0x00, 0x00, 0x00, 0x00, 0x00, 0x00, 0x00, 0x00, 0x00, 0x00,
  0x00, 0x00, 0x00, 0x00, 0x00, 0x00, 0x00, 0x00, 0x6b, 0x5e, 0x56, 0xfe,
  0x67, 0x5b, 0x54, 0xff, 0x67, 0x5b, 0x54, 0xff, 0x67, 0x5b, 0x54, 0xff,
  0x67, 0x5b, 0x54, 0xff, 0x67, 0x5b, 0x54, 0xff, 0x67, 0x5b, 0x54, 0xff,
  0x67, 0x5b, 0x54, 0xff, 0x67, 0x5b, 0x54, 0xff, 0x67, 0x5b, 0x54, 0xff,
  0xb5, 0xad, 0xa8, 0xfe, 0xec, 0xe7, 0xe3, 0xfe, 0xec, 0xe7, 0xe3, 0xfe,
  0xec, 0xe7, 0xe3, 0xfe, 0xec, 0xe7, 0xe3, 0xfe, 0xec, 0xe7, 0xe3, 0xfe,
  0xec, 0xe7, 0xe3, 0xfe, 0xec, 0xe7, 0xe3, 0xfe, 0xec, 0xe7, 0xe3, 0xfe,
  0xec, 0xe7, 0xe3, 0xfe, 0xec, 0xe7, 0xe3, 0xfe, 0xe9, 0xe3, 0xdd, 0xfe,
  0xe7, 0xe0, 0xd8, 0xff, 0xe7, 0xe0, 0xd8, 0xff, 0xe7, 0xe0, 0xd8, 0xff,
  0xe7, 0xe0, 0xd8, 0xff, 0xe7, 0xe0, 0xd8, 0xff, 0xe7, 0xe0, 0xd8, 0xff,
  0xe7, 0xe0, 0xd8, 0xff, 0xe7, 0xe0, 0xd8, 0xff, 0xe7, 0xe0, 0xd8, 0xff,
  0xe5, 0xde, 0xd6, 0xfe, 0x00, 0x00, 0x00, 0x00, 0x00, 0x00, 0x00, 0x00,
  0x00, 0x00, 0x00, 0x00, 0x00, 0x00, 0x00, 0x00, 0x00, 0x00, 0x00, 0x00,
  0x00, 0x00, 0x00, 0x00, 0x00, 0x00, 0x00, 0x00, 0x00, 0x00, 0x00, 0x00,
  0x00, 0x00, 0x00, 0x00, 0x00, 0x00, 0x00, 0x00, 0x00, 0x00, 0x00, 0x00,
  0x00, 0x00, 0x00, 0x00, 0x00, 0x00, 0x00, 0x00, 0x00, 0x00, 0x00, 0x00,
  0x00, 0x00, 0x00, 0x00, 0x00, 0x00, 0x00, 0x00, 0x00, 0x00, 0x00, 0x00,
  0x00, 0x00, 0x00, 0x00, 0x00, 0x00, 0x00, 0x00, 0x00, 0x00, 0x00, 0x00,
  0x00, 0x00, 0x00, 0x00, 0x00, 0x00, 0x00, 0x00, 0x00, 0x00, 0x00, 0x00,
  0x00, 0x00, 0x00, 0x00, 0x00, 0x00, 0x00, 0x00, 0x00, 0x00, 0x00, 0x00,
  0x00, 0x00, 0x00, 0x00, 0x00, 0x00, 0x00, 0x00, 0x70, 0x64, 0x5c, 0xfb,
  0x67, 0x5b, 0x54, 0xff, 0x67, 0x5b, 0x54, 0xff, 0x67, 0x5b, 0x54, 0xff,
  0x67, 0x5b, 0x54, 0xff, 0x67, 0x5b, 0x54, 0xff, 0x67, 0x5b, 0x54, 0xff,
  0x67, 0x5b, 0x54, 0xff, 0x67, 0x5b, 0x54, 0xff, 0x67, 0x5b, 0x54, 0xff,
  0xb1, 0xa8, 0xa3, 0xfe, 0xec, 0xe7, 0xe3, 0xfe, 0xec, 0xe7, 0xe3, 0xfe,
  0xec, 0xe7, 0xe3, 0xfe, 0xec, 0xe7, 0xe3, 0xfe, 0xec, 0xe7, 0xe3, 0xfe,
  0xec, 0xe7, 0xe3, 0xfe, 0xec, 0xe7, 0xe3, 0xfe, 0xec, 0xe7, 0xe3, 0xfe,
  0xec, 0xe7, 0xe3, 0xfe, 0xec, 0xe7, 0xe3, 0xfe, 0xe9, 0xe3, 0xde, 0xfe,
  0xe7, 0xe0, 0xd8, 0xff, 0xe7, 0xe0, 0xd8, 0xff, 0xe7, 0xe0, 0xd8, 0xff,
  0xe7, 0xe0, 0xd8, 0xff, 0xe7, 0xe0, 0xd8, 0xff, 0xe7, 0xe0, 0xd8, 0xff,
  0xe7, 0xe0, 0xd8, 0xff, 0xe7, 0xe0, 0xd8, 0xff, 0xe7, 0xe0, 0xd8, 0xff,
  0xe3, 0xdc, 0xd3, 0xfa, 0x00, 0x00, 0x00, 0x00, 0x00, 0x00, 0x00, 0x00,
  0x00, 0x00, 0x00, 0x00, 0x00, 0x00, 0x00, 0x00, 0x00, 0x00, 0x00, 0x00,
  0x00, 0x00, 0x00, 0x00, 0x00, 0x00, 0x00, 0x00, 0x00, 0x00, 0x00, 0x00,
  0x00, 0x00, 0x00, 0x00, 0x00, 0x00, 0x00, 0x00, 0x00, 0x00, 0x00, 0x00,
  0x00, 0x00, 0x00, 0x00, 0x00, 0x00, 0x00, 0x00, 0x00, 0x00, 0x00, 0x00,
  0x00, 0x00, 0x00, 0x00, 0x00, 0x00, 0x00, 0x00, 0x00, 0x00, 0x00, 0x00,
  0x00, 0x00, 0x00, 0x00, 0x00, 0x00, 0x00, 0x00, 0x00, 0x00, 0x00, 0x00,
  0x00, 0x00, 0x00, 0x00, 0x00, 0x00, 0x00, 0x00, 0x00, 0x00, 0x00, 0x00,
  0x00, 0x00, 0x00, 0x00, 0x00, 0x00, 0x00, 0x00, 0x00, 0x00, 0x00, 0x00,
  0x00, 0x00, 0x00, 0x00, 0x00, 0x00, 0x00, 0x00, 0x75, 0x69, 0x61, 0xf4,
  0x67, 0x5b, 0x54, 0xff, 0x67, 0x5b, 0x54, 0xff, 0x67, 0x5b, 0x54, 0xff,
  0x67, 0x5b, 0x54, 0xff, 0x67, 0x5b, 0x54, 0xff, 0x67, 0x5b, 0x54, 0xff,
  0x67, 0x5b, 0x54, 0xff, 0x67, 0x5b, 0x54, 0xff, 0x67, 0x5b, 0x54, 0xff,
  0xac, 0xa4, 0x9e, 0xfe, 0xec, 0xe7, 0xe3, 0xfe, 0xec, 0xe7, 0xe3, 0xfe,
  0xec, 0xe7, 0xe3, 0xfe, 0xec, 0xe7, 0xe3, 0xfe, 0xec, 0xe7, 0xe3, 0xfe,
  0xec, 0xe7, 0xe3, 0xfe, 0xec, 0xe7, 0xe3, 0xfe, 0xec, 0xe7, 0xe3, 0xfe,
  0xec, 0xe7, 0xe3, 0xfe, 0xec, 0xe7, 0xe3, 0xfe, 0xea, 0xe5, 0xdf, 0xfe,
  0xe7, 0xe0, 0xd8, 0xff, 0xe7, 0xe0, 0xd8, 0xff, 0xe7, 0xe0, 0xd8, 0xff,
  0xe7, 0xe0, 0xd8, 0xff, 0xe7, 0xe0, 0xd8, 0xff, 0xe7, 0xe0, 0xd8, 0xff,
  0xe7, 0xe0, 0xd8, 0xff, 0xe7, 0xe0, 0xd8, 0xff, 0xe7, 0xe0, 0xd8, 0xff,
  0xe2, 0xda, 0xd2, 0xf3, 0x00, 0x00, 0x00, 0x00, 0x00, 0x00, 0x00, 0x00,
  0x00, 0x00, 0x00, 0x00, 0x00, 0x00, 0x00, 0x00, 0x00, 0x00, 0x00, 0x00,
  0x00, 0x00, 0x00, 0x00, 0x00, 0x00, 0x00, 0x00, 0x00, 0x00, 0x00, 0x00,
  0x00, 0x00, 0x00, 0x00, 0x00, 0x00, 0x00, 0x00, 0x00, 0x00, 0x00, 0x00,
  0x00, 0x00, 0x00, 0x00, 0x00, 0x00, 0x00, 0x00, 0x00, 0x00, 0x00, 0x00,
  0x00, 0x00, 0x00, 0x00, 0x00, 0x00, 0x00, 0x00, 0x00, 0x00, 0x00, 0x00,
  0x00, 0x00, 0x00, 0x00, 0x00, 0x00, 0x00, 0x00, 0x00, 0x00, 0x00, 0x00,
  0x00, 0x00, 0x00, 0x00, 0x00, 0x00, 0x00, 0x00, 0x00, 0x00, 0x00, 0x00,
  0x00, 0x00, 0x00, 0x00, 0x00, 0x00, 0x00, 0x00, 0x00, 0x00, 0x00, 0x00,
  0x00, 0x00, 0x00, 0x00, 0x00, 0x00, 0x00, 0x00, 0x79, 0x6d, 0x66, 0xec,
  0x67, 0x5b, 0x54, 0xff, 0x67, 0x5b, 0x54, 0xff, 0x67, 0x5b, 0x54, 0xff,
  0x67, 0x5b, 0x54, 0xff, 0x67, 0x5b, 0x54, 0xff, 0x67, 0x5b, 0x54, 0xff,
  0x67, 0x5b, 0x54, 0xff, 0x67, 0x5b, 0x54, 0xff, 0x67, 0x5b, 0x54, 0xff,
  0xa7, 0x9e, 0x98, 0xfe, 0xec, 0xe7, 0xe3, 0xfe, 0xec, 0xe7, 0xe3, 0xfe,
  0xec, 0xe7, 0xe3, 0xfe, 0xec, 0xe7, 0xe3, 0xfe, 0xec, 0xe7, 0xe3, 0xfe,
  0xec, 0xe7, 0xe3, 0xfe, 0xec, 0xe7, 0xe3, 0xfe, 0xec, 0xe7, 0xe3, 0xfe,
  0xec, 0xe7, 0xe3, 0xfe, 0xec, 0xe7, 0xe3, 0xfe, 0xec, 0xe6, 0xdf, 0xfe,
  0xe7, 0xe0, 0xd8, 0xff, 0xe7, 0xe0, 0xd8, 0xff, 0xe7, 0xe0, 0xd8, 0xff,
  0xe7, 0xe0, 0xd8, 0xff, 0xe7, 0xe0, 0xd8, 0xff, 0xe7, 0xe0, 0xd8, 0xff,
  0xe7, 0xe0, 0xd8, 0xff, 0xe7, 0xe0, 0xd8, 0xff, 0xe7, 0xe0, 0xd8, 0xff,
  0xe0, 0xd9, 0xd0, 0xea, 0x00, 0x00, 0x00, 0x00, 0x00, 0x00, 0x00, 0x00,
  0x00, 0x00, 0x00, 0x00, 0x00, 0x00, 0x00, 0x00, 0x00, 0x00, 0x00, 0x00,
  0x00, 0x00, 0x00, 0x00, 0x00, 0x00, 0x00, 0x00, 0x00, 0x00, 0x00, 0x00,
  0x00, 0x00, 0x00, 0x00, 0x00, 0x00, 0x00, 0x00, 0x00, 0x00, 0x00, 0x00,
  0x00, 0x00, 0x00, 0x00, 0x00, 0x00, 0x00, 0x00, 0x00, 0x00, 0x00, 0x00,
  0x00, 0x00, 0x00, 0x00, 0x00, 0x00, 0x00, 0x00, 0x00, 0x00, 0x00, 0x00,
  0x00, 0x00, 0x00, 0x00, 0x00, 0x00, 0x00, 0x00, 0x00, 0x00, 0x00, 0x00,
  0x00, 0x00, 0x00, 0x00, 0x00, 0x00, 0x00, 0x00, 0x00, 0x00, 0x00, 0x00,
  0x00, 0x00, 0x00, 0x00, 0x00, 0x00, 0x00, 0x00, 0x00, 0x00, 0x00, 0x00,
  0x00, 0x00, 0x00, 0x00, 0x00, 0x00, 0x00, 0x00, 0x7d, 0x71, 0x68, 0xe1,
  0x67, 0x5b, 0x54, 0xff, 0x67, 0x5b, 0x54, 0xff, 0x67, 0x5b, 0x54, 0xff,
  0x67, 0x5b, 0x54, 0xff, 0x67, 0x5b, 0x54, 0xff, 0x67, 0x5b, 0x54, 0xff,
  0x67, 0x5b, 0x54, 0xff, 0x67, 0x5b, 0x54, 0xff, 0x67, 0x5b, 0x54, 0xff,
  0xa1, 0x98, 0x92, 0xfe, 0xec, 0xe7, 0xe3, 0xfe, 0xec, 0xe7, 0xe3, 0xfe,
  0xec, 0xe7, 0xe3, 0xfe, 0xec, 0xe7, 0xe3, 0xfe, 0xec, 0xe7, 0xe3, 0xfe,
  0xec, 0xe7, 0xe3, 0xfe, 0xec, 0xe7, 0xe3, 0xfe, 0xec, 0xe7, 0xe3, 0xfe,
  0xec, 0xe7, 0xe3, 0xfe, 0xec, 0xe7, 0xe3, 0xfe, 0xed, 0xe6, 0xe0, 0xfe,
  0xe7, 0xe0, 0xd8, 0xff, 0xe7, 0xe0, 0xd8, 0xff, 0xe7, 0xe0, 0xd8, 0xff,
  0xe7, 0xe0, 0xd8, 0xff, 0xe7, 0xe0, 0xd8, 0xff, 0xe7, 0xe0, 0xd8, 0xff,
  0xe7, 0xe0, 0xd8, 0xff, 0xe7, 0xe0, 0xd8, 0xff, 0xe7, 0xe0, 0xd8, 0xff,
  0xdd, 0xd6, 0xce, 0xe0, 0x00, 0x00, 0x00, 0x00, 0x00, 0x00, 0x00, 0x00,
  0x00, 0x00, 0x00, 0x00, 0x00, 0x00, 0x00, 0x00, 0x00, 0x00, 0x00, 0x00,
  0x00, 0x00, 0x00, 0x00, 0x00, 0x00, 0x00, 0x00, 0x00, 0x00, 0x00, 0x00,
  0x00, 0x00, 0x00, 0x00, 0x00, 0x00, 0x00, 0x00, 0x00, 0x00, 0x00, 0x00,
  0x00, 0x00, 0x00, 0x00, 0x00, 0x00, 0x00, 0x00, 0x00, 0x00, 0x00, 0x00,
  0x00, 0x00, 0x00, 0x00, 0x00, 0x00, 0x00, 0x00, 0x00, 0x00, 0x00, 0x00,
  0x00, 0x00, 0x00, 0x00, 0x00, 0x00, 0x00, 0x00, 0x00, 0x00, 0x00, 0x00,
  0x00, 0x00, 0x00, 0x00, 0x00, 0x00, 0x00, 0x00, 0x00, 0x00, 0x00, 0x00,
  0x00, 0x00, 0x00, 0x00, 0x00, 0x00, 0x00, 0x00, 0x00, 0x00, 0x00, 0x00,
  0x00, 0x00, 0x00, 0x00, 0x00, 0x00, 0x00, 0x00, 0x80, 0x73, 0x6c, 0xd4,
  0x67, 0x5b, 0x54, 0xff, 0x67, 0x5b, 0x54, 0xff, 0x67, 0x5b, 0x54, 0xff,
  0x67, 0x5b, 0x54, 0xff, 0x67, 0x5b, 0x54, 0xff, 0x67, 0x5b, 0x54, 0xff,
  0x67, 0x5b, 0x54, 0xff, 0x67, 0x5b, 0x54, 0xff, 0x67, 0x5b, 0x54, 0xff,
  0x9a, 0x92, 0x8b, 0xff, 0xec, 0xe7, 0xe3, 0xfe, 0xec, 0xe7, 0xe3, 0xfe,
  0xec, 0xe7, 0xe3, 0xfe, 0xec, 0xe7, 0xe3, 0xfe, 0xec, 0xe7, 0xe3, 0xfe,
  0xec, 0xe7, 0xe3, 0xfe, 0xec, 0xe7, 0xe3, 0xfe, 0xec, 0xe7, 0xe3, 0xfe,
  0xec, 0xe7, 0xe3, 0xfe, 0xec, 0xe7, 0xe3, 0xfe, 0xed, 0xe7, 0xe2, 0xfe,
  0xe7, 0xe0, 0xd8, 0xff, 0xe7, 0xe0, 0xd8, 0xff, 0xe7, 0xe0, 0xd8, 0xff,
  0xe7, 0xe0, 0xd8, 0xff, 0xe7, 0xe0, 0xd8, 0xff, 0xe7, 0xe0, 0xd8, 0xff,
  0xe7, 0xe0, 0xd8, 0xff, 0xe7, 0xe0, 0xd8, 0xff, 0xe7, 0xe0, 0xd8, 0xff,
  0xdd, 0xd6, 0xcc, 0xd2, 0x00, 0x00, 0x00, 0x00, 0x00, 0x00, 0x00, 0x00,
  0x00, 0x00, 0x00, 0x00, 0x00, 0x00, 0x00, 0x00, 0x00, 0x00, 0x00, 0x00,
  0x00, 0x00, 0x00, 0x00, 0x00, 0x00, 0x00, 0x00, 0x00, 0x00, 0x00, 0x00,
  0x00, 0x00, 0x00, 0x00, 0x00, 0x00, 0x00, 0x00, 0x00, 0x00, 0x00, 0x00,
  0x00, 0x00, 0x00, 0x00, 0x00, 0x00, 0x00, 0x00, 0x00, 0x00, 0x00, 0x00,
  0x00, 0x00, 0x00, 0x00, 0x00, 0x00, 0x00, 0x00, 0x00, 0x00, 0x00, 0x00,
  0x00, 0x00, 0x00, 0x00, 0x00, 0x00, 0x00, 0x00, 0x00, 0x00, 0x00, 0x00,
  0x00, 0x00, 0x00, 0x00, 0x00, 0x00, 0x00, 0x00, 0x00, 0x00, 0x00, 0x00,
  0x00, 0x00, 0x00, 0x00, 0x00, 0x00, 0x00, 0x00, 0x00, 0x00, 0x00, 0x00,
  0x00, 0x00, 0x00, 0x00, 0x00, 0x00, 0x00, 0x00, 0x82, 0x78, 0x6f, 0xc4,
  0x67, 0x5b, 0x54, 0xff, 0x67, 0x5b, 0x54, 0xff, 0x67, 0x5b, 0x54, 0xff,
  0x67, 0x5b, 0x54, 0xff, 0x67, 0x5b, 0x54, 0xff, 0x67, 0x5b, 0x54, 0xff,
  0x67, 0x5b, 0x54, 0xff, 0x67, 0x5b, 0x54, 0xff, 0x67, 0x5b, 0x54, 0xff,
  0x95, 0x8b, 0x85, 0xff, 0xec, 0xe7, 0xe3, 0xfe, 0xec, 0xe7, 0xe3, 0xfe,
  0xec, 0xe7, 0xe3, 0xfe, 0xec, 0xe7, 0xe3, 0xfe, 0xec, 0xe7, 0xe3, 0xfe,
  0xec, 0xe7, 0xe3, 0xfe, 0xec, 0xe7, 0xe3, 0xfe, 0xec, 0xe7, 0xe3, 0xfe,
  0xec, 0xe7, 0xe3, 0xfe, 0xec, 0xe7, 0xe3, 0xfe, 0xed, 0xe8, 0xe1, 0xff,
  0xe7, 0xe0, 0xd8, 0xff, 0xe7, 0xe0, 0xd8, 0xff, 0xe7, 0xe0, 0xd8, 0xff,
  0xe7, 0xe0, 0xd8, 0xff, 0xe7, 0xe0, 0xd8, 0xff, 0xe7, 0xe0, 0xd8, 0xff,
  0xe7, 0xe0, 0xd8, 0xff, 0xe7, 0xe0, 0xd8, 0xff, 0xe7, 0xe0, 0xd8, 0xff,
  0xdb, 0xd5, 0xcd, 0xc1, 0x00, 0x00, 0x00, 0x00, 0x00, 0x00, 0x00, 0x00,
  0x00, 0x00, 0x00, 0x00, 0x00, 0x00, 0x00, 0x00, 0x00, 0x00, 0x00, 0x00,
  0x00, 0x00, 0x00, 0x00, 0x00, 0x00, 0x00, 0x00, 0x00, 0x00, 0x00, 0x00,
  0x00, 0x00, 0x00, 0x00, 0x00, 0x00, 0x00, 0x00, 0x00, 0x00, 0x00, 0x00,
  0x00, 0x00, 0x00, 0x00, 0x00, 0x00, 0x00, 0x00, 0x00, 0x00, 0x00, 0x00,
  0x00, 0x00, 0x00, 0x00, 0x00, 0x00, 0x00, 0x00, 0x00, 0x00, 0x00, 0x00,
  0x00, 0x00, 0x00, 0x00, 0x00, 0x00, 0x00, 0x00, 0x00, 0x00, 0x00, 0x00,
  0x00, 0x00, 0x00, 0x00, 0x00, 0x00, 0x00, 0x00, 0x00, 0x00, 0x00, 0x00,
  0x00, 0x00, 0x00, 0x00, 0x00, 0x00, 0x00, 0x00, 0x00, 0x00, 0x00, 0x00,
  0x00, 0x00, 0x00, 0x00, 0x00, 0x00, 0x00, 0x00, 0x86, 0x79, 0x72, 0xb3,
  0x67, 0x5b, 0x54, 0xff, 0x67, 0x5b, 0x54, 0xff, 0x67, 0x5b, 0x54, 0xff,
  0x67, 0x5b, 0x54, 0xff, 0x67, 0x5b, 0x54, 0xff, 0x67, 0x5b, 0x54, 0xff,
  0x67, 0x5b, 0x54, 0xff, 0x67, 0x5b, 0x54, 0xff, 0x67, 0x5b, 0x54, 0xff,
  0x92, 0x89, 0x83, 0xff, 0xeb, 0xe6, 0xe1, 0xfe, 0xec, 0xe7, 0xe3, 0xfe,
  0xec, 0xe7, 0xe3, 0xfe, 0xec, 0xe7, 0xe3, 0xfe, 0xec, 0xe7, 0xe3, 0xfe,
  0xec, 0xe7, 0xe3, 0xfe, 0xec, 0xe7, 0xe3, 0xfe, 0xec, 0xe7, 0xe3, 0xfe,
  0xec, 0xe7, 0xe3, 0xfe, 0xec, 0xe8, 0xe3, 0xfe, 0xed, 0xe7, 0xe1, 0xff,
  0xe7, 0xe0, 0xd8, 0xff, 0xe7, 0xe0, 0xd8, 0xff, 0xe7, 0xe0, 0xd8, 0xff,
  0xe7, 0xe0, 0xd8, 0xff, 0xe7, 0xe0, 0xd8, 0xff, 0xe7, 0xe0, 0xd8, 0xff,
  0xe7, 0xe0, 0xd8, 0xff, 0xe7, 0xe0, 0xd8, 0xff, 0xe7, 0xe0, 0xd8, 0xff,
  0xda, 0xd2, 0xca, 0xb1, 0x00, 0x00, 0x00, 0x00, 0x00, 0x00, 0x00, 0x00,
  0x00, 0x00, 0x00, 0x00, 0x00, 0x00, 0x00, 0x00, 0x00, 0x00, 0x00, 0x00,
  0x00, 0x00, 0x00, 0x00, 0x00, 0x00, 0x00, 0x00, 0x00, 0x00, 0x00, 0x00,
  0x00, 0x00, 0x00, 0x00, 0x00, 0x00, 0x00, 0x00, 0x00, 0x00, 0x00, 0x00,
  0x00, 0x00, 0x00, 0x00, 0x00, 0x00, 0x00, 0x00, 0x00, 0x00, 0x00, 0x00,
  0x00, 0x00, 0x00, 0x00, 0x00, 0x00, 0x00, 0x00, 0x00, 0x00, 0x00, 0x00,
  0x00, 0x00, 0x00, 0x00, 0x00, 0x00, 0x00, 0x00, 0x00, 0x00, 0x00, 0x00,
  0x00, 0x00, 0x00, 0x00, 0x00, 0x00, 0x00, 0x00, 0x00, 0x00, 0x00, 0x00,
  0x00, 0x00, 0x00, 0x00, 0x00, 0x00, 0x00, 0x00, 0x00, 0x00, 0x00, 0x00,
  0x00, 0x00, 0x00, 0x00, 0x00, 0x00, 0x00, 0x00, 0x88, 0x7d, 0x75, 0x9d,
  0x67, 0x5b, 0x54, 0xff, 0x67, 0x5b, 0x54, 0xff, 0x67, 0x5b, 0x54, 0xff,
  0x67, 0x5b, 0x54, 0xff, 0x67, 0x5b, 0x54, 0xff, 0x67, 0x5b, 0x54, 0xff,
  0x67, 0x5b, 0x54, 0xff, 0x67, 0x5b, 0x54, 0xff, 0x67, 0x5b, 0x54, 0xff,
  0x90, 0x86, 0x80, 0xff, 0xe9, 0xe5, 0xe0, 0xfe, 0xec, 0xe7, 0xe3, 0xfe,
  0xec, 0xe7, 0xe3, 0xfe, 0xec, 0xe7, 0xe3, 0xfe, 0xec, 0xe7, 0xe3, 0xfe,
  0xec, 0xe7, 0xe3, 0xfe, 0xec, 0xe7, 0xe3, 0xfe, 0xec, 0xe7, 0xe3, 0xfe,
  0xec, 0xe7, 0xe3, 0xfe, 0xed, 0xe9, 0xe4, 0xfe, 0xec, 0xe6, 0xe0, 0xff,
  0xe7, 0xe0, 0xd8, 0xff, 0xe7, 0xe0, 0xd8, 0xff, 0xe7, 0xe0, 0xd8, 0xff,
  0xe7, 0xe0, 0xd8, 0xff, 0xe7, 0xe0, 0xd8, 0xff, 0xe7, 0xe0, 0xd8, 0xff,
  0xe7, 0xe0, 0xd8, 0xff, 0xe7, 0xe0, 0xd8, 0xff, 0xe7, 0xe0, 0xd8, 0xff,
  0xd8, 0xd1, 0xc9, 0x9b, 0x00, 0x00, 0x00, 0x00, 0x00, 0x00, 0x00, 0x00,
  0x00, 0x00, 0x00, 0x00, 0x00, 0x00, 0x00, 0x00, 0x00, 0x00, 0x00, 0x00,
  0x00, 0x00, 0x00, 0x00, 0x00, 0x00, 0x00, 0x00, 0x00, 0x00, 0x00, 0x00,
  0x00, 0x00, 0x00, 0x00, 0x00, 0x00, 0x00, 0x00, 0x00, 0x00, 0x00, 0x00,
  0x00, 0x00, 0x00, 0x00, 0x00, 0x00, 0x00, 0x00, 0x00, 0x00, 0x00, 0x00,
  0x00, 0x00, 0x00, 0x00, 0x00, 0x00, 0x00, 0x00, 0x00, 0x00, 0x00, 0x00,
  0x00, 0x00, 0x00, 0x00, 0x00, 0x00, 0x00, 0x00, 0x00, 0x00, 0x00, 0x00,
  0x00, 0x00, 0x00, 0x00, 0x00, 0x00, 0x00, 0x00, 0x00, 0x00, 0x00, 0x00,
  0x00, 0x00, 0x00, 0x00, 0x00, 0x00, 0x00, 0x00, 0x00, 0x00, 0x00, 0x00,
  0x00, 0x00, 0x00, 0x00, 0x00, 0x00, 0x00, 0x00, 0x8b, 0x80, 0x78, 0x86,
  0x67, 0x5b, 0x54, 0xff, 0x67, 0x5b, 0x54, 0xff, 0x67, 0x5b, 0x54, 0xff,
  0x67, 0x5b, 0x54, 0xff, 0x67, 0x5b, 0x54, 0xff, 0x67, 0x5b, 0x54, 0xff,
  0x67, 0x5b, 0x54, 0xff, 0x67, 0x5b, 0x54, 0xff, 0x67, 0x5b, 0x54, 0xff,
  0x8d, 0x83, 0x7d, 0xff, 0xe8, 0xe3, 0xdf, 0xfe, 0xec, 0xe7, 0xe3, 0xfe,
  0xec, 0xe7, 0xe3, 0xfe, 0xec, 0xe7, 0xe3, 0xfe, 0xec, 0xe7, 0xe3, 0xfe,
  0xec, 0xe7, 0xe3, 0xfe, 0xec, 0xe7, 0xe3, 0xfe, 0xec, 0xe7, 0xe3, 0xfe,
  0xec, 0xe7, 0xe3, 0xfe, 0xed, 0xe9, 0xe5, 0xfe, 0xed, 0xe7, 0xe0, 0xff,
  0xe7, 0xe0, 0xd8, 0xff, 0xe7, 0xe0, 0xd8, 0xff, 0xe7, 0xe0, 0xd8, 0xff,
  0xe7, 0xe0, 0xd8, 0xff, 0xe7, 0xe0, 0xd8, 0xff, 0xe7, 0xe0, 0xd8, 0xff,
  0xe7, 0xe0, 0xd8, 0xff, 0xe7, 0xe0, 0xd8, 0xff, 0xe7, 0xe0, 0xd8, 0xff,
  0xda, 0xd2, 0xc8, 0x83, 0x00, 0x00, 0x00, 0x00, 0x00, 0x00, 0x00, 0x00,
  0x00, 0x00, 0x00, 0x00, 0x00, 0x00, 0x00, 0x00, 0x00, 0x00, 0x00, 0x00,
  0x00, 0x00, 0x00, 0x00, 0x00, 0x00, 0x00, 0x00, 0x00, 0x00, 0x00, 0x00,
  0x00, 0x00, 0x00, 0x00, 0x00, 0x00, 0x00, 0x00, 0x00, 0x00, 0x00, 0x00,
  0x00, 0x00, 0x00, 0x00, 0x00, 0x00, 0x00, 0x00, 0x00, 0x00, 0x00, 0x00,
  0x00, 0x00, 0x00, 0x00, 0x00, 0x00, 0x00, 0x00, 0x00, 0x00, 0x00, 0x00,
  0x00, 0x00, 0x00, 0x00, 0x00, 0x00, 0x00, 0x00, 0x00, 0x00, 0x00, 0x00,
  0x00, 0x00, 0x00, 0x00, 0x00, 0x00, 0x00, 0x00, 0x00, 0x00, 0x00, 0x00,
  0x00, 0x00, 0x00, 0x00, 0x00, 0x00, 0x00, 0x00, 0x00, 0x00, 0x00, 0x00,
  0x00, 0x00, 0x00, 0x00, 0x00, 0x00, 0x00, 0x00, 0x8c, 0x81, 0x7a, 0x6d,
  0x67, 0x5b, 0x54, 0xff, 0x67, 0x5b, 0x54, 0xff, 0x67, 0x5b, 0x54, 0xff,
  0x67, 0x5b, 0x54, 0xff, 0x67, 0x5b, 0x54, 0xff, 0x67, 0x5b, 0x54, 0xff,
  0x67, 0x5b, 0x54, 0xff, 0x67, 0x5b, 0x54, 0xff, 0x67, 0x5b, 0x54, 0xff,
  0x8a, 0x81, 0x7a, 0xff, 0xe7, 0xe2, 0xde, 0xfe, 0xec, 0xe7, 0xe3, 0xfe,
  0xec, 0xe7, 0xe3, 0xfe, 0xec, 0xe7, 0xe3, 0xfe, 0xec, 0xe7, 0xe3, 0xfe,
  0xec, 0xe7, 0xe3, 0xfe, 0xec, 0xe7, 0xe3, 0xfe, 0xec, 0xe7, 0xe3, 0xfe,
  0xec, 0xe7, 0xe3, 0xfe, 0xee, 0xea, 0xe5, 0xfe, 0xed, 0xe6, 0xdf, 0xff,
  0xe7, 0xe0, 0xd8, 0xff, 0xe7, 0xe0, 0xd8, 0xff, 0xe7, 0xe0, 0xd8, 0xff,
  0xe7, 0xe0, 0xd8, 0xff, 0xe7, 0xe0, 0xd8, 0xff, 0xe7, 0xe0, 0xd8, 0xff,
  0xe7, 0xe0, 0xd8, 0xff, 0xe7, 0xe0, 0xd8, 0xff, 0xe7, 0xe0, 0xd8, 0xff,
  0xd6, 0xcf, 0xc6, 0x6b, 0x00, 0x00, 0x00, 0x00, 0x00, 0x00, 0x00, 0x00,
  0x00, 0x00, 0x00, 0x00, 0x00, 0x00, 0x00, 0x00, 0x00, 0x00, 0x00, 0x00,
  0x00, 0x00, 0x00, 0x00, 0x00, 0x00, 0x00, 0x00, 0x00, 0x00, 0x00, 0x00,
  0x00, 0x00, 0x00, 0x00, 0x00, 0x00, 0x00, 0x00, 0x00, 0x00, 0x00, 0x00,
  0x00, 0x00, 0x00, 0x00, 0x00, 0x00, 0x00, 0x00, 0x00, 0x00, 0x00, 0x00,
  0x00, 0x00, 0x00, 0x00, 0x00, 0x00, 0x00, 0x00, 0x00, 0x00, 0x00, 0x00,
  0x00, 0x00, 0x00, 0x00, 0x00, 0x00, 0x00, 0x00, 0x00, 0x00, 0x00, 0x00,
  0x00, 0x00, 0x00, 0x00, 0x00, 0x00, 0x00, 0x00, 0x00, 0x00, 0x00, 0x00,
  0x00, 0x00, 0x00, 0x00, 0x00, 0x00, 0x00, 0x00, 0x00, 0x00, 0x00, 0x00,
  0x00, 0x00, 0x00, 0x00, 0x00, 0x00, 0x00, 0x00, 0x8e, 0x81, 0x7e, 0x51,
  0x67, 0x5b, 0x54, 0xff, 0x67, 0x5b, 0x54, 0xff, 0x67, 0x5b, 0x54, 0xff,
  0x67, 0x5b, 0x54, 0xff, 0x67, 0x5b, 0x54, 0xff, 0x67, 0x5b, 0x54, 0xff,
  0x67, 0x5b, 0x54, 0xff, 0x67, 0x5b, 0x54, 0xff, 0x67, 0x5b, 0x54, 0xff,
  0x87, 0x7d, 0x78, 0xff, 0xe5, 0xe1, 0xdc, 0xfe, 0xec, 0xe7, 0xe3, 0xfe,
  0xec, 0xe7, 0xe3, 0xfe, 0xec, 0xe7, 0xe3, 0xfe, 0xec, 0xe7, 0xe3, 0xfe,
  0xec, 0xe7, 0xe3, 0xfe, 0xec, 0xe7, 0xe3, 0xfe, 0xec, 0xe7, 0xe3, 0xfe,
  0xec, 0xe7, 0xe3, 0xfe, 0xef, 0xea, 0xe6, 0xfe, 0xeb, 0xe6, 0xde, 0xff,
  0xe7, 0xe0, 0xd8, 0xff, 0xe7, 0xe0, 0xd8, 0xff, 0xe7, 0xe0, 0xd8, 0xff,
  0xe7, 0xe0, 0xd8, 0xff, 0xe7, 0xe0, 0xd8, 0xff, 0xe7, 0xe0, 0xd8, 0xff,
  0xe7, 0xe0, 0xd8, 0xff, 0xe7, 0xe0, 0xd8, 0xff, 0xe7, 0xe0, 0xd8, 0xff,
  0xd8, 0xd2, 0xc5, 0x4f, 0x00, 0x00, 0x00, 0x00, 0x00, 0x00, 0x00, 0x00,
  0x00, 0x00, 0x00, 0x00, 0x00, 0x00, 0x00, 0x00, 0x00, 0x00, 0x00, 0x00,
  0x00, 0x00, 0x00, 0x00, 0x00, 0x00, 0x00, 0x00, 0x00, 0x00, 0x00, 0x00,
  0x00, 0x00, 0x00, 0x00, 0x00, 0x00, 0x00, 0x00, 0x00, 0x00, 0x00, 0x00,
  0x00, 0x00, 0x00, 0x00, 0x00, 0x00, 0x00, 0x00, 0x00, 0x00, 0x00, 0x00,
  0x00, 0x00, 0x00, 0x00, 0x00, 0x00, 0x00, 0x00, 0x00, 0x00, 0x00, 0x00,
  0x00, 0x00, 0x00, 0x00, 0x00, 0x00, 0x00, 0x00, 0x00, 0x00, 0x00, 0x00,
  0x00, 0x00, 0x00, 0x00, 0x00, 0x00, 0x00, 0x00, 0x00, 0x00, 0x00, 0x00,
  0x00, 0x00, 0x00, 0x00, 0x00, 0x00, 0x00, 0x00, 0x00, 0x00, 0x00, 0x00,
  0x00, 0x00, 0x00, 0x00, 0x00, 0x00, 0x00, 0x00, 0x92, 0x87, 0x7d, 0x31,
  0x67, 0x5b, 0x54, 0xff, 0x67, 0x5b, 0x54, 0xff, 0x67, 0x5b, 0x54, 0xff,
  0x67, 0x5b, 0x54, 0xff, 0x67, 0x5b, 0x54, 0xff, 0x67, 0x5b, 0x54, 0xff,
  0x67, 0x5b, 0x54, 0xff, 0x67, 0x5b, 0x54, 0xff, 0x67, 0x5b, 0x54, 0xff,
  0x84, 0x7a, 0x74, 0xff, 0xe4, 0xdf, 0xdb, 0xfe, 0xec, 0xe7, 0xe3, 0xfe,
  0xec, 0xe7, 0xe3, 0xfe, 0xec, 0xe7, 0xe3, 0xfe, 0xec, 0xe7, 0xe3, 0xfe,
  0xec, 0xe7, 0xe3, 0xfe, 0xec, 0xe7, 0xe3, 0xfe, 0xec, 0xe7, 0xe3, 0xfe,
  0xec, 0xe7, 0xe3, 0xfe, 0xf0, 0xeb, 0xe7, 0xfe, 0xeb, 0xe5, 0xde, 0xff,
  0xe7, 0xe0, 0xd8, 0xff, 0xe7, 0xe0, 0xd8, 0xff, 0xe7, 0xe0, 0xd8, 0xff,
  0xe7, 0xe0, 0xd8, 0xff, 0xe7, 0xe0, 0xd8, 0xff, 0xe7, 0xe0, 0xd8, 0xff,
  0xe7, 0xe0, 0xd8, 0xff, 0xe7, 0xe0, 0xd8, 0xff, 0xe7, 0xe0, 0xd8, 0xff,
  0xd4, 0xce, 0xc3, 0x2f, 0x00, 0x00, 0x00, 0x00, 0x00, 0x00, 0x00, 0x00,
  0x00, 0x00, 0x00, 0x00, 0x00, 0x00, 0x00, 0x00, 0x00, 0x00, 0x00, 0x00,
  0x00, 0x00, 0x00, 0x00, 0x00, 0x00, 0x00, 0x00, 0x00, 0x00, 0x00, 0x00,
  0x00, 0x00, 0x00, 0x00, 0x00, 0x00, 0x00, 0x00, 0x00, 0x00, 0x00, 0x00,
  0x00, 0x00, 0x00, 0x00, 0x00, 0x00, 0x00, 0x00, 0x00, 0x00, 0x00, 0x00,
  0x00, 0x00, 0x00, 0x00, 0x00, 0x00, 0x00, 0x00, 0x00, 0x00, 0x00, 0x00,
  0x00, 0x00, 0x00, 0x00, 0x00, 0x00, 0x00, 0x00, 0x00, 0x00, 0x00, 0x00,
  0x00, 0x00, 0x00, 0x00, 0x00, 0x00, 0x00, 0x00, 0x00, 0x00, 0x00, 0x00,
  0x00, 0x00, 0x00, 0x00, 0x00, 0x00, 0x00, 0x00, 0x00, 0x00, 0x00, 0x00,
  0x00, 0x00, 0x00, 0x00, 0x00, 0x00, 0x00, 0x00, 0x8f, 0x8f, 0x70, 0x10,
  0x67, 0x5b, 0x54, 0xff, 0x67, 0x5b, 0x54, 0xff, 0x67, 0x5b, 0x54, 0xff,
  0x67, 0x5b, 0x54, 0xff, 0x67, 0x5b, 0x54, 0xff, 0x67, 0x5b, 0x54, 0xff,
  0x67, 0x5b, 0x54, 0xff, 0x67, 0x5b, 0x54, 0xff, 0x67, 0x5b, 0x54, 0xff,
  0x82, 0x78, 0x72, 0xff, 0xe3, 0xde, 0xda, 0xfe, 0xec, 0xe7, 0xe3, 0xfe,
  0xec, 0xe7, 0xe3, 0xfe, 0xec, 0xe7, 0xe3, 0xfe, 0xec, 0xe7, 0xe3, 0xfe,
  0xec, 0xe7, 0xe3, 0xfe, 0xec, 0xe7, 0xe3, 0xfe, 0xec, 0xe7, 0xe3, 0xfe,
  0xec, 0xe7, 0xe3, 0xfe, 0xf0, 0xec, 0xe7, 0xfe, 0xeb, 0xe4, 0xde, 0xff,
  0xe7, 0xe0, 0xd8, 0xff, 0xe7, 0xe0, 0xd8, 0xff, 0xe7, 0xe0, 0xd8, 0xff,
  0xe7, 0xe0, 0xd8, 0xff, 0xe7, 0xe0, 0xd8, 0xff, 0xe7, 0xe0, 0xd8, 0xff,
  0xe7, 0xe0, 0xd8, 0xff, 0xe7, 0xe0, 0xd8, 0xff, 0xe7, 0xe0, 0xd8, 0xff,
  0xcf, 0xcf, 0xaf, 0x10, 0x00, 0x00, 0x00, 0x00, 0x00, 0x00, 0x00, 0x00,
  0x00, 0x00, 0x00, 0x00, 0x00, 0x00, 0x00, 0x00, 0x00, 0x00, 0x00, 0x00,
  0x00, 0x00, 0x00, 0x00, 0x00, 0x00, 0x00, 0x00, 0x00, 0x00, 0x00, 0x00,
  0x00, 0x00, 0x00, 0x00, 0x00, 0x00, 0x00, 0x00, 0x00, 0x00, 0x00, 0x00,
  0x00, 0x00, 0x00, 0x00, 0x00, 0x00, 0x00, 0x00, 0x00, 0x00, 0x00, 0x00,
  0x00, 0x00, 0x00, 0x00, 0x00, 0x00, 0x00, 0x00, 0x00, 0x00, 0x00, 0x00,
  0x00, 0x00, 0x00, 0x00, 0x00, 0x00, 0x00, 0x00, 0x00, 0x00, 0x00, 0x00,
  0x00, 0x00, 0x00, 0x00, 0x00, 0x00, 0x00, 0x00, 0x00, 0x00, 0x00, 0x00,
  0x00, 0x00, 0x00, 0x00, 0x00, 0x00, 0x00, 0x00, 0x00, 0x00, 0x00, 0x00,
  0x00, 0x00, 0x00, 0x00, 0x00, 0x00, 0x00, 0x00, 0x00, 0x00, 0x00, 0x00,
  0x6b, 0x5e, 0x56, 0xfe, 0x67, 0x5b, 0x54, 0xff, 0x67, 0x5b, 0x54, 0xff,
  0x67, 0x5b, 0x54, 0xff, 0x67, 0x5b, 0x54, 0xff, 0x67, 0x5b, 0x54, 0xff,
  0x67, 0x5b, 0x54, 0xff, 0x67, 0x5b, 0x54, 0xff, 0x67, 0x5b, 0x54, 0xff,
  0x7f, 0x75, 0x6e, 0xff, 0xe2, 0xdd, 0xd8, 0xfe, 0xec, 0xe7, 0xe3, 0xfe,
  0xec, 0xe7, 0xe3, 0xfe, 0xec, 0xe7, 0xe3, 0xfe, 0xec, 0xe7, 0xe3, 0xfe,
  0xec, 0xe7, 0xe3, 0xfe, 0xec, 0xe7, 0xe3, 0xfe, 0xec, 0xe7, 0xe3, 0xfe,
  0xec, 0xe7, 0xe3, 0xfe, 0xf0, 0xec, 0xe8, 0xfe, 0xeb, 0xe4, 0xdd, 0xff,
  0xe7, 0xe0, 0xd8, 0xff, 0xe7, 0xe0, 0xd8, 0xff, 0xe7, 0xe0, 0xd8, 0xff,
  0xe7, 0xe0, 0xd8, 0xff, 0xe7, 0xe0, 0xd8, 0xff, 0xe7, 0xe0, 0xd8, 0xff,
  0xe7, 0xe0, 0xd8, 0xff, 0xe7, 0xe0, 0xd8, 0xff, 0xe5, 0xde, 0xd6, 0xfe,
  0x00, 0x00, 0x00, 0x00, 0x00, 0x00, 0x00, 0x00, 0x00, 0x00, 0x00, 0x00,
  0x00, 0x00, 0x00, 0x00, 0x00, 0x00, 0x00, 0x00, 0x00, 0x00, 0x00, 0x00,
  0x00, 0x00, 0x00, 0x00, 0x00, 0x00, 0x00, 0x00, 0x00, 0x00, 0x00, 0x00,
  0x00, 0x00, 0x00, 0x00, 0x00, 0x00, 0x00, 0x00, 0x00, 0x00, 0x00, 0x00,
  0x00, 0x00, 0x00, 0x00, 0x00, 0x00, 0x00, 0x00, 0x00, 0x00, 0x00, 0x00,
  0x00, 0x00, 0x00, 0x00, 0x00, 0x00, 0x00, 0x00, 0x00, 0x00, 0x00, 0x00,
  0x00, 0x00, 0x00, 0x00, 0x00, 0x00, 0x00, 0x00, 0x00, 0x00, 0x00, 0x00,
  0x00, 0x00, 0x00, 0x00, 0x00, 0x00, 0x00, 0x00, 0x00, 0x00, 0x00, 0x00,
  0x00, 0x00, 0x00, 0x00, 0x00, 0x00, 0x00, 0x00, 0x00, 0x00, 0x00, 0x00,
  0x00, 0x00, 0x00, 0x00, 0x00, 0x00, 0x00, 0x00, 0x00, 0x00, 0x00, 0x00,
  0x70, 0x64, 0x5c, 0xfb, 0x67, 0x5b, 0x54, 0xff, 0x67, 0x5b, 0x54, 0xff,
  0x67, 0x5b, 0x54, 0xff, 0x67, 0x5b, 0x54, 0xff, 0x67, 0x5b, 0x54, 0xff,
  0x67, 0x5b, 0x54, 0xff, 0x67, 0x5b, 0x54, 0xff, 0x67, 0x5b, 0x54, 0xff,
  0x7c, 0x72, 0x6c, 0xff, 0xe0, 0xdb, 0xd7, 0xfe, 0xec, 0xe7, 0xe3, 0xfe,
  0xec, 0xe7, 0xe3, 0xfe, 0xec, 0xe7, 0xe3, 0xfe, 0xec, 0xe7, 0xe3, 0xfe,
  0xec, 0xe7, 0xe3, 0xfe, 0xec, 0xe7, 0xe3, 0xfe, 0xec, 0xe7, 0xe3, 0xfe,
  0xec, 0xe7, 0xe3, 0xfe, 0xf1, 0xed, 0xe9, 0xfe, 0xea, 0xe3, 0xdd, 0xff,
  0xe7, 0xe0, 0xd8, 0xff, 0xe7, 0xe0, 0xd8, 0xff, 0xe7, 0xe0, 0xd8, 0xff,
  0xe7, 0xe0, 0xd8, 0xff, 0xe7, 0xe0, 0xd8, 0xff, 0xe7, 0xe0, 0xd8, 0xff,
  0xe7, 0xe0, 0xd8, 0xff, 0xe7, 0xe0, 0xd8, 0xff, 0xe3, 0xdc, 0xd3, 0xfa,
  0x00, 0x00, 0x00, 0x00, 0x00, 0x00, 0x00, 0x00, 0x00, 0x00, 0x00, 0x00,
  0x00, 0x00, 0x00, 0x00, 0x00, 0x00, 0x00, 0x00, 0x00, 0x00, 0x00, 0x00,
  0x00, 0x00, 0x00, 0x00, 0x00, 0x00, 0x00, 0x00, 0x00, 0x00, 0x00, 0x00,
  0x00, 0x00, 0x00, 0x00, 0x00, 0x00, 0x00, 0x00, 0x00, 0x00, 0x00, 0x00,
  0x00, 0x00, 0x00, 0x00, 0x00, 0x00, 0x00, 0x00, 0x00, 0x00, 0x00, 0x00,
  0x00, 0x00, 0x00, 0x00, 0x00, 0x00, 0x00, 0x00, 0x00, 0x00, 0x00, 0x00,
  0x00, 0x00, 0x00, 0x00, 0x00, 0x00, 0x00, 0x00, 0x00, 0x00, 0x00, 0x00,
  0x00, 0x00, 0x00, 0x00, 0x00, 0x00, 0x00, 0x00, 0x00, 0x00, 0x00, 0x00,
  0x00, 0x00, 0x00, 0x00, 0x00, 0x00, 0x00, 0x00, 0x00, 0x00, 0x00, 0x00,
  0x00, 0x00, 0x00, 0x00, 0x00, 0x00, 0x00, 0x00, 0x00, 0x00, 0x00, 0x00,
  0x75, 0x69, 0x61, 0xf4, 0x67, 0x5b, 0x54, 0xff, 0x67, 0x5b, 0x54, 0xff,
  0x67, 0x5b, 0x54, 0xff, 0x67, 0x5b, 0x54, 0xff, 0x67, 0x5b, 0x54, 0xff,
  0x67, 0x5b, 0x54, 0xff, 0x67, 0x5b, 0x54, 0xff, 0x67, 0x5b, 0x54, 0xff,
  0x7a, 0x70, 0x68, 0xff, 0xdf, 0xda, 0xd6, 0xfe, 0xec, 0xe7, 0xe3, 0xfe,
  0xec, 0xe7, 0xe3, 0xfe, 0xec, 0xe7, 0xe3, 0xfe, 0xec, 0xe7, 0xe3, 0xfe,
  0xec, 0xe7, 0xe3, 0xfe, 0xec, 0xe7, 0xe3, 0xfe, 0xec, 0xe7, 0xe3, 0xfe,
  0xec, 0xe7, 0xe3, 0xfe, 0xf2, 0xee, 0xe9, 0xfe, 0xe9, 0xe3, 0xdc, 0xff,
  0xe7, 0xe0, 0xd8, 0xff, 0xe7, 0xe0, 0xd8, 0xff, 0xe7, 0xe0, 0xd8, 0xff,
  0xe7, 0xe0, 0xd8, 0xff, 0xe7, 0xe0, 0xd8, 0xff, 0xe7, 0xe0, 0xd8, 0xff,
  0xe7, 0xe0, 0xd8, 0xff, 0xe7, 0xe0, 0xd8, 0xff, 0xe2, 0xda, 0xd2, 0xf3,
  0x00, 0x00, 0x00, 0x00, 0x00, 0x00, 0x00, 0x00, 0x00, 0x00, 0x00, 0x00,
  0x00, 0x00, 0x00, 0x00, 0x00, 0x00, 0x00, 0x00, 0x00, 0x00, 0x00, 0x00,
  0x00, 0x00, 0x00, 0x00, 0x00, 0x00, 0x00, 0x00, 0x00, 0x00, 0x00, 0x00,
  0x00, 0x00, 0x00, 0x00, 0x00, 0x00, 0x00, 0x00, 0x00, 0x00, 0x00, 0x00,
  0x00, 0x00, 0x00, 0x00, 0x00, 0x00, 0x00, 0x00, 0x00, 0x00, 0x00, 0x00,
  0x00, 0x00, 0x00, 0x00, 0x00, 0x00, 0x00, 0x00, 0x00, 0x00, 0x00, 0x00,
  0x00, 0x00, 0x00, 0x00, 0x00, 0x00, 0x00, 0x00, 0x00, 0x00, 0x00, 0x00,
  0x00, 0x00, 0x00, 0x00, 0x00, 0x00, 0x00, 0x00, 0x00, 0x00, 0x00, 0x00,
  0x00, 0x00, 0x00, 0x00, 0x00, 0x00, 0x00, 0x00, 0x00, 0x00, 0x00, 0x00,
  0x00, 0x00, 0x00, 0x00, 0x00, 0x00, 0x00, 0x00, 0x00, 0x00, 0x00, 0x00,
  0x79, 0x6d, 0x66, 0xec, 0x67, 0x5b, 0x54, 0xff, 0x67, 0x5b, 0x54, 0xff,
  0x67, 0x5b, 0x54, 0xff, 0x67, 0x5b, 0x54, 0xff, 0x67, 0x5b, 0x54, 0xff,
  0x67, 0x5b, 0x54, 0xff, 0x67, 0x5b, 0x54, 0xff, 0x67, 0x5b, 0x54, 0xff,
  0x78, 0x6d, 0x66, 0xff, 0xde, 0xd9, 0xd4, 0xfe, 0xec, 0xe7, 0xe3, 0xfe,
  0xec, 0xe7, 0xe3, 0xfe, 0xec, 0xe7, 0xe3, 0xfe, 0xec, 0xe7, 0xe3, 0xfe,
  0xec, 0xe7, 0xe3, 0xfe, 0xec, 0xe7, 0xe3, 0xfe, 0xec, 0xe7, 0xe3, 0xfe,
  0xec, 0xe7, 0xe3, 0xfe, 0xf3, 0xee, 0xea, 0xfe, 0xea, 0xe3, 0xdc, 0xff,
  0xe7, 0xe0, 0xd8, 0xff, 0xe7, 0xe0, 0xd8, 0xff, 0xe7, 0xe0, 0xd8, 0xff,
  0xe7, 0xe0, 0xd8, 0xff, 0xe7, 0xe0, 0xd8, 0xff, 0xe7, 0xe0, 0xd8, 0xff,
  0xe7, 0xe0, 0xd8, 0xff, 0xe7, 0xe0, 0xd8, 0xff, 0xe0, 0xd9, 0xd0, 0xea,
  0x00, 0x00, 0x00, 0x00, 0x00, 0x00, 0x00, 0x00, 0x00, 0x00, 0x00, 0x00,
  0x00, 0x00, 0x00, 0x00, 0x00, 0x00, 0x00, 0x00, 0x00, 0x00, 0x00, 0x00,
  0x00, 0x00, 0x00, 0x00, 0x00, 0x00, 0x00, 0x00, 0x00, 0x00, 0x00, 0x00,
  0x00, 0x00, 0x00, 0x00, 0x00, 0x00, 0x00, 0x00, 0x00, 0x00, 0x00, 0x00,
  0x00, 0x00, 0x00, 0x00, 0x00, 0x00, 0x00, 0x00, 0x00, 0x00, 0x00, 0x00,
  0x00, 0x00, 0x00, 0x00, 0x00, 0x00, 0x00, 0x00, 0x00, 0x00, 0x00, 0x00,
  0x00, 0x00, 0x00, 0x00, 0x00, 0x00, 0x00, 0x00, 0x00, 0x00, 0x00, 0x00,
  0x00, 0x00, 0x00, 0x00, 0x00, 0x00, 0x00, 0x00, 0x00, 0x00, 0x00, 0x00,
  0x00, 0x00, 0x00, 0x00, 0x00, 0x00, 0x00, 0x00, 0x00, 0x00, 0x00, 0x00,
  0x00, 0x00, 0x00, 0x00, 0x00, 0x00, 0x00, 0x00, 0x00, 0x00, 0x00, 0x00,
  0x7d, 0x71, 0x68, 0xe1, 0x67, 0x5b, 0x54, 0xff, 0x67, 0x5b, 0x54, 0xff,
  0x67, 0x5b, 0x54, 0xff, 0x67, 0x5b, 0x54, 0xff, 0x67, 0x5b, 0x54, 0xff,
  0x67, 0x5b, 0x54, 0xff, 0x67, 0x5b, 0x54, 0xff, 0x67, 0x5b, 0x54, 0xff,
  0x75, 0x6a, 0x62, 0xff, 0xdd, 0xd8, 0xd3, 0xfe, 0xec, 0xe7, 0xe3, 0xfe,
  0xec, 0xe7, 0xe3, 0xfe, 0xec, 0xe7, 0xe3, 0xfe, 0xec, 0xe7, 0xe3, 0xfe,
  0xec, 0xe7, 0xe3, 0xfe, 0xec, 0xe7, 0xe3, 0xfe, 0xec, 0xe7, 0xe3, 0xfe,
  0xec, 0xe7, 0xe3, 0xfe, 0xf3, 0xef, 0xea, 0xfe, 0xe9, 0xe3, 0xdb, 0xff,
  0xe7, 0xe0, 0xd8, 0xff, 0xe7, 0xe0, 0xd8, 0xff, 0xe7, 0xe0, 0xd8, 0xff,
  0xe7, 0xe0, 0xd8, 0xff, 0xe7, 0xe0, 0xd8, 0xff, 0xe7, 0xe0, 0xd8, 0xff,
  0xe7, 0xe0, 0xd8, 0xff, 0xe7, 0xe0, 0xd8, 0xff, 0xdd, 0xd6, 0xce, 0xe0,
  0x00, 0x00, 0x00, 0x00, 0x00, 0x00, 0x00, 0x00, 0x00, 0x00, 0x00, 0x00,
  0x00, 0x00, 0x00, 0x00, 0x00, 0x00, 0x00, 0x00, 0x00, 0x00, 0x00, 0x00,
  0x00, 0x00, 0x00, 0x00, 0x00, 0x00, 0x00, 0x00, 0x00, 0x00, 0x00, 0x00,
  0x00, 0x00, 0x00, 0x00, 0x00, 0x00, 0x00, 0x00, 0x00, 0x00, 0x00, 0x00,
  0x00, 0x00, 0x00, 0x00, 0x00, 0x00, 0x00, 0x00, 0x00, 0x00, 0x00, 0x00,
  0x00, 0x00, 0x00, 0x00, 0x00, 0x00, 0x00, 0x00, 0x00, 0x00, 0x00, 0x00,
  0x00, 0x00, 0x00, 0x00, 0x00, 0x00, 0x00, 0x00, 0x00, 0x00, 0x00, 0x00,
  0x00, 0x00, 0x00, 0x00, 0x00, 0x00, 0x00, 0x00, 0x00, 0x00, 0x00, 0x00,
  0x00, 0x00, 0x00, 0x00, 0x00, 0x00, 0x00, 0x00, 0x00, 0x00, 0x00, 0x00,
  0x00, 0x00, 0x00, 0x00, 0x00, 0x00, 0x00, 0x00, 0x00, 0x00, 0x00, 0x00,
  0x80, 0x73, 0x6c, 0xd4, 0x67, 0x5b, 0x54, 0xff, 0x67, 0x5b, 0x54, 0xff,
  0x67, 0x5b, 0x54, 0xff, 0x67, 0x5b, 0x54, 0xff, 0x67, 0x5b, 0x54, 0xff,
  0x67, 0x5b, 0x54, 0xff, 0x67, 0x5b, 0x54, 0xff, 0x67, 0x5b, 0x54, 0xff,
  0x72, 0x66, 0x60, 0xff, 0xdb, 0xd6, 0xd2, 0xfe, 0xec, 0xe7, 0xe3, 0xfe,
  0xec, 0xe7, 0xe3, 0xfe, 0xec, 0xe7, 0xe3, 0xfe, 0xec, 0xe7, 0xe3, 0xfe,
  0xec, 0xe7, 0xe3, 0xfe, 0xec, 0xe7, 0xe3, 0xfe, 0xec, 0xe7, 0xe3, 0xfe,
  0xec, 0xe7, 0xe3, 0xfe, 0xf4, 0xef, 0xeb, 0xfe, 0xe9, 0xe2, 0xda, 0xff,
  0xe7, 0xe0, 0xd8, 0xff, 0xe7, 0xe0, 0xd8, 0xff, 0xe7, 0xe0, 0xd8, 0xff,
  0xe7, 0xe0, 0xd8, 0xff, 0xe7, 0xe0, 0xd8, 0xff, 0xe7, 0xe0, 0xd8, 0xff,
  0xe7, 0xe0, 0xd8, 0xff, 0xe7, 0xe0, 0xd8, 0xff, 0xdd, 0xd6, 0xcc, 0xd2,
  0x00, 0x00, 0x00, 0x00, 0x00, 0x00, 0x00, 0x00, 0x00, 0x00, 0x00, 0x00,
  0x00, 0x00, 0x00, 0x00, 0x00, 0x00, 0x00, 0x00, 0x00, 0x00, 0x00, 0x00,
  0x00, 0x00, 0x00, 0x00, 0x00, 0x00, 0x00, 0x00, 0x00, 0x00, 0x00, 0x00,
  0x00, 0x00, 0x00, 0x00, 0x00, 0x00, 0x00, 0x00, 0x00, 0x00, 0x00, 0x00,
  0x00, 0x00, 0x00, 0x00, 0x00, 0x00, 0x00, 0x00, 0x00, 0x00, 0x00, 0x00,
  0x00, 0x00, 0x00, 0x00, 0x00, 0x00, 0x00, 0x00, 0x00, 0x00, 0x00, 0x00,
  0x00, 0x00, 0x00, 0x00, 0x00, 0x00, 0x00, 0x00, 0x00, 0x00, 0x00, 0x00,
  0x00, 0x00, 0x00, 0x00, 0x00, 0x00, 0x00, 0x00, 0x00, 0x00, 0x00, 0x00,
  0x00, 0x00, 0x00, 0x00, 0x00, 0x00, 0x00, 0x00, 0x00, 0x00, 0x00, 0x00,
  0x00, 0x00, 0x00, 0x00, 0x00, 0x00, 0x00, 0x00, 0x00, 0x00, 0x00, 0x00,
  0x82, 0x78, 0x6f, 0xc4, 0x67, 0x5b, 0x54, 0xff, 0x67, 0x5b, 0x54, 0xff,
  0x67, 0x5b, 0x54, 0xff, 0x67, 0x5b, 0x54, 0xff, 0x67, 0x5b, 0x54, 0xff,
  0x67, 0x5b, 0x54, 0xff, 0x67, 0x5b, 0x54, 0xff, 0x67, 0x5b, 0x54, 0xff,
  0x6f, 0x64, 0x5d, 0xff, 0xd9, 0xd4, 0xd0, 0xff, 0xec, 0xe7, 0xe3, 0xfe,
  0xec, 0xe7, 0xe3, 0xfe, 0xec, 0xe7, 0xe3, 0xfe, 0xec, 0xe7, 0xe3, 0xfe,
  0xec, 0xe7, 0xe3, 0xfe, 0xec, 0xe7, 0xe3, 0xfe, 0xec, 0xe7, 0xe3, 0xfe,
  0xec, 0xe7, 0xe3, 0xfe, 0xf4, 0xf0, 0xec, 0xfe, 0xe8, 0xe1, 0xd9, 0xff,
  0xe7, 0xe0, 0xd8, 0xff, 0xe7, 0xe0, 0xd8, 0xff, 0xe7, 0xe0, 0xd8, 0xff,
  0xe7, 0xe0, 0xd8, 0xff, 0xe7, 0xe0, 0xd8, 0xff, 0xe7, 0xe0, 0xd8, 0xff,
  0xe7, 0xe0, 0xd8, 0xff, 0xe7, 0xe0, 0xd8, 0xff, 0xdb, 0xd5, 0xcd, 0xc1,
  0x00, 0x00, 0x00, 0x00, 0x00, 0x00, 0x00, 0x00, 0x00, 0x00, 0x00, 0x00,
  0x00, 0x00, 0x00, 0x00, 0x00, 0x00, 0x00, 0x00, 0x00, 0x00, 0x00, 0x00,
  0x00, 0x00, 0x00, 0x00, 0x00, 0x00, 0x00, 0x00, 0x00, 0x00, 0x00, 0x00,
  0x00, 0x00, 0x00, 0x00, 0x00, 0x00, 0x00, 0x00, 0x00, 0x00, 0x00, 0x00,
  0x00, 0x00, 0x00, 0x00, 0x00, 0x00, 0x00, 0x00, 0x00, 0x00, 0x00, 0x00,
  0x00, 0x00, 0x00, 0x00, 0x00, 0x00, 0x00, 0x00, 0x00, 0x00, 0x00, 0x00,
  0x00, 0x00, 0x00, 0x00, 0x00, 0x00, 0x00, 0x00, 0x00, 0x00, 0x00, 0x00,
  0x00, 0x00, 0x00, 0x00, 0x00, 0x00, 0x00, 0x00, 0x00, 0x00, 0x00, 0x00,
  0x00, 0x00, 0x00, 0x00, 0x00, 0x00, 0x00, 0x00, 0x00, 0x00, 0x00, 0x00,
  0x00, 0x00, 0x00, 0x00, 0x00, 0x00, 0x00, 0x00, 0x00, 0x00, 0x00, 0x00,
  0x86, 0x79, 0x72, 0xb3, 0x67, 0x5b, 0x54, 0xff, 0x67, 0x5b, 0x54, 0xff,
  0x67, 0x5b, 0x54, 0xff, 0x67, 0x5b, 0x54, 0xff, 0x67, 0x5b, 0x54, 0xff,
  0x67, 0x5b, 0x54, 0xff, 0x67, 0x5b, 0x54, 0xff, 0x67, 0x5b, 0x54, 0xff,
  0x6c, 0x61, 0x5a, 0xff, 0xd8, 0xd3, 0xcf, 0xff, 0xec, 0xe7, 0xe3, 0xfe,
  0xec, 0xe7, 0xe3, 0xfe, 0xec, 0xe7, 0xe3, 0xfe, 0xec, 0xe7, 0xe3, 0xfe,
  0xec, 0xe7, 0xe3, 0xfe, 0xec, 0xe7, 0xe3, 0xfe, 0xec, 0xe7, 0xe3, 0xfe,
  0xec, 0xe7, 0xe3, 0xfe, 0xf4, 0xf0, 0xec, 0xff, 0xe8, 0xe0, 0xd8, 0xff,
  0xe7, 0xe0, 0xd8, 0xff, 0xe7, 0xe0, 0xd8, 0xff, 0xe7, 0xe0, 0xd8, 0xff,
  0xe7, 0xe0, 0xd8, 0xff, 0xe7, 0xe0, 0xd8, 0xff, 0xe7, 0xe0, 0xd8, 0xff,
  0xe7, 0xe0, 0xd8, 0xff, 0xe7, 0xe0, 0xd8, 0xff, 0xda, 0xd2, 0xca, 0xb1,
  0x00, 0x00, 0x00, 0x00, 0x00, 0x00, 0x00, 0x00, 0x00, 0x00, 0x00, 0x00,
  0x00, 0x00, 0x00, 0x00, 0x00, 0x00, 0x00, 0x00, 0x00, 0x00, 0x00, 0x00,
  0x00, 0x00, 0x00, 0x00, 0x00, 0x00, 0x00, 0x00, 0x00, 0x00, 0x00, 0x00,
  0x00, 0x00, 0x00, 0x00, 0x00, 0x00, 0x00, 0x00, 0x00, 0x00, 0x00, 0x00,
  0x00, 0x00, 0x00, 0x00, 0x00, 0x00, 0x00, 0x00, 0x00, 0x00, 0x00, 0x00,
  0x00, 0x00, 0x00, 0x00, 0x00, 0x00, 0x00, 0x00, 0x00, 0x00, 0x00, 0x00,
  0x00, 0x00, 0x00, 0x00, 0x00, 0x00, 0x00, 0x00, 0x00, 0x00, 0x00, 0x00,
  0x00, 0x00, 0x00, 0x00, 0x00, 0x00, 0x00, 0x00, 0x00, 0x00, 0x00, 0x00,
  0x00, 0x00, 0x00, 0x00, 0x00, 0x00, 0x00, 0x00, 0x00, 0x00, 0x00, 0x00,
  0x00, 0x00, 0x00, 0x00, 0x00, 0x00, 0x00, 0x00, 0x00, 0x00, 0x00, 0x00,
  0x88, 0x7d, 0x75, 0x9d, 0x67, 0x5b, 0x54, 0xff, 0x67, 0x5b, 0x54, 0xff,
  0x67, 0x5b, 0x54, 0xff, 0x67, 0x5b, 0x54, 0xff, 0x67, 0x5b, 0x54, 0xff,
  0x67, 0x5b, 0x54, 0xff, 0x67, 0x5b, 0x54, 0xff, 0x67, 0x5b, 0x54, 0xff,
  0x6a, 0x5e, 0x57, 0xff, 0xd7, 0xd1, 0xcd, 0xff, 0xec, 0xe7, 0xe3, 0xfe,
  0xec, 0xe7, 0xe3, 0xfe, 0xec, 0xe7, 0xe3, 0xfe, 0xec, 0xe7, 0xe3, 0xfe,
  0xec, 0xe7, 0xe3, 0xfe, 0xec, 0xe7, 0xe3, 0xfe, 0xec, 0xe7, 0xe3, 0xfe,
  0xec, 0xe7, 0xe3, 0xfe, 0xf4, 0xf0, 0xec, 0xff, 0xe7, 0xe0, 0xd9, 0xff,
  0xe7, 0xe0, 0xd8, 0xff, 0xe7, 0xe0, 0xd8, 0xff, 0xe7, 0xe0, 0xd8, 0xff,
  0xe7, 0xe0, 0xd8, 0xff, 0xe7, 0xe0, 0xd8, 0xff, 0xe7, 0xe0, 0xd8, 0xff,
  0xe7, 0xe0, 0xd8, 0xff, 0xe7, 0xe0, 0xd8, 0xff, 0xd8, 0xd1, 0xc9, 0x9b,
  0x00, 0x00, 0x00, 0x00, 0x00, 0x00, 0x00, 0x00, 0x00, 0x00, 0x00, 0x00,
  0x00, 0x00, 0x00, 0x00, 0x00, 0x00, 0x00, 0x00, 0x00, 0x00, 0x00, 0x00,
  0x00, 0x00, 0x00, 0x00, 0x00, 0x00, 0x00, 0x00, 0x00, 0x00, 0x00, 0x00,
  0x00, 0x00, 0x00, 0x00, 0x00, 0x00, 0x00, 0x00, 0x00, 0x00, 0x00, 0x00,
  0x00, 0x00, 0x00, 0x00, 0x00, 0x00, 0x00, 0x00, 0x00, 0x00, 0x00, 0x00,
  0x00, 0x00, 0x00, 0x00, 0x00, 0x00, 0x00, 0x00, 0x00, 0x00, 0x00, 0x00,
  0x00, 0x00, 0x00, 0x00, 0x00, 0x00, 0x00, 0x00, 0x00, 0x00, 0x00, 0x00,
  0x00, 0x00, 0x00, 0x00, 0x00, 0x00, 0x00, 0x00, 0x00, 0x00, 0x00, 0x00,
  0x00, 0x00, 0x00, 0x00, 0x00, 0x00, 0x00, 0x00, 0x00, 0x00, 0x00, 0x00,
  0x00, 0x00, 0x00, 0x00, 0x00, 0x00, 0x00, 0x00, 0x00, 0x00, 0x00, 0x00,
  0x8b, 0x80, 0x78, 0x86, 0x67, 0x5b, 0x54, 0xff, 0x67, 0x5b, 0x54, 0xff,
  0x67, 0x5b, 0x54, 0xff, 0x67, 0x5b, 0x54, 0xff, 0x67, 0x5b, 0x54, 0xff,
  0x67, 0x5b, 0x54, 0xff, 0x67, 0x5b, 0x54, 0xff, 0x67, 0x5b, 0x54, 0xff,
  0x68, 0x5c, 0x55, 0xff, 0xd5, 0xd0, 0xcc, 0xff, 0xec, 0xe7, 0xe3, 0xfe,
  0xec, 0xe7, 0xe3, 0xfe, 0xec, 0xe7, 0xe3, 0xfe, 0xec, 0xe7, 0xe3, 0xfe,
  0xec, 0xe7, 0xe3, 0xfe, 0xec, 0xe7, 0xe3, 0xfe, 0xec, 0xe7, 0xe3, 0xfe,
  0xec, 0xe7, 0xe3, 0xfe, 0xf5, 0xf1, 0xed, 0xff, 0xe7, 0xe0, 0xd8, 0xff,
  0xe7, 0xe0, 0xd8, 0xff, 0xe7, 0xe0, 0xd8, 0xff, 0xe7, 0xe0, 0xd8, 0xff,
  0xe7, 0xe0, 0xd8, 0xff, 0xe7, 0xe0, 0xd8, 0xff, 0xe7, 0xe0, 0xd8, 0xff,
  0xe7, 0xe0, 0xd8, 0xff, 0xe7, 0xe0, 0xd8, 0xff, 0xda, 0xd2, 0xc8, 0x83,
  0x00, 0x00, 0x00, 0x00, 0x00, 0x00, 0x00, 0x00, 0x00, 0x00, 0x00, 0x00,
  0x00, 0x00, 0x00, 0x00, 0x00, 0x00, 0x00, 0x00, 0x00, 0x00, 0x00, 0x00,
  0x00, 0x00, 0x00, 0x00, 0x00, 0x00, 0x00, 0x00, 0x00, 0x00, 0x00, 0x00,
  0x00, 0x00, 0x00, 0x00, 0x00, 0x00, 0x00, 0x00, 0x00, 0x00, 0x00, 0x00,
  0x00, 0x00, 0x00, 0x00, 0x00, 0x00, 0x00, 0x00, 0x00, 0x00, 0x00, 0x00,
  0x00, 0x00, 0x00, 0x00, 0x00, 0x00, 0x00, 0x00, 0x00, 0x00, 0x00, 0x00,
  0x00, 0x00, 0x00, 0x00, 0x00, 0x00, 0x00, 0x00, 0x00, 0x00, 0x00, 0x00,
  0x00, 0x00, 0x00, 0x00, 0x00, 0x00, 0x00, 0x00, 0x00, 0x00, 0x00, 0x00,
  0x00, 0x00, 0x00, 0x00, 0x00, 0x00, 0x00, 0x00, 0x00, 0x00, 0x00, 0x00,
  0x00, 0x00, 0x00, 0x00, 0x00, 0x00, 0x00, 0x00, 0x00, 0x00, 0x00, 0x00,
  0x8c, 0x81, 0x7a, 0x6d, 0x67, 0x5b, 0x54, 0xff, 0x67, 0x5b, 0x54, 0xff,
  0x67, 0x5b, 0x54, 0xff, 0x67, 0x5b, 0x54, 0xff, 0x67, 0x5b, 0x54, 0xff,
  0x67, 0x5b, 0x54, 0xff, 0x67, 0x5b, 0x54, 0xff, 0x67, 0x5b, 0x54, 0xff,
  0x67, 0x5b, 0x54, 0xff, 0xd2, 0xcc, 0xc9, 0xff, 0xec, 0xe7, 0xe3, 0xfe,
  0xec, 0xe7, 0xe3, 0xfe, 0xec, 0xe7, 0xe3, 0xfe, 0xec, 0xe7, 0xe3, 0xfe,
  0xec, 0xe7, 0xe3, 0xfe, 0xec, 0xe7, 0xe3, 0xfe, 0xec, 0xe7, 0xe3, 0xfe,
  0xec, 0xe7, 0xe3, 0xfe, 0xf5, 0xf1, 0xed, 0xff, 0xe7, 0xe0, 0xd8, 0xff,
  0xe7, 0xe0, 0xd8, 0xff, 0xe7, 0xe0, 0xd8, 0xff, 0xe7, 0xe0, 0xd8, 0xff,
  0xe7, 0xe0, 0xd8, 0xff, 0xe7, 0xe0, 0xd8, 0xff, 0xe7, 0xe0, 0xd8, 0xff,
  0xe7, 0xe0, 0xd8, 0xff, 0xe7, 0xe0, 0xd8, 0xff, 0xd6, 0xcf, 0xc6, 0x6b,
  0x00, 0x00, 0x00, 0x00, 0x00, 0x00, 0x00, 0x00, 0x00, 0x00, 0x00, 0x00,
  0x00, 0x00, 0x00, 0x00, 0x00, 0x00, 0x00, 0x00, 0x00, 0x00, 0x00, 0x00,
  0x00, 0x00, 0x00, 0x00, 0x00, 0x00, 0x00, 0x00, 0x00, 0x00, 0x00, 0x00,
  0x00, 0x00, 0x00, 0x00, 0x00, 0x00, 0x00, 0x00, 0x00, 0x00, 0x00, 0x00,
  0x00, 0x00, 0x00, 0x00, 0x00, 0x00, 0x00, 0x00, 0x00, 0x00, 0x00, 0x00,
  0x00, 0x00, 0x00, 0x00, 0x00, 0x00, 0x00, 0x00, 0x00, 0x00, 0x00, 0x00,
  0x00, 0x00, 0x00, 0x00, 0x00, 0x00, 0x00, 0x00, 0x00, 0x00, 0x00, 0x00,
  0x00, 0x00, 0x00, 0x00, 0x00, 0x00, 0x00, 0x00, 0x00, 0x00, 0x00, 0x00,
  0x00, 0x00, 0x00, 0x00, 0x00, 0x00, 0x00, 0x00, 0x00, 0x00, 0x00, 0x00,
  0x00, 0x00, 0x00, 0x00, 0x00, 0x00, 0x00, 0x00, 0x00, 0x00, 0x00, 0x00,
  0x8e, 0x81, 0x7e, 0x51, 0x67, 0x5b, 0x54, 0xff, 0x67, 0x5b, 0x54, 0xff,
  0x67, 0x5b, 0x54, 0xff, 0x67, 0x5b, 0x54, 0xff, 0x67, 0x5b, 0x54, 0xff,
  0x67, 0x5b, 0x54, 0xff, 0x67, 0x5b, 0x54, 0xff, 0x67, 0x5b, 0x54, 0xff,
  0x67, 0x5b, 0x54, 0xff, 0xce, 0xc9, 0xc4, 0xff, 0xec, 0xe7, 0xe3, 0xfe,
  0xec, 0xe7, 0xe3, 0xfe, 0xec, 0xe7, 0xe3, 0xfe, 0xec, 0xe7, 0xe3, 0xfe,
  0xec, 0xe7, 0xe3, 0xfe, 0xec, 0xe7, 0xe3, 0xfe, 0xec, 0xe7, 0xe3, 0xfe,
  0xec, 0xe7, 0xe3, 0xfe, 0xf5, 0xf1, 0xec, 0xff, 0xe7, 0xe0, 0xd8, 0xff,
  0xe7, 0xe0, 0xd8, 0xff, 0xe7, 0xe0, 0xd8, 0xff, 0xe7, 0xe0, 0xd8, 0xff,
  0xe7, 0xe0, 0xd8, 0xff, 0xe7, 0xe0, 0xd8, 0xff, 0xe7, 0xe0, 0xd8, 0xff,
  0xe7, 0xe0, 0xd8, 0xff, 0xe7, 0xe0, 0xd8, 0xff, 0xd8, 0xd2, 0xc5, 0x4f,
  0x00, 0x00, 0x00, 0x00, 0x00, 0x00, 0x00, 0x00, 0x00, 0x00, 0x00, 0x00,
  0x00, 0x00, 0x00, 0x00, 0x00, 0x00, 0x00, 0x00, 0x00, 0x00, 0x00, 0x00,
  0x00, 0x00, 0x00, 0x00, 0x00, 0x00, 0x00, 0x00, 0x00, 0x00, 0x00, 0x00,
  0x00, 0x00, 0x00, 0x00, 0x00, 0x00, 0x00, 0x00, 0x00, 0x00, 0x00, 0x00,
  0x00, 0x00, 0x00, 0x00, 0x00, 0x00, 0x00, 0x00, 0x00, 0x00, 0x00, 0x00,
  0x00, 0x00, 0x00, 0x00, 0x00, 0x00, 0x00, 0x00, 0x00, 0x00, 0x00, 0x00,
  0x00, 0x00, 0x00, 0x00, 0x00, 0x00, 0x00, 0x00, 0x00, 0x00, 0x00, 0x00,
  0x00, 0x00, 0x00, 0x00, 0x00, 0x00, 0x00, 0x00, 0x00, 0x00, 0x00, 0x00,
  0x00, 0x00, 0x00, 0x00, 0x00, 0x00, 0x00, 0x00, 0x00, 0x00, 0x00, 0x00,
  0x00, 0x00, 0x00, 0x00, 0x00, 0x00, 0x00, 0x00, 0x00, 0x00, 0x00, 0x00,
  0x92, 0x87, 0x7d, 0x31, 0x67, 0x5b, 0x54, 0xff, 0x67, 0x5b, 0x54, 0xff,
  0x67, 0x5b, 0x54, 0xff, 0x67, 0x5b, 0x54, 0xff, 0x67, 0x5b, 0x54, 0xff,
  0x67, 0x5b, 0x54, 0xff, 0x67, 0x5b, 0x54, 0xff, 0x67, 0x5b, 0x54, 0xff,
  0x67, 0x5b, 0x54, 0xff, 0xcb, 0xc5, 0xc1, 0xff, 0xeb, 0xe6, 0xe1, 0xfe,
  0xec, 0xe7, 0xe3, 0xfe, 0xec, 0xe7, 0xe3, 0xfe, 0xec, 0xe7, 0xe3, 0xfe,
  0xec, 0xe7, 0xe3, 0xfe, 0xec, 0xe7, 0xe3, 0xfe, 0xec, 0xe7, 0xe3, 0xfe,
  0xec, 0xe8, 0xe3, 0xfe, 0xf5, 0xf2, 0xed, 0xff, 0xe7, 0xe0, 0xd8, 0xff,
  0xe7, 0xe0, 0xd8, 0xff, 0xe7, 0xe0, 0xd8, 0xff, 0xe7, 0xe0, 0xd8, 0xff,
  0xe7, 0xe0, 0xd8, 0xff, 0xe7, 0xe0, 0xd8, 0xff, 0xe7, 0xe0, 0xd8, 0xff,
  0xe7, 0xe0, 0xd8, 0xff, 0xe7, 0xe0, 0xd8, 0xff, 0xd4, 0xce, 0xc3, 0x2f,
  0x00, 0x00, 0x00, 0x00, 0x00, 0x00, 0x00, 0x00, 0x00, 0x00, 0x00, 0x00,
  0x00, 0x00, 0x00, 0x00, 0x00, 0x00, 0x00, 0x00, 0x00, 0x00, 0x00, 0x00,
  0x00, 0x00, 0x00, 0x00, 0x00, 0x00, 0x00, 0x00, 0x00, 0x00, 0x00, 0x00,
  0x00, 0x00, 0x00, 0x00, 0x00, 0x00, 0x00, 0x00, 0x00, 0x00, 0x00, 0x00,
  0x00, 0x00, 0x00, 0x00, 0x00, 0x00, 0x00, 0x00, 0x00, 0x00, 0x00, 0x00,
  0x00, 0x00, 0x00, 0x00, 0x00, 0x00, 0x00, 0x00, 0x00, 0x00, 0x00, 0x00,
  0x00, 0x00, 0x00, 0x00, 0x00, 0x00, 0x00, 0x00, 0x00, 0x00, 0x00, 0x00,
  0x00, 0x00, 0x00, 0x00, 0x00, 0x00, 0x00, 0x00, 0x00, 0x00, 0x00, 0x00,
  0x00, 0x00, 0x00, 0x00, 0x00, 0x00, 0x00, 0x00, 0x00, 0x00, 0x00, 0x00,
  0x00, 0x00, 0x00, 0x00, 0x00, 0x00, 0x00, 0x00, 0x00, 0x00, 0x00, 0x00,
  0x8f, 0x8f, 0x70, 0x10, 0x67, 0x5b, 0x54, 0xff, 0x67, 0x5b, 0x54, 0xff,
  0x67, 0x5b, 0x54, 0xff, 0x67, 0x5b, 0x54, 0xff, 0x67, 0x5b, 0x54, 0xff,
  0x67, 0x5b, 0x54, 0xff, 0x67, 0x5b, 0x54, 0xff, 0x67, 0x5b, 0x54, 0xff,
  0x67, 0x5b, 0x54, 0xff, 0xc9, 0xc2, 0xbe, 0xff, 0xe9, 0xe5, 0xe0, 0xfe,
  0xec, 0xe7, 0xe3, 0xfe, 0xec, 0xe7, 0xe3, 0xfe, 0xec, 0xe7, 0xe3, 0xfe,
  0xec, 0xe7, 0xe3, 0xfe, 0xec, 0xe7, 0xe3, 0xfe, 0xec, 0xe7, 0xe3, 0xfe,
  0xed, 0xe9, 0xe4, 0xfe, 0xf5, 0xf0, 0xec, 0xff, 0xe7, 0xe0, 0xd8, 0xff,
  0xe7, 0xe0, 0xd8, 0xff, 0xe7, 0xe0, 0xd8, 0xff, 0xe7, 0xe0, 0xd8, 0xff,
  0xe7, 0xe0, 0xd8, 0xff, 0xe7, 0xe0, 0xd8, 0xff, 0xe7, 0xe0, 0xd8, 0xff,
  0xe7, 0xe0, 0xd8, 0xff, 0xe7, 0xe0, 0xd8, 0xff, 0xcf, 0xcf, 0xaf, 0x10,
  0x00, 0x00, 0x00, 0x00, 0x00, 0x00, 0x00, 0x00, 0x00, 0x00, 0x00, 0x00,
  0x00, 0x00, 0x00, 0x00, 0x00, 0x00, 0x00, 0x00, 0x00, 0x00, 0x00, 0x00,
  0x00, 0x00, 0x00, 0x00, 0x00, 0x00, 0x00, 0x00, 0x00, 0x00, 0x00, 0x00,
  0x00, 0x00, 0x00, 0x00, 0x00, 0x00, 0x00, 0x00, 0x00, 0x00, 0x00, 0x00,
  0x00, 0x00, 0x00, 0x00, 0x00, 0x00, 0x00, 0x00, 0x00, 0x00, 0x00, 0x00,
  0x00, 0x00, 0x00, 0x00, 0x00, 0x00, 0x00, 0x00, 0x00, 0x00, 0x00, 0x00,
  0x00, 0x00, 0x00, 0x00, 0x00, 0x00, 0x00, 0x00, 0x00, 0x00, 0x00, 0x00,
  0x00, 0x00, 0x00, 0x00, 0x00, 0x00, 0x00, 0x00, 0x00, 0x00, 0x00, 0x00,
  0x00, 0x00, 0x00, 0x00, 0x00, 0x00, 0x00, 0x00, 0x00, 0x00, 0x00, 0x00,
  0x00, 0x00, 0x00, 0x00, 0x00, 0x00, 0x00, 0x00, 0x00, 0x00, 0x00, 0x00,
  0x00, 0x00, 0x00, 0x00, 0x6b, 0x5e, 0x56, 0xfe, 0x67, 0x5b, 0x54, 0xff,
  0x67, 0x5b, 0x54, 0xff, 0x67, 0x5b, 0x54, 0xff, 0x67, 0x5b, 0x54, 0xff,
  0x67, 0x5b, 0x54, 0xff, 0x67, 0x5b, 0x54, 0xff, 0x67, 0x5b, 0x54, 0xff,
  0x67, 0x5b, 0x54, 0xff, 0xc6, 0xbf, 0xbb, 0xff, 0xe8, 0xe3, 0xdf, 0xfe,
  0xec, 0xe7, 0xe3, 0xfe, 0xec, 0xe7, 0xe3, 0xfe, 0xec, 0xe7, 0xe3, 0xfe,
  0xec, 0xe7, 0xe3, 0xfe, 0xec, 0xe7, 0xe3, 0xfe, 0xec, 0xe7, 0xe3, 0xfe,
  0xee, 0xe9, 0xe5, 0xfe, 0xf4, 0xf0, 0xec, 0xff, 0xe7, 0xe0, 0xd8, 0xff,
  0xe7, 0xe0, 0xd8, 0xff, 0xe7, 0xe0, 0xd8, 0xff, 0xe7, 0xe0, 0xd8, 0xff,
  0xe7, 0xe0, 0xd8, 0xff, 0xe7, 0xe0, 0xd8, 0xff, 0xe7, 0xe0, 0xd8, 0xff,
  0xe7, 0xe0, 0xd8, 0xff, 0xe5, 0xde, 0xd6, 0xfe, 0x00, 0x00, 0x00, 0x00,
  0x00, 0x00, 0x00, 0x00, 0x00, 0x00, 0x00, 0x00, 0x00, 0x00, 0x00, 0x00,
  0x00, 0x00, 0x00, 0x00, 0x00, 0x00, 0x00, 0x00, 0x00, 0x00, 0x00, 0x00,
  0x00, 0x00, 0x00, 0x00, 0x00, 0x00, 0x00, 0x00, 0x00, 0x00, 0x00, 0x00,
  0x00, 0x00, 0x00, 0x00, 0x00, 0x00, 0x00, 0x00, 0x00, 0x00, 0x00, 0x00,
  0x00, 0x00, 0x00, 0x00, 0x00, 0x00, 0x00, 0x00, 0x00, 0x00, 0x00, 0x00,
  0x00, 0x00, 0x00, 0x00, 0x00, 0x00, 0x00, 0x00, 0x00, 0x00, 0x00, 0x00,
  0x00, 0x00, 0x00, 0x00, 0x00, 0x00, 0x00, 0x00, 0x00, 0x00, 0x00, 0x00,
  0x00, 0x00, 0x00, 0x00, 0x00, 0x00, 0x00, 0x00, 0x00, 0x00, 0x00, 0x00,
  0x00, 0x00, 0x00, 0x00, 0x00, 0x00, 0x00, 0x00, 0x00, 0x00, 0x00, 0x00,
  0x00, 0x00, 0x00, 0x00, 0x00, 0x00, 0x00, 0x00, 0x00, 0x00, 0x00, 0x00,
  0x00, 0x00, 0x00, 0x00, 0x70, 0x64, 0x5c, 0xfb, 0x67, 0x5b, 0x54, 0xff,
  0x67, 0x5b, 0x54, 0xff, 0x67, 0x5b, 0x54, 0xff, 0x67, 0x5b, 0x54, 0xff,
  0x67, 0x5b, 0x54, 0xff, 0x67, 0x5b, 0x54, 0xff, 0x67, 0x5b, 0x54, 0xff,
  0x67, 0x5b, 0x54, 0xff, 0xc4, 0xbd, 0xb8, 0xff, 0xe7, 0xe2, 0xde, 0xfe,
  0xec, 0xe7, 0xe3, 0xfe, 0xec, 0xe7, 0xe3, 0xfe, 0xec, 0xe7, 0xe3, 0xfe,
  0xec, 0xe7, 0xe3, 0xfe, 0xec, 0xe7, 0xe3, 0xfe, 0xec, 0xe7, 0xe3, 0xfe,
  0xee, 0xea, 0xe5, 0xfe, 0xf4, 0xef, 0xea, 0xff, 0xe7, 0xe0, 0xd8, 0xff,
  0xe7, 0xe0, 0xd8, 0xff, 0xe7, 0xe0, 0xd8, 0xff, 0xe7, 0xe0, 0xd8, 0xff,
  0xe7, 0xe0, 0xd8, 0xff, 0xe7, 0xe0, 0xd8, 0xff, 0xe7, 0xe0, 0xd8, 0xff,
  0xe7, 0xe0, 0xd8, 0xff, 0xe3, 0xdc, 0xd3, 0xfa, 0x00, 0x00, 0x00, 0x00,
  0x00, 0x00, 0x00, 0x00, 0x00, 0x00, 0x00, 0x00, 0x00, 0x00, 0x00, 0x00,
  0x00, 0x00, 0x00, 0x00, 0x00, 0x00, 0x00, 0x00, 0x00, 0x00, 0x00, 0x00,
  0x00, 0x00, 0x00, 0x00, 0x00, 0x00, 0x00, 0x00, 0x00, 0x00, 0x00, 0x00,
  0x00, 0x00, 0x00, 0x00, 0x00, 0x00, 0x00, 0x00, 0x00, 0x00, 0x00, 0x00,
  0x00, 0x00, 0x00, 0x00, 0x00, 0x00, 0x00, 0x00, 0x00, 0x00, 0x00, 0x00,
  0x00, 0x00, 0x00, 0x00, 0x00, 0x00, 0x00, 0x00, 0x00, 0x00, 0x00, 0x00,
  0x00, 0x00, 0x00, 0x00, 0x00, 0x00, 0x00, 0x00, 0x00, 0x00, 0x00, 0x00,
  0x00, 0x00, 0x00, 0x00, 0x00, 0x00, 0x00, 0x00, 0x00, 0x00, 0x00, 0x00,
  0x00, 0x00, 0x00, 0x00, 0x00, 0x00, 0x00, 0x00, 0x00, 0x00, 0x00, 0x00,
  0x00, 0x00, 0x00, 0x00, 0x00, 0x00, 0x00, 0x00, 0x00, 0x00, 0x00, 0x00,
  0x00, 0x00, 0x00, 0x00, 0x75, 0x69, 0x61, 0xf4, 0x67, 0x5b, 0x54, 0xff,
  0x67, 0x5b, 0x54, 0xff, 0x67, 0x5b, 0x54, 0xff, 0x67, 0x5b, 0x54, 0xff,
  0x67, 0x5b, 0x54, 0xff, 0x67, 0x5b, 0x54, 0xff, 0x67, 0x5b, 0x54, 0xff,
  0x67, 0x5b, 0x54, 0xff, 0xc0, 0xba, 0xb6, 0xff, 0xe5, 0xe1, 0xdc, 0xfe,
  0xec, 0xe7, 0xe3, 0xfe, 0xec, 0xe7, 0xe3, 0xfe, 0xec, 0xe7, 0xe3, 0xfe,
  0xec, 0xe7, 0xe3, 0xfe, 0xec, 0xe7, 0xe3, 0xfe, 0xec, 0xe7, 0xe3, 0xfe,
  0xef, 0xea, 0xe6, 0xfe, 0xf4, 0xef, 0xea, 0xff, 0xe7, 0xe0, 0xd8, 0xff,
  0xe7, 0xe0, 0xd8, 0xff, 0xe7, 0xe0, 0xd8, 0xff, 0xe7, 0xe0, 0xd8, 0xff,
  0xe7, 0xe0, 0xd8, 0xff, 0xe7, 0xe0, 0xd8, 0xff, 0xe7, 0xe0, 0xd8, 0xff,
  0xe7, 0xe0, 0xd8, 0xff, 0xe2, 0xda, 0xd2, 0xf3, 0x00, 0x00, 0x00, 0x00,
  0x00, 0x00, 0x00, 0x00, 0x00, 0x00, 0x00, 0x00, 0x00, 0x00, 0x00, 0x00,
  0x00, 0x00, 0x00, 0x00, 0x00, 0x00, 0x00, 0x00, 0x00, 0x00, 0x00, 0x00,
  0x00, 0x00, 0x00, 0x00, 0x00, 0x00, 0x00, 0x00, 0x00, 0x00, 0x00, 0x00,
  0x00, 0x00, 0x00, 0x00, 0x00, 0x00, 0x00, 0x00, 0x00, 0x00, 0x00, 0x00,
  0x00, 0x00, 0x00, 0x00, 0x00, 0x00, 0x00, 0x00, 0x00, 0x00, 0x00, 0x00,
  0x00, 0x00, 0x00, 0x00, 0x00, 0x00, 0x00, 0x00, 0x00, 0x00, 0x00, 0x00,
  0x00, 0x00, 0x00, 0x00, 0x00, 0x00, 0x00, 0x00, 0x00, 0x00, 0x00, 0x00,
  0x00, 0x00, 0x00, 0x00, 0x00, 0x00, 0x00, 0x00, 0x00, 0x00, 0x00, 0x00,
  0x00, 0x00, 0x00, 0x00, 0x00, 0x00, 0x00, 0x00, 0x00, 0x00, 0x00, 0x00,
  0x00, 0x00, 0x00, 0x00, 0x00, 0x00, 0x00, 0x00, 0x00, 0x00, 0x00, 0x00,
  0x00, 0x00, 0x00, 0x00, 0x79, 0x6d, 0x66, 0xec, 0x67, 0x5b, 0x54, 0xff,
  0x67, 0x5b, 0x54, 0xff, 0x67, 0x5b, 0x54, 0xff, 0x67, 0x5b, 0x54, 0xff,
  0x67, 0x5b, 0x54, 0xff, 0x67, 0x5b, 0x54, 0xff, 0x67, 0x5b, 0x54, 0xff,
  0x67, 0x5b, 0x54, 0xff, 0xbe, 0xb7, 0xb3, 0xff, 0xe4, 0xdf, 0xdb, 0xfe,
  0xec, 0xe7, 0xe3, 0xfe, 0xec, 0xe7, 0xe3, 0xfe, 0xec, 0xe7, 0xe3, 0xfe,
  0xec, 0xe7, 0xe3, 0xfe, 0xec, 0xe7, 0xe3, 0xfe, 0xec, 0xe7, 0xe3, 0xfe,
  0xf0, 0xeb, 0xe7, 0xfe, 0xf3, 0xef, 0xea, 0xff, 0xe7, 0xe0, 0xd8, 0xff,
  0xe7, 0xe0, 0xd8, 0xff, 0xe7, 0xe0, 0xd8, 0xff, 0xe7, 0xe0, 0xd8, 0xff,
  0xe7, 0xe0, 0xd8, 0xff, 0xe7, 0xe0, 0xd8, 0xff, 0xe7, 0xe0, 0xd8, 0xff,
  0xe7, 0xe0, 0xd8, 0xff, 0xe0, 0xd9, 0xd0, 0xea, 0x00, 0x00, 0x00, 0x00,
  0x00, 0x00, 0x00, 0x00, 0x00, 0x00, 0x00, 0x00, 0x00, 0x00, 0x00, 0x00,
  0x00, 0x00, 0x00, 0x00, 0x00, 0x00, 0x00, 0x00, 0x00, 0x00, 0x00, 0x00,
  0x00, 0x00, 0x00, 0x00, 0x00, 0x00, 0x00, 0x00, 0x00, 0x00, 0x00, 0x00,
  0x00, 0x00, 0x00, 0x00, 0x00, 0x00, 0x00, 0x00, 0x00, 0x00, 0x00, 0x00,
  0x00, 0x00, 0x00, 0x00, 0x00, 0x00, 0x00, 0x00, 0x00, 0x00, 0x00, 0x00,
  0x00, 0x00, 0x00, 0x00, 0x00, 0x00, 0x00, 0x00, 0x00, 0x00, 0x00, 0x00,
  0x00, 0x00, 0x00, 0x00, 0x00, 0x00, 0x00, 0x00, 0x00, 0x00, 0x00, 0x00,
  0x00, 0x00, 0x00, 0x00, 0x00, 0x00, 0x00, 0x00, 0x00, 0x00, 0x00, 0x00,
  0x00, 0x00, 0x00, 0x00, 0x00, 0x00, 0x00, 0x00, 0x00, 0x00, 0x00, 0x00,
  0x00, 0x00, 0x00, 0x00, 0x00, 0x00, 0x00, 0x00, 0x00, 0x00, 0x00, 0x00,
  0x00, 0x00, 0x00, 0x00, 0x7d, 0x71, 0x68, 0xe1, 0x67, 0x5b, 0x54, 0xff,
  0x67, 0x5b, 0x54, 0xff, 0x67, 0x5b, 0x54, 0xff, 0x67, 0x5b, 0x54, 0xff,
  0x67, 0x5b, 0x54, 0xff, 0x67, 0x5b, 0x54, 0xff, 0x67, 0x5b, 0x54, 0xff,
  0x67, 0x5b, 0x54, 0xff, 0xbb, 0xb4, 0xb0, 0xff, 0xe3, 0xde, 0xda, 0xfe,
  0xec, 0xe7, 0xe3, 0xfe, 0xec, 0xe7, 0xe3, 0xfe, 0xec, 0xe7, 0xe3, 0xfe,
  0xec, 0xe7, 0xe3, 0xfe, 0xec, 0xe7, 0xe3, 0xfe, 0xec, 0xe7, 0xe3, 0xfe,
  0xf0, 0xec, 0xe7, 0xfe, 0xf2, 0xee, 0xe9, 0xff, 0xe7, 0xe0, 0xd8, 0xff,
  0xe7, 0xe0, 0xd8, 0xff, 0xe7, 0xe0, 0xd8, 0xff, 0xe7, 0xe0, 0xd8, 0xff,
  0xe7, 0xe0, 0xd8, 0xff, 0xe7, 0xe0, 0xd8, 0xff, 0xe7, 0xe0, 0xd8, 0xff,
  0xe7, 0xe0, 0xd8, 0xff, 0xdd, 0xd6, 0xce, 0xe0, 0x00, 0x00, 0x00, 0x00,
  0x00, 0x00, 0x00, 0x00, 0x00, 0x00, 0x00, 0x00, 0x00, 0x00, 0x00, 0x00,
  0x00, 0x00, 0x00, 0x00, 0x00, 0x00, 0x00, 0x00, 0x00, 0x00, 0x00, 0x00,
  0x00, 0x00, 0x00, 0x00, 0x00, 0x00, 0x00, 0x00, 0x00, 0x00, 0x00, 0x00,
  0x00, 0x00, 0x00, 0x00, 0x00, 0x00, 0x00, 0x00, 0x00, 0x00, 0x00, 0x00,
  0x00, 0x00, 0x00, 0x00, 0x00, 0x00, 0x00, 0x00, 0x00, 0x00, 0x00, 0x00,
  0x00, 0x00, 0x00, 0x00, 0x00, 0x00, 0x00, 0x00, 0x00, 0x00, 0x00, 0x00,
  0x00, 0x00, 0x00, 0x00, 0x00, 0x00, 0x00, 0x00, 0x00, 0x00, 0x00, 0x00,
  0x00, 0x00, 0x00, 0x00, 0x00, 0x00, 0x00, 0x00, 0x00, 0x00, 0x00, 0x00,
  0x00, 0x00, 0x00, 0x00, 0x00, 0x00, 0x00, 0x00, 0x00, 0x00, 0x00, 0x00,
  0x00, 0x00, 0x00, 0x00, 0x00, 0x00, 0x00, 0x00, 0x00, 0x00, 0x00, 0x00,
  0x00, 0x00, 0x00, 0x00, 0x80, 0x73, 0x6c, 0xd4, 0x67, 0x5b, 0x54, 0xff,
  0x67, 0x5b, 0x54, 0xff, 0x67, 0x5b, 0x54, 0xff, 0x67, 0x5b, 0x54, 0xff,
  0x67, 0x5b, 0x54, 0xff, 0x67, 0x5b, 0x54, 0xff, 0x67, 0x5b, 0x54, 0xff,
  0x67, 0x5b, 0x54, 0xff, 0xb9, 0xb1, 0xad, 0xff, 0xe2, 0xdd, 0xd8, 0xfe,
  0xec, 0xe7, 0xe3, 0xfe, 0xec, 0xe7, 0xe3, 0xfe, 0xec, 0xe7, 0xe3, 0xfe,
  0xec, 0xe7, 0xe3, 0xfe, 0xec, 0xe7, 0xe3, 0xfe, 0xec, 0xe7, 0xe3, 0xfe,
  0xf0, 0xec, 0xe8, 0xfe, 0xf2, 0xee, 0xe8, 0xff, 0xe7, 0xe0, 0xd8, 0xff,
  0xe7, 0xe0, 0xd8, 0xff, 0xe7, 0xe0, 0xd8, 0xff, 0xe7, 0xe0, 0xd8, 0xff,
  0xe7, 0xe0, 0xd8, 0xff, 0xe7, 0xe0, 0xd8, 0xff, 0xe7, 0xe0, 0xd8, 0xff,
  0xe7, 0xe0, 0xd8, 0xff, 0xdd, 0xd6, 0xcc, 0xd2, 0x00, 0x00, 0x00, 0x00,
  0x00, 0x00, 0x00, 0x00, 0x00, 0x00, 0x00, 0x00, 0x00, 0x00, 0x00, 0x00,
  0x00, 0x00, 0x00, 0x00, 0x00, 0x00, 0x00, 0x00, 0x00, 0x00, 0x00, 0x00,
  0x00, 0x00, 0x00, 0x00, 0x00, 0x00, 0x00, 0x00, 0x00, 0x00, 0x00, 0x00,
  0x00, 0x00, 0x00, 0x00, 0x00, 0x00, 0x00, 0x00, 0x00, 0x00, 0x00, 0x00,
  0x00, 0x00, 0x00, 0x00, 0x00, 0x00, 0x00, 0x00, 0x00, 0x00, 0x00, 0x00,
  0x00, 0x00, 0x00, 0x00, 0x00, 0x00, 0x00, 0x00, 0x00, 0x00, 0x00, 0x00,
  0x00, 0x00, 0x00, 0x00, 0x00, 0x00, 0x00, 0x00, 0x00, 0x00, 0x00, 0x00,
  0x00, 0x00, 0x00, 0x00, 0x00, 0x00, 0x00, 0x00, 0x00, 0x00, 0x00, 0x00,
  0x00, 0x00, 0x00, 0x00, 0x00, 0x00, 0x00, 0x00, 0x00, 0x00, 0x00, 0x00,
  0x00, 0x00, 0x00, 0x00, 0x00, 0x00, 0x00, 0x00, 0x00, 0x00, 0x00, 0x00,
  0x00, 0x00, 0x00, 0x00, 0x82, 0x78, 0x6f, 0xc4, 0x67, 0x5b, 0x54, 0xff,
  0x67, 0x5b, 0x54, 0xff, 0x67, 0x5b, 0x54, 0xff, 0x67, 0x5b, 0x54, 0xff,
  0x67, 0x5b, 0x54, 0xff, 0x67, 0x5b, 0x54, 0xff, 0x67, 0x5b, 0x54, 0xff,
  0x67, 0x5b, 0x54, 0xff, 0xb5, 0xaf, 0xab, 0xff, 0xe0, 0xdc, 0xd7, 0xfe,
  0xec, 0xe7, 0xe3, 0xfe, 0xec, 0xe7, 0xe3, 0xfe, 0xec, 0xe7, 0xe3, 0xfe,
  0xec, 0xe7, 0xe3, 0xfe, 0xec, 0xe7, 0xe3, 0xfe, 0xec, 0xe7, 0xe3, 0xfe,
  0xf1, 0xed, 0xe9, 0xfe, 0xf3, 0xed, 0xe8, 0xff, 0xe7, 0xe0, 0xd8, 0xff,
  0xe7, 0xe0, 0xd8, 0xff, 0xe7, 0xe0, 0xd8, 0xff, 0xe7, 0xe0, 0xd8, 0xff,
  0xe7, 0xe0, 0xd8, 0xff, 0xe7, 0xe0, 0xd8, 0xff, 0xe7, 0xe0, 0xd8, 0xff,
  0xe7, 0xe0, 0xd8, 0xff, 0xdb, 0xd5, 0xcd, 0xc1, 0x00, 0x00, 0x00, 0x00,
  0x00, 0x00, 0x00, 0x00, 0x00, 0x00, 0x00, 0x00, 0x00, 0x00, 0x00, 0x00,
  0x00, 0x00, 0x00, 0x00, 0x00, 0x00, 0x00, 0x00, 0x00, 0x00, 0x00, 0x00,
  0x00, 0x00, 0x00, 0x00, 0x00, 0x00, 0x00, 0x00, 0x00, 0x00, 0x00, 0x00,
  0x00, 0x00, 0x00, 0x00, 0x00, 0x00, 0x00, 0x00, 0x00, 0x00, 0x00, 0x00,
  0x00, 0x00, 0x00, 0x00, 0x00, 0x00, 0x00, 0x00, 0x00, 0x00, 0x00, 0x00,
  0x00, 0x00, 0x00, 0x00, 0x00, 0x00, 0x00, 0x00, 0x00, 0x00, 0x00, 0x00,
  0x00, 0x00, 0x00, 0x00, 0x00, 0x00, 0x00, 0x00, 0x00, 0x00, 0x00, 0x00,
  0x00, 0x00, 0x00, 0x00, 0x00, 0x00, 0x00, 0x00, 0x00, 0x00, 0x00, 0x00,
  0x00, 0x00, 0x00, 0x00, 0x00, 0x00, 0x00, 0x00, 0x00, 0x00, 0x00, 0x00,
  0x00, 0x00, 0x00, 0x00, 0x00, 0x00, 0x00, 0x00, 0x00, 0x00, 0x00, 0x00,
  0x00, 0x00, 0x00, 0x00, 0x86, 0x79, 0x72, 0xb3, 0x67, 0x5b, 0x54, 0xff,
  0x67, 0x5b, 0x54, 0xff, 0x67, 0x5b, 0x54, 0xff, 0x67, 0x5b, 0x54, 0xff,
  0x67, 0x5b, 0x54, 0xff, 0x67, 0x5b, 0x54, 0xff, 0x67, 0x5b, 0x54, 0xff,
  0x67, 0x5b, 0x54, 0xff, 0xb2, 0xac, 0xa7, 0xff, 0xdf, 0xda, 0xd6, 0xfe,
  0xec, 0xe7, 0xe3, 0xfe, 0xec, 0xe7, 0xe3, 0xfe, 0xec, 0xe7, 0xe3, 0xfe,
  0xec, 0xe7, 0xe3, 0xfe, 0xec, 0xe7, 0xe3, 0xfe, 0xec, 0xe7, 0xe3, 0xfe,
  0xf2, 0xee, 0xe9, 0xfe, 0xf2, 0xed, 0xe8, 0xff, 0xe7, 0xe0, 0xd8, 0xff,
  0xe7, 0xe0, 0xd8, 0xff, 0xe7, 0xe0, 0xd8, 0xff, 0xe7, 0xe0, 0xd8, 0xff,
  0xe7, 0xe0, 0xd8, 0xff, 0xe7, 0xe0, 0xd8, 0xff, 0xe7, 0xe0, 0xd8, 0xff,
  0xe7, 0xe0, 0xd8, 0xff, 0xda, 0xd2, 0xca, 0xb1, 0x00, 0x00, 0x00, 0x00,
  0x00, 0x00, 0x00, 0x00, 0x00, 0x00, 0x00, 0x00, 0x00, 0x00, 0x00, 0x00,
  0x00, 0x00, 0x00, 0x00, 0x00, 0x00, 0x00, 0x00, 0x00, 0x00, 0x00, 0x00,
  0x00, 0x00, 0x00, 0x00, 0x00, 0x00, 0x00, 0x00, 0x00, 0x00, 0x00, 0x00,
  0x00, 0x00, 0x00, 0x00, 0x00, 0x00, 0x00, 0x00, 0x00, 0x00, 0x00, 0x00,
  0x00, 0x00, 0x00, 0x00, 0x00, 0x00, 0x00, 0x00, 0x00, 0x00, 0x00, 0x00,
  0x00, 0x00, 0x00, 0x00, 0x00, 0x00, 0x00, 0x00, 0x00, 0x00, 0x00, 0x00,
  0x00, 0x00, 0x00, 0x00, 0x00, 0x00, 0x00, 0x00, 0x00, 0x00, 0x00, 0x00,
  0x00, 0x00, 0x00, 0x00, 0x00, 0x00, 0x00, 0x00, 0x00, 0x00, 0x00, 0x00,
  0x00, 0x00, 0x00, 0x00, 0x00, 0x00, 0x00, 0x00, 0x00, 0x00, 0x00, 0x00,
  0x00, 0x00, 0x00, 0x00, 0x00, 0x00, 0x00, 0x00, 0x00, 0x00, 0x00, 0x00,
  0x00, 0x00, 0x00, 0x00, 0x88, 0x7d, 0x75, 0x9d, 0x67, 0x5b, 0x54, 0xff,
  0x67, 0x5b, 0x54, 0xff, 0x67, 0x5b, 0x54, 0xff, 0x67, 0x5b, 0x54, 0xff,
  0x67, 0x5b, 0x54, 0xff, 0x67, 0x5b, 0x54, 0xff, 0x67, 0x5b, 0x54, 0xff,
  0x67, 0x5b, 0x54, 0xff, 0xb0, 0xa9, 0xa3, 0xff, 0xde, 0xd9, 0xd4, 0xfe,
  0xec, 0xe7, 0xe3, 0xfe, 0xec, 0xe7, 0xe3, 0xfe, 0xec, 0xe7, 0xe3, 0xfe,
  0xec, 0xe7, 0xe3, 0xfe, 0xec, 0xe7, 0xe3, 0xfe, 0xec, 0xe7, 0xe3, 0xfe,
  0xf3, 0xee, 0xea, 0xfe, 0xf1, 0xec, 0xe7, 0xff, 0xe7, 0xe0, 0xd8, 0xff,
  0xe7, 0xe0, 0xd8, 0xff, 0xe7, 0xe0, 0xd8, 0xff, 0xe7, 0xe0, 0xd8, 0xff,
  0xe7, 0xe0, 0xd8, 0xff, 0xe7, 0xe0, 0xd8, 0xff, 0xe7, 0xe0, 0xd8, 0xff,
  0xe7, 0xe0, 0xd8, 0xff, 0xd8, 0xd1, 0xc9, 0x9b, 0x00, 0x00, 0x00, 0x00,
  0x00, 0x00, 0x00, 0x00, 0x00, 0x00, 0x00, 0x00, 0x00, 0x00, 0x00, 0x00,
  0x00, 0x00, 0x00, 0x00, 0x00, 0x00, 0x00, 0x00, 0x00, 0x00, 0x00, 0x00,
  0x00, 0x00, 0x00, 0x00, 0x00, 0x00, 0x00, 0x00, 0x00, 0x00, 0x00, 0x00,
  0x00, 0x00, 0x00, 0x00, 0x00, 0x00, 0x00, 0x00, 0x00, 0x00, 0x00, 0x00,
  0x00, 0x00, 0x00, 0x00, 0x00, 0x00, 0x00, 0x00, 0x00, 0x00, 0x00, 0x00,
  0x00, 0x00, 0x00, 0x00, 0x00, 0x00, 0x00, 0x00, 0x00, 0x00, 0x00, 0x00,
  0x00, 0x00, 0x00, 0x00, 0x00, 0x00, 0x00, 0x00, 0x00, 0x00, 0x00, 0x00,
  0x00, 0x00, 0x00, 0x00, 0x00, 0x00, 0x00, 0x00, 0x00, 0x00, 0x00, 0x00,
  0x00, 0x00, 0x00, 0x00, 0x00, 0x00, 0x00, 0x00, 0x00, 0x00, 0x00, 0x00,
  0x00, 0x00, 0x00, 0x00, 0x00, 0x00, 0x00, 0x00, 0x00, 0x00, 0x00, 0x00,
  0x00, 0x00, 0x00, 0x00, 0x8b, 0x80, 0x78, 0x86, 0x67, 0x5b, 0x54, 0xff,
  0x67, 0x5b, 0x54, 0xff, 0x67, 0x5b, 0x54, 0xff, 0x67, 0x5b, 0x54, 0xff,
  0x67, 0x5b, 0x54, 0xff, 0x67, 0x5b, 0x54, 0xff, 0x67, 0x5b, 0x54, 0xff,
  0x67, 0x5b, 0x54, 0xff, 0xae, 0xa7, 0xa1, 0xff, 0xdd, 0xd8, 0xd3, 0xfe,
  0xec, 0xe7, 0xe3, 0xfe, 0xec, 0xe7, 0xe3, 0xfe, 0xec, 0xe7, 0xe3, 0xfe,
  0xec, 0xe7, 0xe3, 0xfe, 0xec, 0xe7, 0xe3, 0xfe, 0xec, 0xe7, 0xe3, 0xfe,
  0xf3, 0xef, 0xea, 0xfe, 0xf0, 0xec, 0xe7, 0xff, 0xe7, 0xe0, 0xd8, 0xff,
  0xe7, 0xe0, 0xd8, 0xff, 0xe7, 0xe0, 0xd8, 0xff, 0xe7, 0xe0, 0xd8, 0xff,
  0xe7, 0xe0, 0xd8, 0xff, 0xe7, 0xe0, 0xd8, 0xff, 0xe7, 0xe0, 0xd8, 0xff,
  0xe7, 0xe0, 0xd8, 0xff, 0xda, 0xd2, 0xc8, 0x83, 0x00, 0x00, 0x00, 0x00,
  0x00, 0x00, 0x00, 0x00, 0x00, 0x00, 0x00, 0x00, 0x00, 0x00, 0x00, 0x00,
  0x00, 0x00, 0x00, 0x00, 0x00, 0x00, 0x00, 0x00, 0x00, 0x00, 0x00, 0x00,
  0x00, 0x00, 0x00, 0x00, 0x00, 0x00, 0x00, 0x00, 0x00, 0x00, 0x00, 0x00,
  0x00, 0x00, 0x00, 0x00, 0x00, 0x00, 0x00, 0x00, 0x00, 0x00, 0x00, 0x00,
  0x00, 0x00, 0x00, 0x00, 0x00, 0x00, 0x00, 0x00, 0x00, 0x00, 0x00, 0x00,
  0x00, 0x00, 0x00, 0x00, 0x00, 0x00, 0x00, 0x00, 0x00, 0x00, 0x00, 0x00,
  0x00, 0x00, 0x00, 0x00, 0x00, 0x00, 0x00, 0x00, 0x00, 0x00, 0x00, 0x00,
  0x00, 0x00, 0x00, 0x00, 0x00, 0x00, 0x00, 0x00, 0x00, 0x00, 0x00, 0x00,
  0x00, 0x00, 0x00, 0x00, 0x00, 0x00, 0x00, 0x00, 0x00, 0x00, 0x00, 0x00,
  0x00, 0x00, 0x00, 0x00, 0x00, 0x00, 0x00, 0x00, 0x00, 0x00, 0x00, 0x00,
  0x00, 0x00, 0x00, 0x00, 0x8c, 0x81, 0x7a, 0x6d, 0x67, 0x5b, 0x54, 0xff,
  0x67, 0x5b, 0x54, 0xff, 0x67, 0x5b, 0x54, 0xff, 0x67, 0x5b, 0x54, 0xff,
  0x67, 0x5b, 0x54, 0xff, 0x67, 0x5b, 0x54, 0xff, 0x67, 0x5b, 0x54, 0xff,
  0x67, 0x5b, 0x54, 0xff, 0xab, 0xa4, 0x9e, 0xff, 0xdb, 0xd6, 0xd2, 0xfe,
  0xec, 0xe7, 0xe3, 0xfe, 0xec, 0xe7, 0xe3, 0xfe, 0xec, 0xe7, 0xe3, 0xfe,
  0xec, 0xe7, 0xe3, 0xfe, 0xec, 0xe7, 0xe3, 0xfe, 0xec, 0xe7, 0xe3, 0xfe,
  0xf3, 0xef, 0xeb, 0xfe, 0xf1, 0xec, 0xe7, 0xff, 0xe7, 0xe0, 0xd8, 0xff,
  0xe7, 0xe0, 0xd8, 0xff, 0xe7, 0xe0, 0xd8, 0xff, 0xe7, 0xe0, 0xd8, 0xff,
  0xe7, 0xe0, 0xd8, 0xff, 0xe7, 0xe0, 0xd8, 0xff, 0xe7, 0xe0, 0xd8, 0xff,
  0xe7, 0xe0, 0xd8, 0xff, 0xd6, 0xcf, 0xc6, 0x6b, 0x00, 0x00, 0x00, 0x00,
  0x00, 0x00, 0x00, 0x00, 0x00, 0x00, 0x00, 0x00, 0x00, 0x00, 0x00, 0x00,
  0x00, 0x00, 0x00, 0x00, 0x00, 0x00, 0x00, 0x00, 0x00, 0x00, 0x00, 0x00,
  0x00, 0x00, 0x00, 0x00, 0x00, 0x00, 0x00, 0x00, 0x00, 0x00, 0x00, 0x00,
  0x00, 0x00, 0x00, 0x00, 0x00, 0x00, 0x00, 0x00, 0x00, 0x00, 0x00, 0x00,
  0x00, 0x00, 0x00, 0x00, 0x00, 0x00, 0x00, 0x00, 0x00, 0x00, 0x00, 0x00,
  0x00, 0x00, 0x00, 0x00, 0x00, 0x00, 0x00, 0x00, 0x00, 0x00, 0x00, 0x00,
  0x00, 0x00, 0x00, 0x00, 0x00, 0x00, 0x00, 0x00, 0x00, 0x00, 0x00, 0x00,
  0x00, 0x00, 0x00, 0x00, 0x00, 0x00, 0x00, 0x00, 0x00, 0x00, 0x00, 0x00,
  0x00, 0x00, 0x00, 0x00, 0x00, 0x00, 0x00, 0x00, 0x00, 0x00, 0x00, 0x00,
  0x00, 0x00, 0x00, 0x00, 0x00, 0x00, 0x00, 0x00, 0x00, 0x00, 0x00, 0x00,
  0x00, 0x00, 0x00, 0x00, 0x8e, 0x81, 0x7e, 0x51, 0x67, 0x5b, 0x54, 0xff,
  0x67, 0x5b, 0x54, 0xff, 0x67, 0x5b, 0x54, 0xff, 0x67, 0x5b, 0x54, 0xff,
  0x67, 0x5b, 0x54, 0xff, 0x67, 0x5b, 0x54, 0xff, 0x67, 0x5b, 0x54, 0xff,
  0x67, 0x5b, 0x54, 0xff, 0xa9, 0xa0, 0x9b, 0xff, 0xd9, 0xd4, 0xd0, 0xff,
  0xec, 0xe7, 0xe3, 0xfe, 0xec, 0xe7, 0xe3, 0xfe, 0xec, 0xe7, 0xe3, 0xfe,
  0xec, 0xe7, 0xe3, 0xfe, 0xec, 0xe7, 0xe3, 0xfe, 0xec, 0xe7, 0xe3, 0xfe,
  0xf4, 0xf0, 0xec, 0xfe, 0xf0, 0xeb, 0xe5, 0xff, 0xe7, 0xe0, 0xd8, 0xff,
  0xe7, 0xe0, 0xd8, 0xff, 0xe7, 0xe0, 0xd8, 0xff, 0xe7, 0xe0, 0xd8, 0xff,
  0xe7, 0xe0, 0xd8, 0xff, 0xe7, 0xe0, 0xd8, 0xff, 0xe7, 0xe0, 0xd8, 0xff,
  0xe7, 0xe0, 0xd8, 0xff, 0xd8, 0xd2, 0xc5, 0x4f, 0x00, 0x00, 0x00, 0x00,
  0x00, 0x00, 0x00, 0x00, 0x00, 0x00, 0x00, 0x00, 0x00, 0x00, 0x00, 0x00,
  0x00, 0x00, 0x00, 0x00, 0x00, 0x00, 0x00, 0x00, 0x00, 0x00, 0x00, 0x00,
  0x00, 0x00, 0x00, 0x00, 0x00, 0x00, 0x00, 0x00, 0x00, 0x00, 0x00, 0x00,
  0x00, 0x00, 0x00, 0x00, 0x00, 0x00, 0x00, 0x00, 0x00, 0x00, 0x00, 0x00,
  0x00, 0x00, 0x00, 0x00, 0x00, 0x00, 0x00, 0x00, 0x00, 0x00, 0x00, 0x00,
  0x00, 0x00, 0x00, 0x00, 0x00, 0x00, 0x00, 0x00, 0x00, 0x00, 0x00, 0x00,
  0x00, 0x00, 0x00, 0x00, 0x00, 0x00, 0x00, 0x00, 0x00, 0x00, 0x00, 0x00,
  0x00, 0x00, 0x00, 0x00, 0x00, 0x00, 0x00, 0x00, 0x00, 0x00, 0x00, 0x00,
  0x00, 0x00, 0x00, 0x00, 0x00, 0x00, 0x00, 0x00, 0x00, 0x00, 0x00, 0x00,
  0x00, 0x00, 0x00, 0x00, 0x00, 0x00, 0x00, 0x00, 0x00, 0x00, 0x00, 0x00,
  0x00, 0x00, 0x00, 0x00, 0x92, 0x87, 0x7d, 0x31, 0x67, 0x5b, 0x54, 0xff,
  0x67, 0x5b, 0x54, 0xff, 0x67, 0x5b, 0x54, 0xff, 0x67, 0x5b, 0x54, 0xff,
  0x67, 0x5b, 0x54, 0xff, 0x67, 0x5b, 0x54, 0xff, 0x67, 0x5b, 0x54, 0xff,
  0x67, 0x5b, 0x54, 0xff, 0xa5, 0x9d, 0x98, 0xff, 0xd8, 0xd3, 0xce, 0xff,
  0xec, 0xe7, 0xe3, 0xfe, 0xec, 0xe7, 0xe3, 0xfe, 0xec, 0xe7, 0xe3, 0xfe,
  0xec, 0xe7, 0xe3, 0xfe, 0xec, 0xe7, 0xe3, 0xfe, 0xec, 0xe7, 0xe3, 0xfe,
  0xf4, 0xf0, 0xeb, 0xff, 0xf0, 0xea, 0xe4, 0xff, 0xe7, 0xe0, 0xd8, 0xff,
  0xe7, 0xe0, 0xd8, 0xff, 0xe7, 0xe0, 0xd8, 0xff, 0xe7, 0xe0, 0xd8, 0xff,
  0xe7, 0xe0, 0xd8, 0xff, 0xe7, 0xe0, 0xd8, 0xff, 0xe7, 0xe0, 0xd8, 0xff,
  0xe7, 0xe0, 0xd8, 0xff, 0xd4, 0xce, 0xc3, 0x2f, 0x00, 0x00, 0x00, 0x00,
  0x00, 0x00, 0x00, 0x00, 0x00, 0x00, 0x00, 0x00, 0x00, 0x00, 0x00, 0x00,
  0x00, 0x00, 0x00, 0x00, 0x00, 0x00, 0x00, 0x00, 0x00, 0x00, 0x00, 0x00,
  0x00, 0x00, 0x00, 0x00, 0x00, 0x00, 0x00, 0x00, 0x00, 0x00, 0x00, 0x00,
  0x00, 0x00, 0x00, 0x00, 0x00, 0x00, 0x00, 0x00, 0x00, 0x00, 0x00, 0x00,
  0x00, 0x00, 0x00, 0x00, 0x00, 0x00, 0x00, 0x00, 0x00, 0x00, 0x00, 0x00,
  0x00, 0x00, 0x00, 0x00, 0x00, 0x00, 0x00, 0x00, 0x00, 0x00, 0x00, 0x00,
  0x00, 0x00, 0x00, 0x00, 0x00, 0x00, 0x00, 0x00, 0x00, 0x00, 0x00, 0x00,
  0x00, 0x00, 0x00, 0x00, 0x00, 0x00, 0x00, 0x00, 0x00, 0x00, 0x00, 0x00,
  0x00, 0x00, 0x00, 0x00, 0x00, 0x00, 0x00, 0x00, 0x00, 0x00, 0x00, 0x00,
  0x00, 0x00, 0x00, 0x00, 0x00, 0x00, 0x00, 0x00, 0x00, 0x00, 0x00, 0x00,
  0x00, 0x00, 0x00, 0x00, 0x8f, 0x8f, 0x70, 0x10, 0x67, 0x5b, 0x54, 0xff,
  0x67, 0x5b, 0x54, 0xff, 0x67, 0x5b, 0x54, 0xff, 0x67, 0x5b, 0x54, 0xff,
  0x67, 0x5b, 0x54, 0xff, 0x67, 0x5b, 0x54, 0xff, 0x67, 0x5b, 0x54, 0xff,
  0x67, 0x5b, 0x54, 0xff, 0xa3, 0x9b, 0x95, 0xff, 0xd7, 0xd1, 0xcd, 0xff,
  0xec, 0xe7, 0xe3, 0xfe, 0xec, 0xe7, 0xe3, 0xfe, 0xec, 0xe7, 0xe3, 0xfe,
  0xec, 0xe7, 0xe3, 0xfe, 0xec, 0xe7, 0xe3, 0xfe, 0xec, 0xe7, 0xe3, 0xfe,
  0xf4, 0xf0, 0xec, 0xff, 0xf0, 0xea, 0xe4, 0xff, 0xe7, 0xe0, 0xd8, 0xff,
  0xe7, 0xe0, 0xd8, 0xff, 0xe7, 0xe0, 0xd8, 0xff, 0xe7, 0xe0, 0xd8, 0xff,
  0xe7, 0xe0, 0xd8, 0xff, 0xe7, 0xe0, 0xd8, 0xff, 0xe7, 0xe0, 0xd8, 0xff,
  0xe7, 0xe0, 0xd8, 0xff, 0xcf, 0xcf, 0xaf, 0x10, 0x00, 0x00, 0x00, 0x00,
  0x00, 0x00, 0x00, 0x00, 0x00, 0x00, 0x00, 0x00, 0x00, 0x00, 0x00, 0x00,
  0x00, 0x00, 0x00, 0x00, 0x00, 0x00, 0x00, 0x00, 0x00, 0x00, 0x00, 0x00,
  0x00, 0x00, 0x00, 0x00, 0x00, 0x00, 0x00, 0x00, 0x00, 0x00, 0x00, 0x00,
  0x00, 0x00, 0x00, 0x00, 0x00, 0x00, 0x00, 0x00, 0x00, 0x00, 0x00, 0x00,
  0x00, 0x00, 0x00, 0x00, 0x00, 0x00, 0x00, 0x00, 0x00, 0x00, 0x00, 0x00,
  0x00, 0x00, 0x00, 0x00, 0x00, 0x00, 0x00, 0x00, 0x00, 0x00, 0x00, 0x00,
  0x00, 0x00, 0x00, 0x00, 0x00, 0x00, 0x00, 0x00, 0x00, 0x00, 0x00, 0x00,
  0x00, 0x00, 0x00, 0x00, 0x00, 0x00, 0x00, 0x00, 0x00, 0x00, 0x00, 0x00,
  0x00, 0x00, 0x00, 0x00, 0x00, 0x00, 0x00, 0x00, 0x00, 0x00, 0x00, 0x00,
  0x00, 0x00, 0x00, 0x00, 0x00, 0x00, 0x00, 0x00, 0x00, 0x00, 0x00, 0x00,
  0x00, 0x00, 0x00, 0x00, 0x00, 0x00, 0x00, 0x00, 0x6b, 0x5e, 0x56, 0xfe,
  0x67, 0x5b, 0x54, 0xff, 0x67, 0x5b, 0x54, 0xff, 0x67, 0x5b, 0x54, 0xff,
  0x67, 0x5b, 0x54, 0xff, 0x67, 0x5b, 0x54, 0xff, 0x67, 0x5b, 0x54, 0xff,
  0x67, 0x5b, 0x54, 0xff, 0xa0, 0x98, 0x93, 0xff, 0xd5, 0xd0, 0xcc, 0xff,
  0xec, 0xe7, 0xe3, 0xfe, 0xec, 0xe7, 0xe3, 0xfe, 0xec, 0xe7, 0xe3, 0xfe,
  0xec, 0xe7, 0xe3, 0xfe, 0xec, 0xe7, 0xe3, 0xfe, 0xec, 0xe7, 0xe3, 0xfe,
  0xf5, 0xf1, 0xed, 0xff, 0xef, 0xea, 0xe4, 0xff, 0xe7, 0xe0, 0xd8, 0xff,
  0xe7, 0xe0, 0xd8, 0xff, 0xe7, 0xe0, 0xd8, 0xff, 0xe7, 0xe0, 0xd8, 0xff,
  0xe7, 0xe0, 0xd8, 0xff, 0xe7, 0xe0, 0xd8, 0xff, 0xe7, 0xe0, 0xd8, 0xff,
  0xe5, 0xde, 0xd6, 0xfe, 0x00, 0x00, 0x00, 0x00, 0x00, 0x00, 0x00, 0x00,
  0x00, 0x00, 0x00, 0x00, 0x00, 0x00, 0x00, 0x00, 0x00, 0x00, 0x00, 0x00,
  0x00, 0x00, 0x00, 0x00, 0x00, 0x00, 0x00, 0x00, 0x00, 0x00, 0x00, 0x00,
  0x00, 0x00, 0x00, 0x00, 0x00, 0x00, 0x00, 0x00, 0x00, 0x00, 0x00, 0x00,
  0x00, 0x00, 0x00, 0x00, 0x00, 0x00, 0x00, 0x00, 0x00, 0x00, 0x00, 0x00,
  0x00, 0x00, 0x00, 0x00, 0x00, 0x00, 0x00, 0x00, 0x00, 0x00, 0x00, 0x00,
  0x00, 0x00, 0x00, 0x00, 0x00, 0x00, 0x00, 0x00, 0x00, 0x00, 0x00, 0x00,
  0x00, 0x00, 0x00, 0x00, 0x00, 0x00, 0x00, 0x00, 0x00, 0x00, 0x00, 0x00,
  0x00, 0x00, 0x00, 0x00, 0x00, 0x00, 0x00, 0x00, 0x00, 0x00, 0x00, 0x00,
  0x00, 0x00, 0x00, 0x00, 0x00, 0x00, 0x00, 0x00, 0x00, 0x00, 0x00, 0x00,
  0x00, 0x00, 0x00, 0x00, 0x00, 0x00, 0x00, 0x00, 0x00, 0x00, 0x00, 0x00,
  0x00, 0x00, 0x00, 0x00, 0x00, 0x00, 0x00, 0x00, 0x70, 0x64, 0x5c, 0xfb,
  0x67, 0x5b, 0x54, 0xff, 0x67, 0x5b, 0x54, 0xff, 0x67, 0x5b, 0x54, 0xff,
  0x67, 0x5b, 0x54, 0xff, 0x67, 0x5b, 0x54, 0xff, 0x67, 0x5b, 0x54, 0xff,
  0x67, 0x5b, 0x54, 0xff, 0x9e, 0x95, 0x90, 0xff, 0xd4, 0xce, 0xcb, 0xff,
  0xec, 0xe7, 0xe3, 0xfe, 0xec, 0xe7, 0xe3, 0xfe, 0xec, 0xe7, 0xe3, 0xfe,
  0xec, 0xe7, 0xe3, 0xfe, 0xec, 0xe7, 0xe3, 0xfe, 0xec, 0xe7, 0xe3, 0xfe,
  0xf6, 0xf2, 0xed, 0xff, 0xef, 0xe9, 0xe3, 0xff, 0xe7, 0xe0, 0xd8, 0xff,
  0xe7, 0xe0, 0xd8, 0xff, 0xe7, 0xe0, 0xd8, 0xff, 0xe7, 0xe0, 0xd8, 0xff,
  0xe7, 0xe0, 0xd8, 0xff, 0xe7, 0xe0, 0xd8, 0xff, 0xe7, 0xe0, 0xd8, 0xff,
  0xe3, 0xdc, 0xd3, 0xfa, 0x00, 0x00, 0x00, 0x00, 0x00, 0x00, 0x00, 0x00,
  0x00, 0x00, 0x00, 0x00, 0x00, 0x00, 0x00, 0x00, 0x00, 0x00, 0x00, 0x00,
  0x00, 0x00, 0x00, 0x00, 0x00, 0x00, 0x00, 0x00, 0x00, 0x00, 0x00, 0x00,
  0x00, 0x00, 0x00, 0x00, 0x00, 0x00, 0x00, 0x00, 0x00, 0x00, 0x00, 0x00,
  0x00, 0x00, 0x00, 0x00, 0x00, 0x00, 0x00, 0x00, 0x00, 0x00, 0x00, 0x00,
  0x00, 0x00, 0x00, 0x00, 0x00, 0x00, 0x00, 0x00, 0x00, 0x00, 0x00, 0x00,
  0x00, 0x00, 0x00, 0x00, 0x00, 0x00, 0x00, 0x00, 0x00, 0x00, 0x00, 0x00,
  0x00, 0x00, 0x00, 0x00, 0x00, 0x00, 0x00, 0x00, 0x00, 0x00, 0x00, 0x00,
  0x00, 0x00, 0x00, 0x00, 0x00, 0x00, 0x00, 0x00, 0x00, 0x00, 0x00, 0x00,
  0x00, 0x00, 0x00, 0x00, 0x00, 0x00, 0x00, 0x00, 0x00, 0x00, 0x00, 0x00,
  0x00, 0x00, 0x00, 0x00, 0x00, 0x00, 0x00, 0x00, 0x00, 0x00, 0x00, 0x00,
  0x00, 0x00, 0x00, 0x00, 0x00, 0x00, 0x00, 0x00, 0x75, 0x69, 0x61, 0xf4,
  0x67, 0x5b, 0x54, 0xff, 0x67, 0x5b, 0x54, 0xff, 0x67, 0x5b, 0x54, 0xff,
  0x67, 0x5b, 0x54, 0xff, 0x67, 0x5b, 0x54, 0xff, 0x67, 0x5b, 0x54, 0xff,
  0x67, 0x5b, 0x54, 0xff, 0x9c, 0x93, 0x8e, 0xff, 0xd3, 0xcd, 0xc9, 0xff,
  0xeb, 0xe7, 0xe2, 0xfe, 0xec, 0xe7, 0xe3, 0xfe, 0xec, 0xe7, 0xe3, 0xfe,
  0xec, 0xe7, 0xe3, 0xfe, 0xec, 0xe7, 0xe3, 0xfe, 0xec, 0xe7, 0xe3, 0xfe,
  0xf6, 0xf2, 0xee, 0xff, 0xee, 0xe9, 0xe3, 0xff, 0xe7, 0xe0, 0xd8, 0xff,
  0xe7, 0xe0, 0xd8, 0xff, 0xe7, 0xe0, 0xd8, 0xff, 0xe7, 0xe0, 0xd8, 0xff,
  0xe7, 0xe0, 0xd8, 0xff, 0xe7, 0xe0, 0xd8, 0xff, 0xe7, 0xe0, 0xd8, 0xff,
  0xe2, 0xda, 0xd2, 0xf3, 0x00, 0x00, 0x00, 0x00, 0x00, 0x00, 0x00, 0x00,
  0x00, 0x00, 0x00, 0x00, 0x00, 0x00, 0x00, 0x00, 0x00, 0x00, 0x00, 0x00,
  0x00, 0x00, 0x00, 0x00, 0x00, 0x00, 0x00, 0x00, 0x00, 0x00, 0x00, 0x00,
  0x00, 0x00, 0x00, 0x00, 0x00, 0x00, 0x00, 0x00, 0x00, 0x00, 0x00, 0x00,
  0x00, 0x00, 0x00, 0x00, 0x00, 0x00, 0x00, 0x00, 0x00, 0x00, 0x00, 0x00,
  0x00, 0x00, 0x00, 0x00, 0x00, 0x00, 0x00, 0x00, 0x00, 0x00, 0x00, 0x00,
  0x00, 0x00, 0x00, 0x00, 0x00, 0x00, 0x00, 0x00, 0x00, 0x00, 0x00, 0x00,
  0x00, 0x00, 0x00, 0x00, 0x00, 0x00, 0x00, 0x00, 0x00, 0x00, 0x00, 0x00,
  0x00, 0x00, 0x00, 0x00, 0x00, 0x00, 0x00, 0x00, 0x00, 0x00, 0x00, 0x00,
  0x00, 0x00, 0x00, 0x00, 0x00, 0x00, 0x00, 0x00, 0x00, 0x00, 0x00, 0x00,
  0x00, 0x00, 0x00, 0x00, 0x00, 0x00, 0x00, 0x00, 0x00, 0x00, 0x00, 0x00,
  0x00, 0x00, 0x00, 0x00, 0x00, 0x00, 0x00, 0x00, 0x79, 0x6d, 0x66, 0xec,
  0x67, 0x5b, 0x54, 0xff, 0x67, 0x5b, 0x54, 0xff, 0x67, 0x5b, 0x54, 0xff,
  0x67, 0x5b, 0x54, 0xff, 0x67, 0x5b, 0x54, 0xff, 0x67, 0x5b, 0x54, 0xff,
  0x67, 0x5b, 0x54, 0xff, 0x99, 0x90, 0x8a, 0xff, 0xd3, 0xcd, 0xc9, 0xff,
  0xeb, 0xe6, 0xe1, 0xfe, 0xec, 0xe7, 0xe3, 0xfe, 0xec, 0xe7, 0xe3, 0xfe,
  0xec, 0xe7, 0xe3, 0xfe, 0xec, 0xe7, 0xe3, 0xfe, 0xec, 0xe8, 0xe3, 0xfe,
  0xf6, 0xf2, 0xee, 0xff, 0xef, 0xe9, 0xe3, 0xff, 0xe7, 0xe0, 0xd8, 0xff,
  0xe7, 0xe0, 0xd8, 0xff, 0xe7, 0xe0, 0xd8, 0xff, 0xe7, 0xe0, 0xd8, 0xff,
  0xe7, 0xe0, 0xd8, 0xff, 0xe7, 0xe0, 0xd8, 0xff, 0xe7, 0xe0, 0xd8, 0xff,
  0xe0, 0xd9, 0xd0, 0xea, 0x00, 0x00, 0x00, 0x00, 0x00, 0x00, 0x00, 0x00,
  0x00, 0x00, 0x00, 0x00, 0x00, 0x00, 0x00, 0x00, 0x00, 0x00, 0x00, 0x00,
  0x00, 0x00, 0x00, 0x00, 0x00, 0x00, 0x00, 0x00, 0x00, 0x00, 0x00, 0x00,
  0x00, 0x00, 0x00, 0x00, 0x00, 0x00, 0x00, 0x00, 0x00, 0x00, 0x00, 0x00,
  0x00, 0x00, 0x00, 0x00, 0x00, 0x00, 0x00, 0x00, 0x00, 0x00, 0x00, 0x00,
  0x00, 0x00, 0x00, 0x00, 0x00, 0x00, 0x00, 0x00, 0x00, 0x00, 0x00, 0x00,
  0x00, 0x00, 0x00, 0x00, 0x00, 0x00, 0x00, 0x00, 0x00, 0x00, 0x00, 0x00,
  0x00, 0x00, 0x00, 0x00, 0x00, 0x00, 0x00, 0x00, 0x00, 0x00, 0x00, 0x00,
  0x00, 0x00, 0x00, 0x00, 0x00, 0x00, 0x00, 0x00, 0x00, 0x00, 0x00, 0x00,
  0x00, 0x00, 0x00, 0x00, 0x00, 0x00, 0x00, 0x00, 0x00, 0x00, 0x00, 0x00,
  0x00, 0x00, 0x00, 0x00, 0x00, 0x00, 0x00, 0x00, 0x00, 0x00, 0x00, 0x00,
  0x00, 0x00, 0x00, 0x00, 0x00, 0x00, 0x00, 0x00, 0x7d, 0x71, 0x68, 0xe1,
  0x67, 0x5b, 0x54, 0xff, 0x67, 0x5b, 0x54, 0xff, 0x67, 0x5b, 0x54, 0xff,
  0x67, 0x5b, 0x54, 0xff, 0x67, 0x5b, 0x54, 0xff, 0x67, 0x5b, 0x54, 0xff,
  0x67, 0x5b, 0x54, 0xff, 0x96, 0x8c, 0x87, 0xff, 0xd3, 0xcd, 0xc9, 0xff,
  0xe9, 0xe5, 0xe0, 0xfe, 0xec, 0xe7, 0xe3, 0xfe, 0xec, 0xe7, 0xe3, 0xfe,
  0xec, 0xe7, 0xe3, 0xfe, 0xec, 0xe7, 0xe3, 0xfe, 0xed, 0xe9, 0xe4, 0xfe,
  0xf6, 0xf2, 0xee, 0xff, 0xee, 0xe9, 0xe2, 0xff, 0xe7, 0xe0, 0xd8, 0xff,
  0xe7, 0xe0, 0xd8, 0xff, 0xe7, 0xe0, 0xd8, 0xff, 0xe7, 0xe0, 0xd8, 0xff,
  0xe7, 0xe0, 0xd8, 0xff, 0xe7, 0xe0, 0xd8, 0xff, 0xe7, 0xe0, 0xd8, 0xff,
  0xdd, 0xd6, 0xce, 0xe0, 0x00, 0x00, 0x00, 0x00, 0x00, 0x00, 0x00, 0x00,
  0x00, 0x00, 0x00, 0x00, 0x00, 0x00, 0x00, 0x00, 0x00, 0x00, 0x00, 0x00,
  0x00, 0x00, 0x00, 0x00, 0x00, 0x00, 0x00, 0x00, 0x00, 0x00, 0x00, 0x00,
  0x00, 0x00, 0x00, 0x00, 0x00, 0x00, 0x00, 0x00, 0x00, 0x00, 0x00, 0x00,
  0x00, 0x00, 0x00, 0x00, 0x00, 0x00, 0x00, 0x00, 0x00, 0x00, 0x00, 0x00,
  0x00, 0x00, 0x00, 0x00, 0x00, 0x00, 0x00, 0x00, 0x00, 0x00, 0x00, 0x00,
  0x00, 0x00, 0x00, 0x00, 0x00, 0x00, 0x00, 0x00, 0x00, 0x00, 0x00, 0x00,
  0x00, 0x00, 0x00, 0x00, 0x00, 0x00, 0x00, 0x00, 0x00, 0x00, 0x00, 0x00,
  0x00, 0x00, 0x00, 0x00, 0x00, 0x00, 0x00, 0x00, 0x00, 0x00, 0x00, 0x00,
  0x00, 0x00, 0x00, 0x00, 0x00, 0x00, 0x00, 0x00, 0x00, 0x00, 0x00, 0x00,
  0x00, 0x00, 0x00, 0x00, 0x00, 0x00, 0x00, 0x00, 0x00, 0x00, 0x00, 0x00,
  0x00, 0x00, 0x00, 0x00, 0x00, 0x00, 0x00, 0x00, 0x80, 0x73, 0x6c, 0xd4,
  0x67, 0x5b, 0x54, 0xff, 0x67, 0x5b, 0x54, 0xff, 0x67, 0x5b, 0x54, 0xff,
  0x67, 0x5b, 0x54, 0xff, 0x67, 0x5b, 0x54, 0xff, 0x67, 0x5b, 0x54, 0xff,
  0x67, 0x5b, 0x54, 0xff, 0x93, 0x8a, 0x84, 0xff, 0xd3, 0xcd, 0xc9, 0xff,
  0xe8, 0xe3, 0xdf, 0xfe, 0xec, 0xe7, 0xe3, 0xfe, 0xec, 0xe7, 0xe3, 0xfe,
  0xec, 0xe7, 0xe3, 0xfe, 0xec, 0xe7, 0xe3, 0xfe, 0xee, 0xe9, 0xe5, 0xfe,
  0xf6, 0xf2, 0xee, 0xff, 0xed, 0xe7, 0xe1, 0xff, 0xe7, 0xe0, 0xd8, 0xff,
  0xe7, 0xe0, 0xd8, 0xff, 0xe7, 0xe0, 0xd8, 0xff, 0xe7, 0xe0, 0xd8, 0xff,
  0xe7, 0xe0, 0xd8, 0xff, 0xe7, 0xe0, 0xd8, 0xff, 0xe7, 0xe0, 0xd8, 0xff,
  0xdd, 0xd6, 0xcc, 0xd2, 0x00, 0x00, 0x00, 0x00, 0x00, 0x00, 0x00, 0x00,
  0x00, 0x00, 0x00, 0x00, 0x00, 0x00, 0x00, 0x00, 0x00, 0x00, 0x00, 0x00,
  0x00, 0x00, 0x00, 0x00, 0x00, 0x00, 0x00, 0x00, 0x00, 0x00, 0x00, 0x00,
  0x00, 0x00, 0x00, 0x00, 0x00, 0x00, 0x00, 0x00, 0x00, 0x00, 0x00, 0x00,
  0x00, 0x00, 0x00, 0x00, 0x00, 0x00, 0x00, 0x00, 0x00, 0x00, 0x00, 0x00,
  0x00, 0x00, 0x00, 0x00, 0x00, 0x00, 0x00, 0x00, 0x00, 0x00, 0x00, 0x00,
  0x00, 0x00, 0x00, 0x00, 0x00, 0x00, 0x00, 0x00, 0x00, 0x00, 0x00, 0x00,
  0x00, 0x00, 0x00, 0x00, 0x00, 0x00, 0x00, 0x00, 0x00, 0x00, 0x00, 0x00,
  0x00, 0x00, 0x00, 0x00, 0x00, 0x00, 0x00, 0x00, 0x00, 0x00, 0x00, 0x00,
  0x00, 0x00, 0x00, 0x00, 0x00, 0x00, 0x00, 0x00, 0x00, 0x00, 0x00, 0x00,
  0x00, 0x00, 0x00, 0x00, 0x00, 0x00, 0x00, 0x00, 0x00, 0x00, 0x00, 0x00,
  0x00, 0x00, 0x00, 0x00, 0x00, 0x00, 0x00, 0x00, 0x82, 0x78, 0x6f, 0xc4,
  0x67, 0x5b, 0x54, 0xff, 0x67, 0x5b, 0x54, 0xff, 0x67, 0x5b, 0x54, 0xff,
  0x67, 0x5b, 0x54, 0xff, 0x67, 0x5b, 0x54, 0xff, 0x67, 0x5b, 0x54, 0xff,
  0x67, 0x5b, 0x54, 0xff, 0x91, 0x88, 0x82, 0xff, 0xd3, 0xcd, 0xc9, 0xff,
  0xe7, 0xe2, 0xde, 0xfe, 0xec, 0xe7, 0xe3, 0xfe, 0xec, 0xe7, 0xe3, 0xfe,
  0xec, 0xe7, 0xe3, 0xfe, 0xec, 0xe7, 0xe3, 0xfe, 0xee, 0xea, 0xe5, 0xfe,
  0xf6, 0xf2, 0xee, 0xff, 0xed, 0xe7, 0xe0, 0xff, 0xe7, 0xe0, 0xd8, 0xff,
  0xe7, 0xe0, 0xd8, 0xff, 0xe7, 0xe0, 0xd8, 0xff, 0xe7, 0xe0, 0xd8, 0xff,
  0xe7, 0xe0, 0xd8, 0xff, 0xe7, 0xe0, 0xd8, 0xff, 0xe7, 0xe0, 0xd8, 0xff,
  0xdb, 0xd5, 0xcd, 0xc1, 0x00, 0x00, 0x00, 0x00, 0x00, 0x00, 0x00, 0x00,
  0x00, 0x00, 0x00, 0x00, 0x00, 0x00, 0x00, 0x00, 0x00, 0x00, 0x00, 0x00,
  0x00, 0x00, 0x00, 0x00, 0x00, 0x00, 0x00, 0x00, 0x00, 0x00, 0x00, 0x00,
  0x00, 0x00, 0x00, 0x00, 0x00, 0x00, 0x00, 0x00, 0x00, 0x00, 0x00, 0x00,
  0x00, 0x00, 0x00, 0x00, 0x00, 0x00, 0x00, 0x00, 0x00, 0x00, 0x00, 0x00,
  0x00, 0x00, 0x00, 0x00, 0x00, 0x00, 0x00, 0x00, 0x00, 0x00, 0x00, 0x00,
  0x00, 0x00, 0x00, 0x00, 0x00, 0x00, 0x00, 0x00, 0x00, 0x00, 0x00, 0x00,
  0x00, 0x00, 0x00, 0x00, 0x00, 0x00, 0x00, 0x00, 0x00, 0x00, 0x00, 0x00,
  0x00, 0x00, 0x00, 0x00, 0x00, 0x00, 0x00, 0x00, 0x00, 0x00, 0x00, 0x00,
  0x00, 0x00, 0x00, 0x00, 0x00, 0x00, 0x00, 0x00, 0x00, 0x00, 0x00, 0x00,
  0x00, 0x00, 0x00, 0x00, 0x00, 0x00, 0x00, 0x00, 0x00, 0x00, 0x00, 0x00,
  0x00, 0x00, 0x00, 0x00, 0x00, 0x00, 0x00, 0x00, 0x86, 0x79, 0x72, 0xb3,
  0x67, 0x5b, 0x54, 0xff, 0x67, 0x5b, 0x54, 0xff, 0x67, 0x5b, 0x54, 0xff,
  0x67, 0x5b, 0x54, 0xff, 0x67, 0x5b, 0x54, 0xff, 0x67, 0x5b, 0x54, 0xff,
  0x67, 0x5b, 0x54, 0xff, 0x8e, 0x84, 0x7e, 0xff, 0xd3, 0xcd, 0xc9, 0xff,
  0xe5, 0xe1, 0xdc, 0xfe, 0xec, 0xe7, 0xe3, 0xfe, 0xec, 0xe7, 0xe3, 0xfe,
  0xec, 0xe7, 0xe3, 0xfe, 0xec, 0xe7, 0xe3, 0xfe, 0xef, 0xea, 0xe6, 0xfe,
  0xf6, 0xf2, 0xee, 0xff, 0xec, 0xe6, 0xe0, 0xff, 0xe7, 0xe0, 0xd8, 0xff,
  0xe7, 0xe0, 0xd8, 0xff, 0xe7, 0xe0, 0xd8, 0xff, 0xe7, 0xe0, 0xd8, 0xff,
  0xe7, 0xe0, 0xd8, 0xff, 0xe7, 0xe0, 0xd8, 0xff, 0xe7, 0xe0, 0xd8, 0xff,
  0xda, 0xd2, 0xca, 0xb1, 0x00, 0x00, 0x00, 0x00, 0x00, 0x00, 0x00, 0x00,
  0x00, 0x00, 0x00, 0x00, 0x00, 0x00, 0x00, 0x00, 0x00, 0x00, 0x00, 0x00,
  0x00, 0x00, 0x00, 0x00, 0x00, 0x00, 0x00, 0x00, 0x00, 0x00, 0x00, 0x00,
  0x00, 0x00, 0x00, 0x00, 0x00, 0x00, 0x00, 0x00, 0x00, 0x00, 0x00, 0x00,
  0x00, 0x00, 0x00, 0x00, 0x00, 0x00, 0x00, 0x00, 0x00, 0x00, 0x00, 0x00,
  0x00, 0x00, 0x00, 0x00, 0x00, 0x00, 0x00, 0x00, 0x00, 0x00, 0x00, 0x00,
  0x00, 0x00, 0x00, 0x00, 0x00, 0x00, 0x00, 0x00, 0x00, 0x00, 0x00, 0x00,
  0x00, 0x00, 0x00, 0x00, 0x00, 0x00, 0x00, 0x00, 0x00, 0x00, 0x00, 0x00,
  0x00, 0x00, 0x00, 0x00, 0x00, 0x00, 0x00, 0x00, 0x00, 0x00, 0x00, 0x00,
  0x00, 0x00, 0x00, 0x00, 0x00, 0x00, 0x00, 0x00, 0x00, 0x00, 0x00, 0x00,
  0x00, 0x00, 0x00, 0x00, 0x00, 0x00, 0x00, 0x00, 0x00, 0x00, 0x00, 0x00,
  0x00, 0x00, 0x00, 0x00, 0x00, 0x00, 0x00, 0x00, 0x88, 0x7d, 0x75, 0x9d,
  0x67, 0x5b, 0x54, 0xff, 0x67, 0x5b, 0x54, 0xff, 0x67, 0x5b, 0x54, 0xff,
  0x67, 0x5b, 0x54, 0xff, 0x67, 0x5b, 0x54, 0xff, 0x67, 0x5b, 0x54, 0xff,
  0x67, 0x5b, 0x54, 0xff, 0x8b, 0x82, 0x7c, 0xff, 0xd3, 0xcd, 0xc9, 0xff,
  0xe4, 0xdf, 0xdb, 0xfe, 0xec, 0xe7, 0xe3, 0xfe, 0xec, 0xe7, 0xe3, 0xfe,
  0xec, 0xe7, 0xe3, 0xfe, 0xec, 0xe7, 0xe3, 0xfe, 0xef, 0xeb, 0xe7, 0xfe,
  0xf6, 0xf2, 0xee, 0xff, 0xed, 0xe6, 0xdf, 0xff, 0xe7, 0xe0, 0xd8, 0xff,
  0xe7, 0xe0, 0xd8, 0xff, 0xe7, 0xe0, 0xd8, 0xff, 0xe7, 0xe0, 0xd8, 0xff,
  0xe7, 0xe0, 0xd8, 0xff, 0xe7, 0xe0, 0xd8, 0xff, 0xe7, 0xe0, 0xd8, 0xff,
  0xd8, 0xd1, 0xc9, 0x9b, 0x00, 0x00, 0x00, 0x00, 0x00, 0x00, 0x00, 0x00,
  0x00, 0x00, 0x00, 0x00, 0x00, 0x00, 0x00, 0x00, 0x00, 0x00, 0x00, 0x00,
  0x00, 0x00, 0x00, 0x00, 0x00, 0x00, 0x00, 0x00, 0x00, 0x00, 0x00, 0x00,
  0x00, 0x00, 0x00, 0x00, 0x00, 0x00, 0x00, 0x00, 0x00, 0x00, 0x00, 0x00,
  0x00, 0x00, 0x00, 0x00, 0x00, 0x00, 0x00, 0x00, 0x00, 0x00, 0x00, 0x00,
  0x00, 0x00, 0x00, 0x00, 0x00, 0x00, 0x00, 0x00, 0x00, 0x00, 0x00, 0x00,
  0x00, 0x00, 0x00, 0x00, 0x00, 0x00, 0x00, 0x00, 0x00, 0x00, 0x00, 0x00,
  0x00, 0x00, 0x00, 0x00, 0x00, 0x00, 0x00, 0x00, 0x00, 0x00, 0x00, 0x00,
  0x00, 0x00, 0x00, 0x00, 0x00, 0x00, 0x00, 0x00, 0x00, 0x00, 0x00, 0x00,
  0x00, 0x00, 0x00, 0x00, 0x00, 0x00, 0x00, 0x00, 0x00, 0x00, 0x00, 0x00,
  0x00, 0x00, 0x00, 0x00, 0x00, 0x00, 0x00, 0x00, 0x00, 0x00, 0x00, 0x00,
  0x00, 0x00, 0x00, 0x00, 0x00, 0x00, 0x00, 0x00, 0x8b, 0x80, 0x78, 0x86,
  0x67, 0x5b, 0x54, 0xff, 0x67, 0x5b, 0x54, 0xff, 0x67, 0x5b, 0x54, 0xff,
  0x67, 0x5b, 0x54, 0xff, 0x67, 0x5b, 0x54, 0xff, 0x67, 0x5b, 0x54, 0xff,
  0x67, 0x5b, 0x54, 0xff, 0x89, 0x7e, 0x79, 0xff, 0xd3, 0xcd, 0xc9, 0xff,
  0xe3, 0xde, 0xda, 0xfe, 0xec, 0xe7, 0xe3, 0xfe, 0xec, 0xe7, 0xe3, 0xfe,
  0xec, 0xe7, 0xe3, 0xfe, 0xec, 0xe7, 0xe3, 0xfe, 0xf0, 0xec, 0xe7, 0xfe,
  0xf6, 0xf2, 0xee, 0xff, 0xeb, 0xe6, 0xdf, 0xff, 0xe7, 0xe0, 0xd8, 0xff,
  0xe7, 0xe0, 0xd8, 0xff, 0xe7, 0xe0, 0xd8, 0xff, 0xe7, 0xe0, 0xd8, 0xff,
  0xe7, 0xe0, 0xd8, 0xff, 0xe7, 0xe0, 0xd8, 0xff, 0xe7, 0xe0, 0xd8, 0xff,
  0xda, 0xd2, 0xc8, 0x83, 0x00, 0x00, 0x00, 0x00, 0x00, 0x00, 0x00, 0x00,
  0x00, 0x00, 0x00, 0x00, 0x00, 0x00, 0x00, 0x00, 0x00, 0x00, 0x00, 0x00,
  0x00, 0x00, 0x00, 0x00, 0x00, 0x00, 0x00, 0x00, 0x00, 0x00, 0x00, 0x00,
  0x00, 0x00, 0x00, 0x00, 0x00, 0x00, 0x00, 0x00, 0x00, 0x00, 0x00, 0x00,
  0x00, 0x00, 0x00, 0x00, 0x00, 0x00, 0x00, 0x00, 0x00, 0x00, 0x00, 0x00,
  0x00, 0x00, 0x00, 0x00, 0x00, 0x00, 0x00, 0x00, 0x00, 0x00, 0x00, 0x00,
  0x00, 0x00, 0x00, 0x00, 0x00, 0x00, 0x00, 0x00, 0x00, 0x00, 0x00, 0x00,
  0x00, 0x00, 0x00, 0x00, 0x00, 0x00, 0x00, 0x00, 0x00, 0x00, 0x00, 0x00,
  0x00, 0x00, 0x00, 0x00, 0x00, 0x00, 0x00, 0x00, 0x00, 0x00, 0x00, 0x00,
  0x00, 0x00, 0x00, 0x00, 0x00, 0x00, 0x00, 0x00, 0x00, 0x00, 0x00, 0x00,
  0x00, 0x00, 0x00, 0x00, 0x00, 0x00, 0x00, 0x00, 0x00, 0x00, 0x00, 0x00,
  0x00, 0x00, 0x00, 0x00, 0x00, 0x00, 0x00, 0x00, 0x8c, 0x81, 0x7a, 0x6d,
  0x67, 0x5b, 0x54, 0xff, 0x67, 0x5b, 0x54, 0xff, 0x67, 0x5b, 0x54, 0xff,
  0x67, 0x5b, 0x54, 0xff, 0x67, 0x5b, 0x54, 0xff, 0x67, 0x5b, 0x54, 0xff,
  0x67, 0x5b, 0x54, 0xff, 0x86, 0x7c, 0x76, 0xff, 0xd3, 0xcd, 0xc9, 0xff,
  0xe2, 0xdd, 0xd9, 0xfe, 0xec, 0xe7, 0xe3, 0xfe, 0xec, 0xe7, 0xe3, 0xfe,
  0xec, 0xe7, 0xe3, 0xfe, 0xec, 0xe7, 0xe3, 0xfe, 0xf0, 0xec, 0xe8, 0xfe,
  0xf6, 0xf2, 0xee, 0xff, 0xeb, 0xe5, 0xde, 0xff, 0xe7, 0xe0, 0xd8, 0xff,
  0xe7, 0xe0, 0xd8, 0xff, 0xe7, 0xe0, 0xd8, 0xff, 0xe7, 0xe0, 0xd8, 0xff,
  0xe7, 0xe0, 0xd8, 0xff, 0xe7, 0xe0, 0xd8, 0xff, 0xe7, 0xe0, 0xd8, 0xff,
  0xd6, 0xcf, 0xc6, 0x6b, 0x00, 0x00, 0x00, 0x00, 0x00, 0x00, 0x00, 0x00,
  0x00, 0x00, 0x00, 0x00, 0x00, 0x00, 0x00, 0x00, 0x00, 0x00, 0x00, 0x00,
  0x00, 0x00, 0x00, 0x00, 0x00, 0x00, 0x00, 0x00, 0x00, 0x00, 0x00, 0x00,
  0x00, 0x00, 0x00, 0x00, 0x00, 0x00, 0x00, 0x00, 0x00, 0x00, 0x00, 0x00,
  0x00, 0x00, 0x00, 0x00, 0x00, 0x00, 0x00, 0x00, 0x00, 0x00, 0x00, 0x00,
  0x00, 0x00, 0x00, 0x00, 0x00, 0x00, 0x00, 0x00, 0x00, 0x00, 0x00, 0x00,
  0x00, 0x00, 0x00, 0x00, 0x00, 0x00, 0x00, 0x00, 0x00, 0x00, 0x00, 0x00,
  0x00, 0x00, 0x00, 0x00, 0x00, 0x00, 0x00, 0x00, 0x00, 0x00, 0x00, 0x00,
  0x00, 0x00, 0x00, 0x00, 0x00, 0x00, 0x00, 0x00, 0x00, 0x00, 0x00, 0x00,
  0x00, 0x00, 0x00, 0x00, 0x00, 0x00, 0x00, 0x00, 0x00, 0x00, 0x00, 0x00,
  0x00, 0x00, 0x00, 0x00, 0x00, 0x00, 0x00, 0x00, 0x00, 0x00, 0x00, 0x00,
  0x00, 0x00, 0x00, 0x00, 0x00, 0x00, 0x00, 0x00, 0x8e, 0x81, 0x7e, 0x51,
  0x67, 0x5b, 0x54, 0xff, 0x67, 0x5b, 0x54, 0xff, 0x67, 0x5b, 0x54, 0xff,
  0x67, 0x5b, 0x54, 0xff, 0x67, 0x5b, 0x54, 0xff, 0x67, 0x5b, 0x54, 0xff,
  0x67, 0x5b, 0x54, 0xff, 0x84, 0x79, 0x73, 0xff, 0xd3, 0xcd, 0xc9, 0xff,
  0xe0, 0xdc, 0xd7, 0xfe, 0xec, 0xe7, 0xe3, 0xfe, 0xec, 0xe7, 0xe3, 0xfe,
  0xec, 0xe7, 0xe3, 0xfe, 0xec, 0xe7, 0xe3, 0xfe, 0xf1, 0xed, 0xe9, 0xfe,
  0xf6, 0xf2, 0xee, 0xff, 0xeb, 0xe5, 0xdd, 0xff, 0xe7, 0xe0, 0xd8, 0xff,
  0xe7, 0xe0, 0xd8, 0xff, 0xe7, 0xe0, 0xd8, 0xff, 0xe7, 0xe0, 0xd8, 0xff,
  0xe7, 0xe0, 0xd8, 0xff, 0xe7, 0xe0, 0xd8, 0xff, 0xe7, 0xe0, 0xd8, 0xff,
  0xd8, 0xd2, 0xc5, 0x4f, 0x00, 0x00, 0x00, 0x00, 0x00, 0x00, 0x00, 0x00,
  0x00, 0x00, 0x00, 0x00, 0x00, 0x00, 0x00, 0x00, 0x00, 0x00, 0x00, 0x00,
  0x00, 0x00, 0x00, 0x00, 0x00, 0x00, 0x00, 0x00, 0x00, 0x00, 0x00, 0x00,
  0x00, 0x00, 0x00, 0x00, 0x00, 0x00, 0x00, 0x00, 0x00, 0x00, 0x00, 0x00,
  0x00, 0x00, 0x00, 0x00, 0x00, 0x00, 0x00, 0x00, 0x00, 0x00, 0x00, 0x00,
  0x00, 0x00, 0x00, 0x00, 0x00, 0x00, 0x00, 0x00, 0x00, 0x00, 0x00, 0x00,
  0x00, 0x00, 0x00, 0x00, 0x00, 0x00, 0x00, 0x00, 0x00, 0x00, 0x00, 0x00,
  0x00, 0x00, 0x00, 0x00, 0x00, 0x00, 0x00, 0x00, 0x00, 0x00, 0x00, 0x00,
  0x00, 0x00, 0x00, 0x00, 0x00, 0x00, 0x00, 0x00, 0x00, 0x00, 0x00, 0x00,
  0x00, 0x00, 0x00, 0x00, 0x00, 0x00, 0x00, 0x00, 0x00, 0x00, 0x00, 0x00,
  0x00, 0x00, 0x00, 0x00, 0x00, 0x00, 0x00, 0x00, 0x00, 0x00, 0x00, 0x00,
  0x00, 0x00, 0x00, 0x00, 0x00, 0x00, 0x00, 0x00, 0x92, 0x87, 0x7d, 0x31,
  0x67, 0x5b, 0x54, 0xff, 0x67, 0x5b, 0x54, 0xff, 0x67, 0x5b, 0x54, 0xff,
  0x67, 0x5b, 0x54, 0xff, 0x67, 0x5b, 0x54, 0xff, 0x67, 0x5b, 0x54, 0xff,
  0x67, 0x5b, 0x54, 0xff, 0x81, 0x76, 0x71, 0xff, 0xd3, 0xcd, 0xc9, 0xff,
  0xdf, 0xda, 0xd6, 0xfe, 0xec, 0xe7, 0xe3, 0xfe, 0xec, 0xe7, 0xe3, 0xfe,
  0xec, 0xe7, 0xe3, 0xfe, 0xec, 0xe7, 0xe3, 0xfe, 0xf2, 0xee, 0xe9, 0xfe,
  0xf6, 0xf2, 0xee, 0xff, 0xeb, 0xe4, 0xde, 0xff, 0xe7, 0xe0, 0xd8, 0xff,
  0xe7, 0xe0, 0xd8, 0xff, 0xe7, 0xe0, 0xd8, 0xff, 0xe7, 0xe0, 0xd8, 0xff,
  0xe7, 0xe0, 0xd8, 0xff, 0xe7, 0xe0, 0xd8, 0xff, 0xe7, 0xe0, 0xd8, 0xff,
  0xd4, 0xce, 0xc3, 0x2f, 0x00, 0x00, 0x00, 0x00, 0x00, 0x00, 0x00, 0x00,
  0x00, 0x00, 0x00, 0x00, 0x00, 0x00, 0x00, 0x00, 0x00, 0x00, 0x00, 0x00,
  0x00, 0x00, 0x00, 0x00, 0x00, 0x00, 0x00, 0x00, 0x00, 0x00, 0x00, 0x00,
  0x00, 0x00, 0x00, 0x00, 0x00, 0x00, 0x00, 0x00, 0x00, 0x00, 0x00, 0x00,
  0x00, 0x00, 0x00, 0x00, 0x00, 0x00, 0x00, 0x00, 0x00, 0x00, 0x00, 0x00,
  0x00, 0x00, 0x00, 0x00, 0x00, 0x00, 0x00, 0x00, 0x00, 0x00, 0x00, 0x00,
  0x00, 0x00, 0x00, 0x00, 0x00, 0x00, 0x00, 0x00, 0x00, 0x00, 0x00, 0x00,
  0x00, 0x00, 0x00, 0x00, 0x00, 0x00, 0x00, 0x00, 0x00, 0x00, 0x00, 0x00,
  0x00, 0x00, 0x00, 0x00, 0x00, 0x00, 0x00, 0x00, 0x00, 0x00, 0x00, 0x00,
  0x00, 0x00, 0x00, 0x00, 0x00, 0x00, 0x00, 0x00, 0x00, 0x00, 0x00, 0x00,
  0x00, 0x00, 0x00, 0x00, 0x00, 0x00, 0x00, 0x00, 0x00, 0x00, 0x00, 0x00,
  0x00, 0x00, 0x00, 0x00, 0x00, 0x00, 0x00, 0x00, 0x8f, 0x8f, 0x70, 0x10,
  0x67, 0x5b, 0x54, 0xff, 0x67, 0x5b, 0x54, 0xff, 0x67, 0x5b, 0x54, 0xff,
  0x67, 0x5b, 0x54, 0xff, 0x67, 0x5b, 0x54, 0xff, 0x67, 0x5b, 0x54, 0xff,
  0x67, 0x5b, 0x54, 0xff, 0x7e, 0x73, 0x6d, 0xff, 0xd3, 0xcd, 0xc9, 0xff,
  0xde, 0xd9, 0xd5, 0xfe, 0xec, 0xe7, 0xe3, 0xfe, 0xec, 0xe7, 0xe3, 0xfe,
  0xec, 0xe7, 0xe3, 0xfe, 0xec, 0xe7, 0xe3, 0xfe, 0xf3, 0xee, 0xea, 0xfe,
  0xf6, 0xf2, 0xee, 0xff, 0xeb, 0xe4, 0xdd, 0xff, 0xe7, 0xe0, 0xd8, 0xff,
  0xe7, 0xe0, 0xd8, 0xff, 0xe7, 0xe0, 0xd8, 0xff, 0xe7, 0xe0, 0xd8, 0xff,
  0xe7, 0xe0, 0xd8, 0xff, 0xe7, 0xe0, 0xd8, 0xff, 0xe7, 0xe0, 0xd8, 0xff,
  0xcf, 0xcf, 0xaf, 0x10, 0x00, 0x00, 0x00, 0x00, 0x00, 0x00, 0x00, 0x00,
  0x00, 0x00, 0x00, 0x00, 0x00, 0x00, 0x00, 0x00, 0x00, 0x00, 0x00, 0x00,
  0x00, 0x00, 0x00, 0x00, 0x00, 0x00, 0x00, 0x00, 0x00, 0x00, 0x00, 0x00,
  0x00, 0x00, 0x00, 0x00, 0x00, 0x00, 0x00, 0x00, 0x00, 0x00, 0x00, 0x00,
  0x00, 0x00, 0x00, 0x00, 0x00, 0x00, 0x00, 0x00, 0x00, 0x00, 0x00, 0x00,
  0x00, 0x00, 0x00, 0x00, 0x00, 0x00, 0x00, 0x00, 0x00, 0x00, 0x00, 0x00,
  0x00, 0x00, 0x00, 0x00, 0x00, 0x00, 0x00, 0x00, 0x00, 0x00, 0x00, 0x00,
  0x00, 0x00, 0x00, 0x00, 0x00, 0x00, 0x00, 0x00, 0x00, 0x00, 0x00, 0x00,
  0x00, 0x00, 0x00, 0x00, 0x00, 0x00, 0x00, 0x00, 0x00, 0x00, 0x00, 0x00,
  0x00, 0x00, 0x00, 0x00, 0x00, 0x00, 0x00, 0x00, 0x00, 0x00, 0x00, 0x00,
  0x00, 0x00, 0x00, 0x00, 0x00, 0x00, 0x00, 0x00, 0x00, 0x00, 0x00, 0x00,
  0x00, 0x00, 0x00, 0x00, 0x00, 0x00, 0x00, 0x00, 0x00, 0x00, 0x00, 0x00,
  0x6b, 0x5e, 0x58, 0xfe, 0x67, 0x5b, 0x54, 0xff, 0x67, 0x5b, 0x54, 0xff,
  0x67, 0x5b, 0x54, 0xff, 0x67, 0x5b, 0x54, 0xff, 0x67, 0x5b, 0x54, 0xff,
  0x67, 0x5b, 0x54, 0xff, 0x7b, 0x6f, 0x69, 0xff, 0xd3, 0xcd, 0xc9, 0xff,
  0xdd, 0xd8, 0xd3, 0xfe, 0xec, 0xe7, 0xe3, 0xfe, 0xec, 0xe7, 0xe3, 0xfe,
  0xec, 0xe7, 0xe3, 0xfe, 0xec, 0xe7, 0xe3, 0xfe, 0xf3, 0xef, 0xea, 0xfe,
  0xf6, 0xf2, 0xee, 0xff, 0xea, 0xe4, 0xdc, 0xff, 0xe7, 0xe0, 0xd8, 0xff,
  0xe7, 0xe0, 0xd8, 0xff, 0xe7, 0xe0, 0xd8, 0xff, 0xe7, 0xe0, 0xd8, 0xff,
  0xe7, 0xe0, 0xd8, 0xff, 0xe7, 0xe0, 0xd8, 0xff, 0xe6, 0xdf, 0xd7, 0xfd,
  0x00, 0x00, 0x00, 0x00, 0x00, 0x00, 0x00, 0x00, 0x00, 0x00, 0x00, 0x00,
  0x00, 0x00, 0x00, 0x00, 0x00, 0x00, 0x00, 0x00, 0x00, 0x00, 0x00, 0x00,
  0x00, 0x00, 0x00, 0x00, 0x00, 0x00, 0x00, 0x00, 0x00, 0x00, 0x00, 0x00,
  0x00, 0x00, 0x00, 0x00, 0x00, 0x00, 0x00, 0x00, 0x00, 0x00, 0x00, 0x00,
  0x00, 0x00, 0x00, 0x00, 0x00, 0x00, 0x00, 0x00, 0x00, 0x00, 0x00, 0x00,
  0x00, 0x00, 0x00, 0x00, 0x00, 0x00, 0x00, 0x00, 0x00, 0x00, 0x00, 0x00,
  0x00, 0x00, 0x00, 0x00, 0x00, 0x00, 0x00, 0x00, 0x00, 0x00, 0x00, 0x00,
  0x00, 0x00, 0x00, 0x00, 0x00, 0x00, 0x00, 0x00, 0x00, 0x00, 0x00, 0x00,
  0x00, 0x00, 0x00, 0x00, 0x00, 0x00, 0x00, 0x00, 0x00, 0x00, 0x00, 0x00,
  0x00, 0x00, 0x00, 0x00, 0x00, 0x00, 0x00, 0x00, 0x00, 0x00, 0x00, 0x00,
  0x00, 0x00, 0x00, 0x00, 0x00, 0x00, 0x00, 0x00, 0x00, 0x00, 0x00, 0x00,
  0x00, 0x00, 0x00, 0x00, 0x00, 0x00, 0x00, 0x00, 0x00, 0x00, 0x00, 0x00,
  0x72, 0x65, 0x5e, 0xf9, 0x67, 0x5b, 0x54, 0xff, 0x67, 0x5b, 0x54, 0xff,
  0x67, 0x5b, 0x54, 0xff, 0x67, 0x5b, 0x54, 0xff, 0x67, 0x5b, 0x54, 0xff,
  0x67, 0x5b, 0x54, 0xff, 0x76, 0x6b, 0x64, 0xff, 0xd3, 0xcd, 0xc9, 0xff,
  0xdc, 0xd7, 0xd2, 0xfe, 0xec, 0xe7, 0xe3, 0xfe, 0xec, 0xe7, 0xe3, 0xfe,
  0xec, 0xe7, 0xe3, 0xfe, 0xec, 0xe7, 0xe3, 0xfe, 0xf4, 0xef, 0xeb, 0xfe,
  0xf6, 0xf2, 0xee, 0xff, 0xe8, 0xe2, 0xdb, 0xff, 0xe7, 0xe0, 0xd8, 0xff,
  0xe7, 0xe0, 0xd8, 0xff, 0xe7, 0xe0, 0xd8, 0xff, 0xe7, 0xe0, 0xd8, 0xff,
  0xe7, 0xe0, 0xd8, 0xff, 0xe7, 0xe0, 0xd8, 0xff, 0xe3, 0xdb, 0xd4, 0xf8,
  0x00, 0x00, 0x00, 0x00, 0x00, 0x00, 0x00, 0x00, 0x00, 0x00, 0x00, 0x00,
  0x00, 0x00, 0x00, 0x00, 0x00, 0x00, 0x00, 0x00, 0x00, 0x00, 0x00, 0x00,
  0x00, 0x00, 0x00, 0x00, 0x00, 0x00, 0x00, 0x00, 0x00, 0x00, 0x00, 0x00,
  0x00, 0x00, 0x00, 0x00, 0x00, 0x00, 0x00, 0x00, 0x00, 0x00, 0x00, 0x00,
  0x00, 0x00, 0x00, 0x00, 0x00, 0x00, 0x00, 0x00, 0x00, 0x00, 0x00, 0x00,
  0x00, 0x00, 0x00, 0x00, 0x00, 0x00, 0x00, 0x00, 0x00, 0x00, 0x00, 0x00,
  0x00, 0x00, 0x00, 0x00, 0x00, 0x00, 0x00, 0x00, 0x00, 0x00, 0x00, 0x00,
  0x00, 0x00, 0x00, 0x00, 0x00, 0x00, 0x00, 0x00, 0x00, 0x00, 0x00, 0x00,
  0x00, 0x00, 0x00, 0x00, 0x00, 0x00, 0x00, 0x00, 0x00, 0x00, 0x00, 0x00,
  0x00, 0x00, 0x00, 0x00, 0x00, 0x00, 0x00, 0x00, 0x00, 0x00, 0x00, 0x00,
  0x00, 0x00, 0x00, 0x00, 0x00, 0x00, 0x00, 0x00, 0x00, 0x00, 0x00, 0x00,
  0x00, 0x00, 0x00, 0x00, 0x00, 0x00, 0x00, 0x00, 0x00, 0x00, 0x00, 0x00,
  0x77, 0x6c, 0x64, 0xef, 0x67, 0x5b, 0x54, 0xff, 0x67, 0x5b, 0x54, 0xff,
  0x67, 0x5b, 0x54, 0xff, 0x67, 0x5b, 0x54, 0xff, 0x67, 0x5b, 0x54, 0xff,
  0x67, 0x5b, 0x54, 0xff, 0x71, 0x66, 0x5f, 0xff, 0xd3, 0xcd, 0xc9, 0xff,
  0xdb, 0xd6, 0xd1, 0xfe, 0xec, 0xe7, 0xe3, 0xfe, 0xec, 0xe7, 0xe3, 0xfe,
  0xec, 0xe7, 0xe3, 0xfe, 0xec, 0xe7, 0xe3, 0xfe, 0xf4, 0xf0, 0xec, 0xfe,
  0xf6, 0xf2, 0xee, 0xff, 0xe8, 0xe1, 0xda, 0xff, 0xe7, 0xe0, 0xd8, 0xff,
  0xe7, 0xe0, 0xd8, 0xff, 0xe7, 0xe0, 0xd8, 0xff, 0xe7, 0xe0, 0xd8, 0xff,
  0xe7, 0xe0, 0xd8, 0xff, 0xe7, 0xe0, 0xd8, 0xff, 0xe1, 0xda, 0xd1, 0xee,
  0x00, 0x00, 0x00, 0x00, 0x00, 0x00, 0x00, 0x00, 0x00, 0x00, 0x00, 0x00,
  0x00, 0x00, 0x00, 0x00, 0x00, 0x00, 0x00, 0x00, 0x00, 0x00, 0x00, 0x00,
  0x00, 0x00, 0x00, 0x00, 0x00, 0x00, 0x00, 0x00, 0x00, 0x00, 0x00, 0x00,
  0x00, 0x00, 0x00, 0x00, 0x00, 0x00, 0x00, 0x00, 0x00, 0x00, 0x00, 0x00,
  0x00, 0x00, 0x00, 0x00, 0x00, 0x00, 0x00, 0x00, 0x00, 0x00, 0x00, 0x00,
  0x00, 0x00, 0x00, 0x00, 0x00, 0x00, 0x00, 0x00, 0x00, 0x00, 0x00, 0x00,
  0x00, 0x00, 0x00, 0x00, 0x00, 0x00, 0x00, 0x00, 0x00, 0x00, 0x00, 0x00,
  0x00, 0x00, 0x00, 0x00, 0x00, 0x00, 0x00, 0x00, 0x00, 0x00, 0x00, 0x00,
  0x00, 0x00, 0x00, 0x00, 0x00, 0x00, 0x00, 0x00, 0x00, 0x00, 0x00, 0x00,
  0x00, 0x00, 0x00, 0x00, 0x00, 0x00, 0x00, 0x00, 0x00, 0x00, 0x00, 0x00,
  0x00, 0x00, 0x00, 0x00, 0x00, 0x00, 0x00, 0x00, 0x00, 0x00, 0x00, 0x00,
  0x00, 0x00, 0x00, 0x00, 0x00, 0x00, 0x00, 0x00, 0x00, 0x00, 0x00, 0x00,
  0x7c, 0x70, 0x68, 0xe3, 0x67, 0x5b, 0x54, 0xff, 0x67, 0x5b, 0x54, 0xff,
  0x67, 0x5b, 0x54, 0xff, 0x67, 0x5b, 0x54, 0xff, 0x67, 0x5b, 0x54, 0xff,
  0x67, 0x5b, 0x54, 0xff, 0x6c, 0x61, 0x5a, 0xff, 0xd3, 0xcd, 0xc9, 0xff,
  0xd9, 0xd3, 0xd0, 0xff, 0xec, 0xe7, 0xe3, 0xfe, 0xec, 0xe7, 0xe3, 0xfe,
  0xec, 0xe7, 0xe3, 0xfe, 0xec, 0xe7, 0xe3, 0xfe, 0xf4, 0xef, 0xeb, 0xff,
  0xf6, 0xf2, 0xee, 0xff, 0xe8, 0xe0, 0xd8, 0xff, 0xe7, 0xe0, 0xd8, 0xff,
  0xe7, 0xe0, 0xd8, 0xff, 0xe7, 0xe0, 0xd8, 0xff, 0xe7, 0xe0, 0xd8, 0xff,
  0xe7, 0xe0, 0xd8, 0xff, 0xe7, 0xe0, 0xd8, 0xff, 0xde, 0xd6, 0xcf, 0xe1,
  0x00, 0x00, 0x00, 0x00, 0x00, 0x00, 0x00, 0x00, 0x00, 0x00, 0x00, 0x00,
  0x00, 0x00, 0x00, 0x00, 0x00, 0x00, 0x00, 0x00, 0x00, 0x00, 0x00, 0x00,
  0x00, 0x00, 0x00, 0x00, 0x00, 0x00, 0x00, 0x00, 0x00, 0x00, 0x00, 0x00,
  0x00, 0x00, 0x00, 0x00, 0x00, 0x00, 0x00, 0x00, 0x00, 0x00, 0x00, 0x00,
  0x00, 0x00, 0x00, 0x00, 0x00, 0x00, 0x00, 0x00, 0x00, 0x00, 0x00, 0x00,
  0x00, 0x00, 0x00, 0x00, 0x00, 0x00, 0x00, 0x00, 0x00, 0x00, 0x00, 0x00,
  0x00, 0x00, 0x00, 0x00, 0x00, 0x00, 0x00, 0x00, 0x00, 0x00, 0x00, 0x00,
  0x00, 0x00, 0x00, 0x00, 0x00, 0x00, 0x00, 0x00, 0x00, 0x00, 0x00, 0x00,
  0x00, 0x00, 0x00, 0x00, 0x00, 0x00, 0x00, 0x00, 0x00, 0x00, 0x00, 0x00,
  0x00, 0x00, 0x00, 0x00, 0x00, 0x00, 0x00, 0x00, 0x00, 0x00, 0x00, 0x00,
  0x00, 0x00, 0x00, 0x00, 0x00, 0x00, 0x00, 0x00, 0x00, 0x00, 0x00, 0x00,
  0x00, 0x00, 0x00, 0x00, 0x00, 0x00, 0x00, 0x00, 0x00, 0x00, 0x00, 0x00,
  0x80, 0x74, 0x6d, 0xd3, 0x67, 0x5b, 0x54, 0xff, 0x67, 0x5b, 0x54, 0xff,
  0x67, 0x5b, 0x54, 0xff, 0x67, 0x5b, 0x54, 0xff, 0x67, 0x5b, 0x54, 0xff,
  0x67, 0x5b, 0x54, 0xff, 0x68, 0x5c, 0x55, 0xff, 0xd3, 0xcd, 0xc9, 0xff,
  0xd7, 0xd2, 0xce, 0xff, 0xec, 0xe7, 0xe3, 0xfe, 0xec, 0xe7, 0xe3, 0xfe,
  0xec, 0xe7, 0xe3, 0xfe, 0xec, 0xe7, 0xe3, 0xfe, 0xf4, 0xf0, 0xec, 0xff,
  0xf6, 0xf2, 0xee, 0xff, 0xe7, 0xe0, 0xd8, 0xff, 0xe7, 0xe0, 0xd8, 0xff,
  0xe7, 0xe0, 0xd8, 0xff, 0xe7, 0xe0, 0xd8, 0xff, 0xe7, 0xe0, 0xd8, 0xff,
  0xe7, 0xe0, 0xd8, 0xff, 0xe7, 0xe0, 0xd8, 0xff, 0xde, 0xd5, 0xce, 0xd0,
  0x00, 0x00, 0x00, 0x00, 0x00, 0x00, 0x00, 0x00, 0x00, 0x00, 0x00, 0x00,
  0x00, 0x00, 0x00, 0x00, 0x00, 0x00, 0x00, 0x00, 0x00, 0x00, 0x00, 0x00,
  0x00, 0x00, 0x00, 0x00, 0x00, 0x00, 0x00, 0x00, 0x00, 0x00, 0x00, 0x00,
  0x00, 0x00, 0x00, 0x00, 0x00, 0x00, 0x00, 0x00, 0x00, 0x00, 0x00, 0x00,
  0x00, 0x00, 0x00, 0x00, 0x00, 0x00, 0x00, 0x00, 0x00, 0x00, 0x00, 0x00,
  0x00, 0x00, 0x00, 0x00, 0x00, 0x00, 0x00, 0x00, 0x00, 0x00, 0x00, 0x00,
  0x00, 0x00, 0x00, 0x00, 0x00, 0x00, 0x00, 0x00, 0x00, 0x00, 0x00, 0x00,
  0x00, 0x00, 0x00, 0x00, 0x00, 0x00, 0x00, 0x00, 0x00, 0x00, 0x00, 0x00,
  0x00, 0x00, 0x00, 0x00, 0x00, 0x00, 0x00, 0x00, 0x00, 0x00, 0x00, 0x00,
  0x00, 0x00, 0x00, 0x00, 0x00, 0x00, 0x00, 0x00, 0x00, 0x00, 0x00, 0x00,
  0x00, 0x00, 0x00, 0x00, 0x00, 0x00, 0x00, 0x00, 0x00, 0x00, 0x00, 0x00,
  0x00, 0x00, 0x00, 0x00, 0x00, 0x00, 0x00, 0x00, 0x00, 0x00, 0x00, 0x00,
  0x84, 0x79, 0x6f, 0xbe, 0x67, 0x5b, 0x54, 0xff, 0x67, 0x5b, 0x54, 0xff,
  0x67, 0x5b, 0x54, 0xff, 0x67, 0x5b, 0x54, 0xff, 0x67, 0x5b, 0x54, 0xff,
  0x67, 0x5b, 0x54, 0xff, 0x67, 0x5b, 0x54, 0xff, 0xcf, 0xc9, 0xc5, 0xff,
  0xd7, 0xd1, 0xcd, 0xff, 0xec, 0xe7, 0xe3, 0xfe, 0xec, 0xe7, 0xe3, 0xfe,
  0xec, 0xe7, 0xe3, 0xfe, 0xec, 0xe7, 0xe3, 0xfe, 0xf4, 0xf0, 0xec, 0xff,
  0xf6, 0xf2, 0xed, 0xff, 0xe7, 0xe0, 0xd8, 0xff, 0xe7, 0xe0, 0xd8, 0xff,
  0xe7, 0xe0, 0xd8, 0xff, 0xe7, 0xe0, 0xd8, 0xff, 0xe7, 0xe0, 0xd8, 0xff,
  0xe7, 0xe0, 0xd8, 0xff, 0xe7, 0xe0, 0xd8, 0xff, 0xdc, 0xd5, 0xcd, 0xbb,
  0x00, 0x00, 0x00, 0x00, 0x00, 0x00, 0x00, 0x00, 0x00, 0x00, 0x00, 0x00,
  0x00, 0x00, 0x00, 0x00, 0x00, 0x00, 0x00, 0x00, 0x00, 0x00, 0x00, 0x00,
  0x00, 0x00, 0x00, 0x00, 0x00, 0x00, 0x00, 0x00, 0x00, 0x00, 0x00, 0x00,
  0x00, 0x00, 0x00, 0x00, 0x00, 0x00, 0x00, 0x00, 0x00, 0x00, 0x00, 0x00,
  0x00, 0x00, 0x00, 0x00, 0x00, 0x00, 0x00, 0x00, 0x00, 0x00, 0x00, 0x00,
  0x00, 0x00, 0x00, 0x00, 0x00, 0x00, 0x00, 0x00, 0x00, 0x00, 0x00, 0x00,
  0x00, 0x00, 0x00, 0x00, 0x00, 0x00, 0x00, 0x00, 0x00, 0x00, 0x00, 0x00,
  0x00, 0x00, 0x00, 0x00, 0x00, 0x00, 0x00, 0x00, 0x00, 0x00, 0x00, 0x00,
  0x00, 0x00, 0x00, 0x00, 0x00, 0x00, 0x00, 0x00, 0x00, 0x00, 0x00, 0x00,
  0x00, 0x00, 0x00, 0x00, 0x00, 0x00, 0x00, 0x00, 0x00, 0x00, 0x00, 0x00,
  0x00, 0x00, 0x00, 0x00, 0x00, 0x00, 0x00, 0x00, 0x00, 0x00, 0x00, 0x00,
  0x00, 0x00, 0x00, 0x00, 0x00, 0x00, 0x00, 0x00, 0x00, 0x00, 0x00, 0x00,
  0x86, 0x7b, 0x73, 0xa6, 0x67, 0x5b, 0x54, 0xff, 0x67, 0x5b, 0x54, 0xff,
  0x67, 0x5b, 0x54, 0xff, 0x67, 0x5b, 0x54, 0xff, 0x67, 0x5b, 0x54, 0xff,
  0x67, 0x5b, 0x54, 0xff, 0x67, 0x5b, 0x54, 0xff, 0xca, 0xc5, 0xc1, 0xff,
  0xd6, 0xd0, 0xcc, 0xff, 0xec, 0xe7, 0xe3, 0xfe, 0xec, 0xe7, 0xe3, 0xfe,
  0xec, 0xe7, 0xe3, 0xfe, 0xec, 0xe7, 0xe3, 0xfe, 0xf5, 0xf1, 0xed, 0xff,
  0xf5, 0xf1, 0xec, 0xff, 0xe7, 0xe0, 0xd8, 0xff, 0xe7, 0xe0, 0xd8, 0xff,
  0xe7, 0xe0, 0xd8, 0xff, 0xe7, 0xe0, 0xd8, 0xff, 0xe7, 0xe0, 0xd8, 0xff,
  0xe7, 0xe0, 0xd8, 0xff, 0xe7, 0xe0, 0xd8, 0xff, 0xd9, 0xd3, 0xca, 0xa3,
  0x00, 0x00, 0x00, 0x00, 0x00, 0x00, 0x00, 0x00, 0x00, 0x00, 0x00, 0x00,
  0x00, 0x00, 0x00, 0x00, 0x00, 0x00, 0x00, 0x00, 0x00, 0x00, 0x00, 0x00,
  0x00, 0x00, 0x00, 0x00, 0x00, 0x00, 0x00, 0x00, 0x00, 0x00, 0x00, 0x00,
  0x00, 0x00, 0x00, 0x00, 0x00, 0x00, 0x00, 0x00, 0x00, 0x00, 0x00, 0x00,
  0x00, 0x00, 0x00, 0x00, 0x00, 0x00, 0x00, 0x00, 0x00, 0x00, 0x00, 0x00,
  0x00, 0x00, 0x00, 0x00, 0x00, 0x00, 0x00, 0x00, 0x00, 0x00, 0x00, 0x00,
  0x00, 0x00, 0x00, 0x00, 0x00, 0x00, 0x00, 0x00, 0x00, 0x00, 0x00, 0x00,
  0x00, 0x00, 0x00, 0x00, 0x00, 0x00, 0x00, 0x00, 0x00, 0x00, 0x00, 0x00,
  0x00, 0x00, 0x00, 0x00, 0x00, 0x00, 0x00, 0x00, 0x00, 0x00, 0x00, 0x00,
  0x00, 0x00, 0x00, 0x00, 0x00, 0x00, 0x00, 0x00, 0x00, 0x00, 0x00, 0x00,
  0x00, 0x00, 0x00, 0x00, 0x00, 0x00, 0x00, 0x00, 0x00, 0x00, 0x00, 0x00,
  0x00, 0x00, 0x00, 0x00, 0x00, 0x00, 0x00, 0x00, 0x00, 0x00, 0x00, 0x00,
  0x8a, 0x7f, 0x75, 0x89, 0x67, 0x5b, 0x54, 0xff, 0x67, 0x5b, 0x54, 0xff,
  0x67, 0x5b, 0x54, 0xff, 0x67, 0x5b, 0x54, 0xff, 0x67, 0x5b, 0x54, 0xff,
  0x67, 0x5b, 0x54, 0xff, 0x67, 0x5b, 0x54, 0xff, 0xc7, 0xc0, 0xbc, 0xff,
  0xd4, 0xcf, 0xcb, 0xff, 0xec, 0xe7, 0xe3, 0xfe, 0xec, 0xe7, 0xe3, 0xfe,
  0xec, 0xe7, 0xe3, 0xfe, 0xec, 0xe7, 0xe3, 0xfe, 0xf5, 0xf2, 0xed, 0xff,
  0xf4, 0xf0, 0xeb, 0xff, 0xe7, 0xe0, 0xd8, 0xff, 0xe7, 0xe0, 0xd8, 0xff,
  0xe7, 0xe0, 0xd8, 0xff, 0xe7, 0xe0, 0xd8, 0xff, 0xe7, 0xe0, 0xd8, 0xff,
  0xe7, 0xe0, 0xd8, 0xff, 0xe7, 0xe0, 0xd8, 0xff, 0xdb, 0xd1, 0xca, 0x86,
  0x00, 0x00, 0x00, 0x00, 0x00, 0x00, 0x00, 0x00, 0x00, 0x00, 0x00, 0x00,
  0x00, 0x00, 0x00, 0x00, 0x00, 0x00, 0x00, 0x00, 0x00, 0x00, 0x00, 0x00,
  0x00, 0x00, 0x00, 0x00, 0x00, 0x00, 0x00, 0x00, 0x00, 0x00, 0x00, 0x00,
  0x00, 0x00, 0x00, 0x00, 0x00, 0x00, 0x00, 0x00, 0x00, 0x00, 0x00, 0x00,
  0x00, 0x00, 0x00, 0x00, 0x00, 0x00, 0x00, 0x00, 0x00, 0x00, 0x00, 0x00,
  0x00, 0x00, 0x00, 0x00, 0x00, 0x00, 0x00, 0x00, 0x00, 0x00, 0x00, 0x00,
  0x00, 0x00, 0x00, 0x00, 0x00, 0x00, 0x00, 0x00, 0x00, 0x00, 0x00, 0x00,
  0x00, 0x00, 0x00, 0x00, 0x00, 0x00, 0x00, 0x00, 0x00, 0x00, 0x00, 0x00,
  0x00, 0x00, 0x00, 0x00, 0x00, 0x00, 0x00, 0x00, 0x00, 0x00, 0x00, 0x00,
  0x00, 0x00, 0x00, 0x00, 0x00, 0x00, 0x00, 0x00, 0x00, 0x00, 0x00, 0x00,
  0x00, 0x00, 0x00, 0x00, 0x00, 0x00, 0x00, 0x00, 0x00, 0x00, 0x00, 0x00,
  0x00, 0x00, 0x00, 0x00, 0x00, 0x00, 0x00, 0x00, 0x00, 0x00, 0x00, 0x00,
  0x8d, 0x81, 0x79, 0x69, 0x67, 0x5b, 0x54, 0xff, 0x67, 0x5b, 0x54, 0xff,
  0x67, 0x5b, 0x54, 0xff, 0x67, 0x5b, 0x54, 0xff, 0x67, 0x5b, 0x54, 0xff,
  0x67, 0x5b, 0x54, 0xff, 0x67, 0x5b, 0x54, 0xff, 0xc2, 0xbb, 0xb6, 0xff,
  0xd4, 0xce, 0xca, 0xff, 0xec, 0xe7, 0xe3, 0xfe, 0xec, 0xe7, 0xe3, 0xfe,
  0xec, 0xe7, 0xe3, 0xfe, 0xec, 0xe7, 0xe3, 0xfe, 0xf6, 0xf2, 0xee, 0xff,
  0xf3, 0xef, 0xeb, 0xff, 0xe7, 0xe0, 0xd8, 0xff, 0xe7, 0xe0, 0xd8, 0xff,
  0xe7, 0xe0, 0xd8, 0xff, 0xe7, 0xe0, 0xd8, 0xff, 0xe7, 0xe0, 0xd8, 0xff,
  0xe7, 0xe0, 0xd8, 0xff, 0xe7, 0xe0, 0xd8, 0xff, 0xd7, 0xd0, 0xc6, 0x66,
  0x00, 0x00, 0x00, 0x00, 0x00, 0x00, 0x00, 0x00, 0x00, 0x00, 0x00, 0x00,
  0x00, 0x00, 0x00, 0x00, 0x00, 0x00, 0x00, 0x00, 0x00, 0x00, 0x00, 0x00,
  0x00, 0x00, 0x00, 0x00, 0x00, 0x00, 0x00, 0x00, 0x00, 0x00, 0x00, 0x00,
  0x00, 0x00, 0x00, 0x00, 0x00, 0x00, 0x00, 0x00, 0x00, 0x00, 0x00, 0x00,
  0x00, 0x00, 0x00, 0x00, 0x00, 0x00, 0x00, 0x00, 0x00, 0x00, 0x00, 0x00,
  0x00, 0x00, 0x00, 0x00, 0x00, 0x00, 0x00, 0x00, 0x00, 0x00, 0x00, 0x00,
  0x00, 0x00, 0x00, 0x00, 0x00, 0x00, 0x00, 0x00, 0x00, 0x00, 0x00, 0x00,
  0x00, 0x00, 0x00, 0x00, 0x00, 0x00, 0x00, 0x00, 0x00, 0x00, 0x00, 0x00,
  0x00, 0x00, 0x00, 0x00, 0x00, 0x00, 0x00, 0x00, 0x00, 0x00, 0x00, 0x00,
  0x00, 0x00, 0x00, 0x00, 0x00, 0x00, 0x00, 0x00, 0x00, 0x00, 0x00, 0x00,
  0x00, 0x00, 0x00, 0x00, 0x00, 0x00, 0x00, 0x00, 0x00, 0x00, 0x00, 0x00,
  0x00, 0x00, 0x00, 0x00, 0x00, 0x00, 0x00, 0x00, 0x00, 0x00, 0x00, 0x00,
  0x8c, 0x85, 0x76, 0x45, 0x67, 0x5b, 0x54, 0xff, 0x67, 0x5b, 0x54, 0xff,
  0x67, 0x5b, 0x54, 0xff, 0x67, 0x5b, 0x54, 0xff, 0x67, 0x5b, 0x54, 0xff,
  0x67, 0x5b, 0x54, 0xff, 0x67, 0x5b, 0x54, 0xff, 0xbd, 0xb6, 0xb2, 0xff,
  0xd3, 0xcd, 0xc9, 0xff, 0xeb, 0xe7, 0xe2, 0xfe, 0xec, 0xe7, 0xe3, 0xfe,
  0xec, 0xe7, 0xe3, 0xfe, 0xec, 0xe7, 0xe3, 0xfe, 0xf6, 0xf2, 0xee, 0xff,
  0xf3, 0xef, 0xe9, 0xff, 0xe7, 0xe0, 0xd8, 0xff, 0xe7, 0xe0, 0xd8, 0xff,
  0xe7, 0xe0, 0xd8, 0xff, 0xe7, 0xe0, 0xd8, 0xff, 0xe7, 0xe0, 0xd8, 0xff,
  0xe7, 0xe0, 0xd8, 0xff, 0xe7, 0xe0, 0xd8, 0xff, 0xd5, 0xcd, 0xc9, 0x42,
  0x00, 0x00, 0x00, 0x00, 0x00, 0x00, 0x00, 0x00, 0x00, 0x00, 0x00, 0x00,
  0x00, 0x00, 0x00, 0x00, 0x00, 0x00, 0x00, 0x00, 0x00, 0x00, 0x00, 0x00,
  0x00, 0x00, 0x00, 0x00, 0x00, 0x00, 0x00, 0x00, 0x00, 0x00, 0x00, 0x00,
  0x00, 0x00, 0x00, 0x00, 0x00, 0x00, 0x00, 0x00, 0x00, 0x00, 0x00, 0x00,
  0x00, 0x00, 0x00, 0x00, 0x00, 0x00, 0x00, 0x00, 0x00, 0x00, 0x00, 0x00,
  0x00, 0x00, 0x00, 0x00, 0x00, 0x00, 0x00, 0x00, 0x00, 0x00, 0x00, 0x00,
  0x00, 0x00, 0x00, 0x00, 0x00, 0x00, 0x00, 0x00, 0x00, 0x00, 0x00, 0x00,
  0x00, 0x00, 0x00, 0x00, 0x00, 0x00, 0x00, 0x00, 0x00, 0x00, 0x00, 0x00,
  0x00, 0x00, 0x00, 0x00, 0x00, 0x00, 0x00, 0x00, 0x00, 0x00, 0x00, 0x00,
  0x00, 0x00, 0x00, 0x00, 0x00, 0x00, 0x00, 0x00, 0x00, 0x00, 0x00, 0x00,
  0x00, 0x00, 0x00, 0x00, 0x00, 0x00, 0x00, 0x00, 0x00, 0x00, 0x00, 0x00,
  0x00, 0x00, 0x00, 0x00, 0x00, 0x00, 0x00, 0x00, 0x00, 0x00, 0x00, 0x00,
  0x91, 0x80, 0x80, 0x1e, 0x67, 0x5b, 0x54, 0xff, 0x67, 0x5b, 0x54, 0xff,
  0x67, 0x5b, 0x54, 0xff, 0x67, 0x5b, 0x54, 0xff, 0x67, 0x5b, 0x54, 0xff,
  0x67, 0x5b, 0x54, 0xff, 0x67, 0x5b, 0x54, 0xff, 0xb8, 0xb1, 0xac, 0xff,
  0xd3, 0xcd, 0xc9, 0xff, 0xea, 0xe6, 0xe1, 0xfe, 0xec, 0xe7, 0xe3, 0xfe,
  0xec, 0xe7, 0xe3, 0xfe, 0xec, 0xe8, 0xe3, 0xfe, 0xf6, 0xf2, 0xee, 0xff,
  0xf2, 0xee, 0xe8, 0xff, 0xe7, 0xe0, 0xd8, 0xff, 0xe7, 0xe0, 0xd8, 0xff,
  0xe7, 0xe0, 0xd8, 0xff, 0xe7, 0xe0, 0xd8, 0xff, 0xe7, 0xe0, 0xd8, 0xff,
  0xe7, 0xe0, 0xd8, 0xff, 0xe7, 0xe0, 0xd8, 0xff, 0xd1, 0xd1, 0xbf, 0x1c,
  0x00, 0x00, 0x00, 0x00, 0x00, 0x00, 0x00, 0x00, 0x00, 0x00, 0x00, 0x00,
  0x00, 0x00, 0x00, 0x00, 0x00, 0x00, 0x00, 0x00, 0x00, 0x00, 0x00, 0x00,
  0x00, 0x00, 0x00, 0x00, 0x00, 0x00, 0x00, 0x00, 0x00, 0x00, 0x00, 0x00,
  0x00, 0x00, 0x00, 0x00, 0x00, 0x00, 0x00, 0x00, 0x00, 0x00, 0x00, 0x00,
  0x00, 0x00, 0x00, 0x00, 0x00, 0x00, 0x00, 0x00, 0x00, 0x00, 0x00, 0x00,
  0x00, 0x00, 0x00, 0x00, 0x00, 0x00, 0x00, 0x00, 0x00, 0x00, 0x00, 0x00,
  0x00, 0x00, 0x00, 0x00, 0x00, 0x00, 0x00, 0x00, 0x00, 0x00, 0x00, 0x00,
  0x00, 0x00, 0x00, 0x00, 0x00, 0x00, 0x00, 0x00, 0x00, 0x00, 0x00, 0x00,
  0x00, 0x00, 0x00, 0x00, 0x00, 0x00, 0x00, 0x00, 0x00, 0x00, 0x00, 0x00,
  0x00, 0x00, 0x00, 0x00, 0x00, 0x00, 0x00, 0x00, 0x00, 0x00, 0x00, 0x00,
  0x00, 0x00, 0x00, 0x00, 0x00, 0x00, 0x00, 0x00, 0x00, 0x00, 0x00, 0x00,
  0x00, 0x00, 0x00, 0x00, 0x00, 0x00, 0x00, 0x00, 0x00, 0x00, 0x00, 0x00,
  0x00, 0x00, 0x00, 0x00, 0x6a, 0x5d, 0x57, 0xfe, 0x67, 0x5b, 0x54, 0xff,
  0x67, 0x5b, 0x54, 0xff, 0x67, 0x5b, 0x54, 0xff, 0x67, 0x5b, 0x54, 0xff,
  0x67, 0x5b, 0x54, 0xff, 0x67, 0x5b, 0x54, 0xff, 0xb4, 0xac, 0xa8, 0xff,
  0xd3, 0xcd, 0xc9, 0xff, 0xe9, 0xe5, 0xe0, 0xfe, 0xec, 0xe7, 0xe3, 0xfe,
  0xec, 0xe7, 0xe3, 0xfe, 0xed, 0xe9, 0xe4, 0xfe, 0xf6, 0xf2, 0xee, 0xff,
  0xf1, 0xed, 0xe7, 0xff, 0xe7, 0xe0, 0xd8, 0xff, 0xe7, 0xe0, 0xd8, 0xff,
  0xe7, 0xe0, 0xd8, 0xff, 0xe7, 0xe0, 0xd8, 0xff, 0xe7, 0xe0, 0xd8, 0xff,
  0xe7, 0xe0, 0xd8, 0xff, 0xe7, 0xdf, 0xd8, 0xfe, 0x00, 0x00, 0x00, 0x00,
  0x00, 0x00, 0x00, 0x00, 0x00, 0x00, 0x00, 0x00, 0x00, 0x00, 0x00, 0x00,
  0x00, 0x00, 0x00, 0x00, 0x00, 0x00, 0x00, 0x00, 0x00, 0x00, 0x00, 0x00,
  0x00, 0x00, 0x00, 0x00, 0x00, 0x00, 0x00, 0x00, 0x00, 0x00, 0x00, 0x00,
  0x00, 0x00, 0x00, 0x00, 0x00, 0x00, 0x00, 0x00, 0x00, 0x00, 0x00, 0x00,
  0x00, 0x00, 0x00, 0x00, 0x00, 0x00, 0x00, 0x00, 0x00, 0x00, 0x00, 0x00,
  0x00, 0x00, 0x00, 0x00, 0x00, 0x00, 0x00, 0x00, 0x00, 0x00, 0x00, 0x00,
  0x00, 0x00, 0x00, 0x00, 0x00, 0x00, 0x00, 0x00, 0x00, 0x00, 0x00, 0x00,
  0x00, 0x00, 0x00, 0x00, 0x00, 0x00, 0x00, 0x00, 0x00, 0x00, 0x00, 0x00,
  0x00, 0x00, 0x00, 0x00, 0x00, 0x00, 0x00, 0x00, 0x00, 0x00, 0x00, 0x00,
  0x00, 0x00, 0x00, 0x00, 0x00, 0x00, 0x00, 0x00, 0x00, 0x00, 0x00, 0x00,
  0x00, 0x00, 0x00, 0x00, 0x00, 0x00, 0x00, 0x00, 0x00, 0x00, 0x00, 0x00,
  0x00, 0x00, 0x00, 0x00, 0x00, 0x00, 0x00, 0x00, 0x00, 0x00, 0x00, 0x00,
  0x00, 0x00, 0x00, 0x00, 0x70, 0x64, 0x5d, 0xfa, 0x67, 0x5b, 0x54, 0xff,
  0x67, 0x5b, 0x54, 0xff, 0x67, 0x5b, 0x54, 0xff, 0x67, 0x5b, 0x54, 0xff,
  0x67, 0x5b, 0x54, 0xff, 0x67, 0x5b, 0x54, 0xff, 0xaf, 0xa8, 0xa2, 0xff,
  0xd3, 0xcd, 0xc9, 0xff, 0xe8, 0xe3, 0xdf, 0xfe, 0xec, 0xe7, 0xe3, 0xfe,
  0xec, 0xe7, 0xe3, 0xfe, 0xed, 0xe9, 0xe5, 0xfe, 0xf6, 0xf2, 0xee, 0xff,
  0xf1, 0xec, 0xe7, 0xff, 0xe7, 0xe0, 0xd8, 0xff, 0xe7, 0xe0, 0xd8, 0xff,
  0xe7, 0xe0, 0xd8, 0xff, 0xe7, 0xe0, 0xd8, 0xff, 0xe7, 0xe0, 0xd8, 0xff,
  0xe7, 0xe0, 0xd8, 0xff, 0xe3, 0xdc, 0xd4, 0xf9, 0x00, 0x00, 0x00, 0x00,
  0x00, 0x00, 0x00, 0x00, 0x00, 0x00, 0x00, 0x00, 0x00, 0x00, 0x00, 0x00,
  0x00, 0x00, 0x00, 0x00, 0x00, 0x00, 0x00, 0x00, 0x00, 0x00, 0x00, 0x00,
  0x00, 0x00, 0x00, 0x00, 0x00, 0x00, 0x00, 0x00, 0x00, 0x00, 0x00, 0x00,
  0x00, 0x00, 0x00, 0x00, 0x00, 0x00, 0x00, 0x00, 0x00, 0x00, 0x00, 0x00,
  0x00, 0x00, 0x00, 0x00, 0x00, 0x00, 0x00, 0x00, 0x00, 0x00, 0x00, 0x00,
  0x00, 0x00, 0x00, 0x00, 0x00, 0x00, 0x00, 0x00, 0x00, 0x00, 0x00, 0x00,
  0x00, 0x00, 0x00, 0x00, 0x00, 0x00, 0x00, 0x00, 0x00, 0x00, 0x00, 0x00,
  0x00, 0x00, 0x00, 0x00, 0x00, 0x00, 0x00, 0x00, 0x00, 0x00, 0x00, 0x00,
  0x00, 0x00, 0x00, 0x00, 0x00, 0x00, 0x00, 0x00, 0x00, 0x00, 0x00, 0x00,
  0x00, 0x00, 0x00, 0x00, 0x00, 0x00, 0x00, 0x00, 0x00, 0x00, 0x00, 0x00,
  0x00, 0x00, 0x00, 0x00, 0x00, 0x00, 0x00, 0x00, 0x00, 0x00, 0x00, 0x00,
  0x00, 0x00, 0x00, 0x00, 0x00, 0x00, 0x00, 0x00, 0x00, 0x00, 0x00, 0x00,
  0x00, 0x00, 0x00, 0x00, 0x75, 0x6a, 0x62, 0xf2, 0x67, 0x5b, 0x54, 0xff,
  0x67, 0x5b, 0x54, 0xff, 0x67, 0x5b, 0x54, 0xff, 0x67, 0x5b, 0x54, 0xff,
  0x67, 0x5b, 0x54, 0xff, 0x67, 0x5b, 0x54, 0xff, 0xab, 0xa3, 0x9e, 0xff,
  0xd3, 0xcd, 0xc9, 0xff, 0xe7, 0xe3, 0xde, 0xfe, 0xec, 0xe7, 0xe3, 0xfe,
  0xec, 0xe7, 0xe3, 0xfe, 0xee, 0xea, 0xe5, 0xfe, 0xf6, 0xf2, 0xee, 0xff,
  0xf0, 0xeb, 0xe6, 0xff, 0xe7, 0xe0, 0xd8, 0xff, 0xe7, 0xe0, 0xd8, 0xff,
  0xe7, 0xe0, 0xd8, 0xff, 0xe7, 0xe0, 0xd8, 0xff, 0xe7, 0xe0, 0xd8, 0xff,
  0xe7, 0xe0, 0xd8, 0xff, 0xe1, 0xda, 0xd1, 0xf0, 0x00, 0x00, 0x00, 0x00,
  0x00, 0x00, 0x00, 0x00, 0x00, 0x00, 0x00, 0x00, 0x00, 0x00, 0x00, 0x00,
  0x00, 0x00, 0x00, 0x00, 0x00, 0x00, 0x00, 0x00, 0x00, 0x00, 0x00, 0x00,
  0x00, 0x00, 0x00, 0x00, 0x00, 0x00, 0x00, 0x00, 0x00, 0x00, 0x00, 0x00,
  0x00, 0x00, 0x00, 0x00, 0x00, 0x00, 0x00, 0x00, 0x00, 0x00, 0x00, 0x00,
  0x00, 0x00, 0x00, 0x00, 0x00, 0x00, 0x00, 0x00, 0x00, 0x00, 0x00, 0x00,
  0x00, 0x00, 0x00, 0x00, 0x00, 0x00, 0x00, 0x00, 0x00, 0x00, 0x00, 0x00,
  0x00, 0x00, 0x00, 0x00, 0x00, 0x00, 0x00, 0x00, 0x00, 0x00, 0x00, 0x00,
  0x00, 0x00, 0x00, 0x00, 0x00, 0x00, 0x00, 0x00, 0x00, 0x00, 0x00, 0x00,
  0x00, 0x00, 0x00, 0x00, 0x00, 0x00, 0x00, 0x00, 0x00, 0x00, 0x00, 0x00,
  0x00, 0x00, 0x00, 0x00, 0x00, 0x00, 0x00, 0x00, 0x00, 0x00, 0x00, 0x00,
  0x00, 0x00, 0x00, 0x00, 0x00, 0x00, 0x00, 0x00, 0x00, 0x00, 0x00, 0x00,
  0x00, 0x00, 0x00, 0x00, 0x00, 0x00, 0x00, 0x00, 0x00, 0x00, 0x00, 0x00,
  0x00, 0x00, 0x00, 0x00, 0x7b, 0x6f, 0x67, 0xe6, 0x67, 0x5b, 0x54, 0xff,
  0x67, 0x5b, 0x54, 0xff, 0x67, 0x5b, 0x54, 0xff, 0x67, 0x5b, 0x54, 0xff,
  0x67, 0x5b, 0x54, 0xff, 0x67, 0x5b, 0x54, 0xff, 0xa5, 0x9d, 0x98, 0xff,
  0xd3, 0xcd, 0xc9, 0xff, 0xe6, 0xe1, 0xdd, 0xfe, 0xec, 0xe7, 0xe3, 0xfe,
  0xec, 0xe7, 0xe3, 0xfe, 0xee, 0xea, 0xe5, 0xfe, 0xf6, 0xf2, 0xee, 0xff,
  0xf0, 0xea, 0xe4, 0xff, 0xe7, 0xe0, 0xd8, 0xff, 0xe7, 0xe0, 0xd8, 0xff,
  0xe7, 0xe0, 0xd8, 0xff, 0xe7, 0xe0, 0xd8, 0xff, 0xe7, 0xe0, 0xd8, 0xff,
  0xe7, 0xe0, 0xd8, 0xff, 0xdf, 0xd8, 0xd0, 0xe4, 0x00, 0x00, 0x00, 0x00,
  0x00, 0x00, 0x00, 0x00, 0x00, 0x00, 0x00, 0x00, 0x00, 0x00, 0x00, 0x00,
  0x00, 0x00, 0x00, 0x00, 0x00, 0x00, 0x00, 0x00, 0x00, 0x00, 0x00, 0x00,
  0x00, 0x00, 0x00, 0x00, 0x00, 0x00, 0x00, 0x00, 0x00, 0x00, 0x00, 0x00,
  0x00, 0x00, 0x00, 0x00, 0x00, 0x00, 0x00, 0x00, 0x00, 0x00, 0x00, 0x00,
  0x00, 0x00, 0x00, 0x00, 0x00, 0x00, 0x00, 0x00, 0x00, 0x00, 0x00, 0x00,
  0x00, 0x00, 0x00, 0x00, 0x00, 0x00, 0x00, 0x00, 0x00, 0x00, 0x00, 0x00,
  0x00, 0x00, 0x00, 0x00, 0x00, 0x00, 0x00, 0x00, 0x00, 0x00, 0x00, 0x00,
  0x00, 0x00, 0x00, 0x00, 0x00, 0x00, 0x00, 0x00, 0x00, 0x00, 0x00, 0x00,
  0x00, 0x00, 0x00, 0x00, 0x00, 0x00, 0x00, 0x00, 0x00, 0x00, 0x00, 0x00,
  0x00, 0x00, 0x00, 0x00, 0x00, 0x00, 0x00, 0x00, 0x00, 0x00, 0x00, 0x00,
  0x00, 0x00, 0x00, 0x00, 0x00, 0x00, 0x00, 0x00, 0x00, 0x00, 0x00, 0x00,
  0x00, 0x00, 0x00, 0x00, 0x00, 0x00, 0x00, 0x00, 0x00, 0x00, 0x00, 0x00,
  0x00, 0x00, 0x00, 0x00, 0x7e, 0x74, 0x6b, 0xd6, 0x67, 0x5b, 0x54, 0xff,
  0x67, 0x5b, 0x54, 0xff, 0x67, 0x5b, 0x54, 0xff, 0x67, 0x5b, 0x54, 0xff,
  0x67, 0x5b, 0x54, 0xff, 0x67, 0x5b, 0x54, 0xff, 0xa1, 0x98, 0x93, 0xff,
  0xd3, 0xcd, 0xc9, 0xff, 0xe5, 0xe0, 0xdc, 0xfe, 0xec, 0xe7, 0xe3, 0xfe,
  0xec, 0xe7, 0xe3, 0xfe, 0xef, 0xea, 0xe6, 0xfe, 0xf6, 0xf2, 0xee, 0xff,
  0xef, 0xea, 0xe4, 0xff, 0xe7, 0xe0, 0xd8, 0xff, 0xe7, 0xe0, 0xd8, 0xff,
  0xe7, 0xe0, 0xd8, 0xff, 0xe7, 0xe0, 0xd8, 0xff, 0xe7, 0xe0, 0xd8, 0xff,
  0xe7, 0xe0, 0xd8, 0xff, 0xdd, 0xd5, 0xcc, 0xd4, 0x00, 0x00, 0x00, 0x00,
  0x00, 0x00, 0x00, 0x00, 0x00, 0x00, 0x00, 0x00, 0x00, 0x00, 0x00, 0x00,
  0x00, 0x00, 0x00, 0x00, 0x00, 0x00, 0x00, 0x00, 0x00, 0x00, 0x00, 0x00,
  0x00, 0x00, 0x00, 0x00, 0x00, 0x00, 0x00, 0x00, 0x00, 0x00, 0x00, 0x00,
  0x00, 0x00, 0x00, 0x00, 0x00, 0x00, 0x00, 0x00, 0x00, 0x00, 0x00, 0x00,
  0x00, 0x00, 0x00, 0x00, 0x00, 0x00, 0x00, 0x00, 0x00, 0x00, 0x00, 0x00,
  0x00, 0x00, 0x00, 0x00, 0x00, 0x00, 0x00, 0x00, 0x00, 0x00, 0x00, 0x00,
  0x00, 0x00, 0x00, 0x00, 0x00, 0x00, 0x00, 0x00, 0x00, 0x00, 0x00, 0x00,
  0x00, 0x00, 0x00, 0x00, 0x00, 0x00, 0x00, 0x00, 0x00, 0x00, 0x00, 0x00,
  0x00, 0x00, 0x00, 0x00, 0x00, 0x00, 0x00, 0x00, 0x00, 0x00, 0x00, 0x00,
  0x00, 0x00, 0x00, 0x00, 0x00, 0x00, 0x00, 0x00, 0x00, 0x00, 0x00, 0x00,
  0x00, 0x00, 0x00, 0x00, 0x00, 0x00, 0x00, 0x00, 0x00, 0x00, 0x00, 0x00,
  0x00, 0x00, 0x00, 0x00, 0x00, 0x00, 0x00, 0x00, 0x00, 0x00, 0x00, 0x00,
  0x00, 0x00, 0x00, 0x00, 0x82, 0x78, 0x6e, 0xc2, 0x67, 0x5b, 0x54, 0xff,
  0x67, 0x5b, 0x54, 0xff, 0x67, 0x5b, 0x54, 0xff, 0x67, 0x5b, 0x54, 0xff,
  0x67, 0x5b, 0x54, 0xff, 0x67, 0x5b, 0x54, 0xff, 0x9d, 0x94, 0x8f, 0xff,
  0xd3, 0xcd, 0xc9, 0xff, 0xe4, 0xdf, 0xdb, 0xfe, 0xec, 0xe7, 0xe3, 0xfe,
  0xec, 0xe7, 0xe3, 0xfe, 0xf0, 0xeb, 0xe7, 0xfe, 0xf6, 0xf2, 0xee, 0xff,
  0xef, 0xe9, 0xe3, 0xff, 0xe7, 0xe0, 0xd8, 0xff, 0xe7, 0xe0, 0xd8, 0xff,
  0xe7, 0xe0, 0xd8, 0xff, 0xe7, 0xe0, 0xd8, 0xff, 0xe7, 0xe0, 0xd8, 0xff,
  0xe7, 0xe0, 0xd8, 0xff, 0xdc, 0xd4, 0xcb, 0xbf, 0x00, 0x00, 0x00, 0x00,
  0x00, 0x00, 0x00, 0x00, 0x00, 0x00, 0x00, 0x00, 0x00, 0x00, 0x00, 0x00,
  0x00, 0x00, 0x00, 0x00, 0x00, 0x00, 0x00, 0x00, 0x00, 0x00, 0x00, 0x00,
  0x00, 0x00, 0x00, 0x00, 0x00, 0x00, 0x00, 0x00, 0x00, 0x00, 0x00, 0x00,
  0x00, 0x00, 0x00, 0x00, 0x00, 0x00, 0x00, 0x00, 0x00, 0x00, 0x00, 0x00,
  0x00, 0x00, 0x00, 0x00, 0x00, 0x00, 0x00, 0x00, 0x00, 0x00, 0x00, 0x00,
  0x00, 0x00, 0x00, 0x00, 0x00, 0x00, 0x00, 0x00, 0x00, 0x00, 0x00, 0x00,
  0x00, 0x00, 0x00, 0x00, 0x00, 0x00, 0x00, 0x00, 0x00, 0x00, 0x00, 0x00,
  0x00, 0x00, 0x00, 0x00, 0x00, 0x00, 0x00, 0x00, 0x00, 0x00, 0x00, 0x00,
  0x00, 0x00, 0x00, 0x00, 0x00, 0x00, 0x00, 0x00, 0x00, 0x00, 0x00, 0x00,
  0x00, 0x00, 0x00, 0x00, 0x00, 0x00, 0x00, 0x00, 0x00, 0x00, 0x00, 0x00,
  0x00, 0x00, 0x00, 0x00, 0x00, 0x00, 0x00, 0x00, 0x00, 0x00, 0x00, 0x00,
  0x00, 0x00, 0x00, 0x00, 0x00, 0x00, 0x00, 0x00, 0x00, 0x00, 0x00, 0x00,
  0x00, 0x00, 0x00, 0x00, 0x86, 0x7c, 0x73, 0xab, 0x67, 0x5b, 0x54, 0xff,
  0x67, 0x5b, 0x54, 0xff, 0x67, 0x5b, 0x54, 0xff, 0x67, 0x5b, 0x54, 0xff,
  0x67, 0x5b, 0x54, 0xff, 0x67, 0x5b, 0x54, 0xff, 0x98, 0x8f, 0x89, 0xff,
  0xd3, 0xcd, 0xc9, 0xff, 0xe3, 0xde, 0xda, 0xfe, 0xec, 0xe7, 0xe3, 0xfe,
  0xec, 0xe7, 0xe3, 0xfe, 0xf0, 0xec, 0xe7, 0xfe, 0xf6, 0xf2, 0xee, 0xff,
  0xee, 0xe8, 0xe2, 0xff, 0xe7, 0xe0, 0xd8, 0xff, 0xe7, 0xe0, 0xd8, 0xff,
  0xe7, 0xe0, 0xd8, 0xff, 0xe7, 0xe0, 0xd8, 0xff, 0xe7, 0xe0, 0xd8, 0xff,
  0xe7, 0xe0, 0xd8, 0xff, 0xdb, 0xd2, 0xca, 0xa9, 0x00, 0x00, 0x00, 0x00,
  0x00, 0x00, 0x00, 0x00, 0x00, 0x00, 0x00, 0x00, 0x00, 0x00, 0x00, 0x00,
  0x00, 0x00, 0x00, 0x00, 0x00, 0x00, 0x00, 0x00, 0x00, 0x00, 0x00, 0x00,
  0x00, 0x00, 0x00, 0x00, 0x00, 0x00, 0x00, 0x00, 0x00, 0x00, 0x00, 0x00,
  0x00, 0x00, 0x00, 0x00, 0x00, 0x00, 0x00, 0x00, 0x00, 0x00, 0x00, 0x00,
  0x00, 0x00, 0x00, 0x00, 0x00, 0x00, 0x00, 0x00, 0x00, 0x00, 0x00, 0x00,
  0x00, 0x00, 0x00, 0x00, 0x00, 0x00, 0x00, 0x00, 0x00, 0x00, 0x00, 0x00,
  0x00, 0x00, 0x00, 0x00, 0x00, 0x00, 0x00, 0x00, 0x00, 0x00, 0x00, 0x00,
  0x00, 0x00, 0x00, 0x00, 0x00, 0x00, 0x00, 0x00, 0x00, 0x00, 0x00, 0x00,
  0x00, 0x00, 0x00, 0x00, 0x00, 0x00, 0x00, 0x00, 0x00, 0x00, 0x00, 0x00,
  0x00, 0x00, 0x00, 0x00, 0x00, 0x00, 0x00, 0x00, 0x00, 0x00, 0x00, 0x00,
  0x00, 0x00, 0x00, 0x00, 0x00, 0x00, 0x00, 0x00, 0x00, 0x00, 0x00, 0x00,
  0x00, 0x00, 0x00, 0x00, 0x00, 0x00, 0x00, 0x00, 0x00, 0x00, 0x00, 0x00,
  0x00, 0x00, 0x00, 0x00, 0x8a, 0x7e, 0x77, 0x90, 0x67, 0x5b, 0x54, 0xff,
  0x67, 0x5b, 0x54, 0xff, 0x67, 0x5b, 0x54, 0xff, 0x67, 0x5b, 0x54, 0xff,
  0x67, 0x5b, 0x54, 0xff, 0x67, 0x5b, 0x54, 0xff, 0x93, 0x8a, 0x84, 0xff,
  0xd3, 0xcd, 0xc9, 0xff, 0xe2, 0xdd, 0xd9, 0xfe, 0xec, 0xe7, 0xe3, 0xfe,
  0xec, 0xe7, 0xe3, 0xfe, 0xf1, 0xec, 0xe8, 0xfe, 0xf6, 0xf2, 0xee, 0xff,
  0xed, 0xe7, 0xe1, 0xff, 0xe7, 0xe0, 0xd8, 0xff, 0xe7, 0xe0, 0xd8, 0xff,
  0xe7, 0xe0, 0xd8, 0xff, 0xe7, 0xe0, 0xd8, 0xff, 0xe7, 0xe0, 0xd8, 0xff,
  0xe7, 0xe0, 0xd8, 0xff, 0xd9, 0xd2, 0xc9, 0x8d, 0x00, 0x00, 0x00, 0x00,
  0x00, 0x00, 0x00, 0x00, 0x00, 0x00, 0x00, 0x00, 0x00, 0x00, 0x00, 0x00,
  0x00, 0x00, 0x00, 0x00, 0x00, 0x00, 0x00, 0x00, 0x00, 0x00, 0x00, 0x00,
  0x00, 0x00, 0x00, 0x00, 0x00, 0x00, 0x00, 0x00, 0x00, 0x00, 0x00, 0x00,
  0x00, 0x00, 0x00, 0x00, 0x00, 0x00, 0x00, 0x00, 0x00, 0x00, 0x00, 0x00,
  0x00, 0x00, 0x00, 0x00, 0x00, 0x00, 0x00, 0x00, 0x00, 0x00, 0x00, 0x00,
  0x00, 0x00, 0x00, 0x00, 0x00, 0x00, 0x00, 0x00, 0x00, 0x00, 0x00, 0x00,
  0x00, 0x00, 0x00, 0x00, 0x00, 0x00, 0x00, 0x00, 0x00, 0x00, 0x00, 0x00,
  0x00, 0x00, 0x00, 0x00, 0x00, 0x00, 0x00, 0x00, 0x00, 0x00, 0x00, 0x00,
  0x00, 0x00, 0x00, 0x00, 0x00, 0x00, 0x00, 0x00, 0x00, 0x00, 0x00, 0x00,
  0x00, 0x00, 0x00, 0x00, 0x00, 0x00, 0x00, 0x00, 0x00, 0x00, 0x00, 0x00,
  0x00, 0x00, 0x00, 0x00, 0x00, 0x00, 0x00, 0x00, 0x00, 0x00, 0x00, 0x00,
  0x00, 0x00, 0x00, 0x00, 0x00, 0x00, 0x00, 0x00, 0x00, 0x00, 0x00, 0x00,
  0x00, 0x00, 0x00, 0x00, 0x8d, 0x82, 0x79, 0x70, 0x67, 0x5b, 0x54, 0xff,
  0x67, 0x5b, 0x54, 0xff, 0x67, 0x5b, 0x54, 0xff, 0x67, 0x5b, 0x54, 0xff,
  0x67, 0x5b, 0x54, 0xff, 0x67, 0x5b, 0x54, 0xff, 0x8f, 0x85, 0x80, 0xff,
  0xd3, 0xcd, 0xc9, 0xff, 0xe1, 0xdc, 0xd8, 0xfe, 0xec, 0xe7, 0xe3, 0xfe,
  0xec, 0xe7, 0xe3, 0xfe, 0xf1, 0xed, 0xe8, 0xfe, 0xf6, 0xf2, 0xee, 0xff,
  0xec, 0xe7, 0xe0, 0xff, 0xe7, 0xe0, 0xd8, 0xff, 0xe7, 0xe0, 0xd8, 0xff,
  0xe7, 0xe0, 0xd8, 0xff, 0xe7, 0xe0, 0xd8, 0xff, 0xe7, 0xe0, 0xd8, 0xff,
  0xe7, 0xe0, 0xd8, 0xff, 0xd8, 0xce, 0xc7, 0x6e, 0x00, 0x00, 0x00, 0x00,
  0x00, 0x00, 0x00, 0x00, 0x00, 0x00, 0x00, 0x00, 0x00, 0x00, 0x00, 0x00,
  0x00, 0x00, 0x00, 0x00, 0x00, 0x00, 0x00, 0x00, 0x00, 0x00, 0x00, 0x00,
  0x00, 0x00, 0x00, 0x00, 0x00, 0x00, 0x00, 0x00, 0x00, 0x00, 0x00, 0x00,
  0x00, 0x00, 0x00, 0x00, 0x00, 0x00, 0x00, 0x00, 0x00, 0x00, 0x00, 0x00,
  0x00, 0x00, 0x00, 0x00, 0x00, 0x00, 0x00, 0x00, 0x00, 0x00, 0x00, 0x00,
  0x00, 0x00, 0x00, 0x00, 0x00, 0x00, 0x00, 0x00, 0x00, 0x00, 0x00, 0x00,
  0x00, 0x00, 0x00, 0x00, 0x00, 0x00, 0x00, 0x00, 0x00, 0x00, 0x00, 0x00,
  0x00, 0x00, 0x00, 0x00, 0x00, 0x00, 0x00, 0x00, 0x00, 0x00, 0x00, 0x00,
  0x00, 0x00, 0x00, 0x00, 0x00, 0x00, 0x00, 0x00, 0x00, 0x00, 0x00, 0x00,
  0x00, 0x00, 0x00, 0x00, 0x00, 0x00, 0x00, 0x00, 0x00, 0x00, 0x00, 0x00,
  0x00, 0x00, 0x00, 0x00, 0x00, 0x00, 0x00, 0x00, 0x00, 0x00, 0x00, 0x00,
  0x00, 0x00, 0x00, 0x00, 0x00, 0x00, 0x00, 0x00, 0x00, 0x00, 0x00, 0x00,
  0x00, 0x00, 0x00, 0x00, 0x90, 0x83, 0x7c, 0x4c, 0x67, 0x5b, 0x54, 0xff,
  0x67, 0x5b, 0x54, 0xff, 0x67, 0x5b, 0x54, 0xff, 0x67, 0x5b, 0x54, 0xff,
  0x67, 0x5b, 0x54, 0xff, 0x67, 0x5b, 0x54, 0xff, 0x8a, 0x81, 0x7a, 0xff,
  0xd3, 0xcd, 0xc9, 0xff, 0xe0, 0xdb, 0xd7, 0xfe, 0xec, 0xe7, 0xe3, 0xfe,
  0xec, 0xe7, 0xe3, 0xfe, 0xf1, 0xed, 0xe9, 0xfe, 0xf6, 0xf2, 0xee, 0xff,
  0xed, 0xe6, 0xdf, 0xff, 0xe7, 0xe0, 0xd8, 0xff, 0xe7, 0xe0, 0xd8, 0xff,
  0xe7, 0xe0, 0xd8, 0xff, 0xe7, 0xe0, 0xd8, 0xff, 0xe7, 0xe0, 0xd8, 0xff,
  0xe7, 0xe0, 0xd8, 0xff, 0xd3, 0xcc, 0xc5, 0x4b, 0x00, 0x00, 0x00, 0x00,
  0x00, 0x00, 0x00, 0x00, 0x00, 0x00, 0x00, 0x00, 0x00, 0x00, 0x00, 0x00,
  0x00, 0x00, 0x00, 0x00, 0x00, 0x00, 0x00, 0x00, 0x00, 0x00, 0x00, 0x00,
  0x00, 0x00, 0x00, 0x00, 0x00, 0x00, 0x00, 0x00, 0x00, 0x00, 0x00, 0x00,
  0x00, 0x00, 0x00, 0x00, 0x00, 0x00, 0x00, 0x00, 0x00, 0x00, 0x00, 0x00,
  0x00, 0x00, 0x00, 0x00, 0x00, 0x00, 0x00, 0x00, 0x00, 0x00, 0x00, 0x00,
  0x00, 0x00, 0x00, 0x00, 0x00, 0x00, 0x00, 0x00, 0x00, 0x00, 0x00, 0x00,
  0x00, 0x00, 0x00, 0x00, 0x00, 0x00, 0x00, 0x00, 0x00, 0x00, 0x00, 0x00,
  0x00, 0x00, 0x00, 0x00, 0x00, 0x00, 0x00, 0x00, 0x00, 0x00, 0x00, 0x00,
  0x00, 0x00, 0x00, 0x00, 0x00, 0x00, 0x00, 0x00, 0x00, 0x00, 0x00, 0x00,
  0x00, 0x00, 0x00, 0x00, 0x00, 0x00, 0x00, 0x00, 0x00, 0x00, 0x00, 0x00,
  0x00, 0x00, 0x00, 0x00, 0x00, 0x00, 0x00, 0x00, 0x00, 0x00, 0x00, 0x00,
  0x00, 0x00, 0x00, 0x00, 0x00, 0x00, 0x00, 0x00, 0x00, 0x00, 0x00, 0x00,
  0x00, 0x00, 0x00, 0x00, 0x94, 0x86, 0x79, 0x26, 0x67, 0x5b, 0x54, 0xff,
  0x67, 0x5b, 0x54, 0xff, 0x67, 0x5b, 0x54, 0xff, 0x67, 0x5b, 0x54, 0xff,
  0x67, 0x5b, 0x54, 0xff, 0x67, 0x5b, 0x54, 0xff, 0x86, 0x7c, 0x76, 0xff,
  0xd3, 0xcd, 0xc9, 0xff, 0xdf, 0xda, 0xd5, 0xfe, 0xec, 0xe7, 0xe3, 0xfe,
  0xec, 0xe7, 0xe3, 0xfe, 0xf2, 0xee, 0xe9, 0xfe, 0xf6, 0xf2, 0xee, 0xff,
  0xeb, 0xe5, 0xde, 0xff, 0xe7, 0xe0, 0xd8, 0xff, 0xe7, 0xe0, 0xd8, 0xff,
  0xe7, 0xe0, 0xd8, 0xff, 0xe7, 0xe0, 0xd8, 0xff, 0xe7, 0xe0, 0xd8, 0xff,
  0xe7, 0xe0, 0xd8, 0xff, 0xcd, 0xc6, 0xbf, 0x24, 0x00, 0x00, 0x00, 0x00,
  0x00, 0x00, 0x00, 0x00, 0x00, 0x00, 0x00, 0x00, 0x00, 0x00, 0x00, 0x00,
  0x00, 0x00, 0x00, 0x00, 0x00, 0x00, 0x00, 0x00, 0x00, 0x00, 0x00, 0x00,
  0x00, 0x00, 0x00, 0x00, 0x00, 0x00, 0x00, 0x00, 0x00, 0x00, 0x00, 0x00,
  0x00, 0x00, 0x00, 0x00, 0x00, 0x00, 0x00, 0x00, 0x00, 0x00, 0x00, 0x00,
  0x00, 0x00, 0x00, 0x00, 0x00, 0x00, 0x00, 0x00, 0x00, 0x00, 0x00, 0x00,
  0x00, 0x00, 0x00, 0x00, 0x00, 0x00, 0x00, 0x00, 0x00, 0x00, 0x00, 0x00,
  0x00, 0x00, 0x00, 0x00, 0x00, 0x00, 0x00, 0x00, 0x00, 0x00, 0x00, 0x00,
  0x00, 0x00, 0x00, 0x00, 0x00, 0x00, 0x00, 0x00, 0x00, 0x00, 0x00, 0x00,
  0x00, 0x00, 0x00, 0x00, 0x00, 0x00, 0x00, 0x00, 0x00, 0x00, 0x00, 0x00,
  0x00, 0x00, 0x00, 0x00, 0x00, 0x00, 0x00, 0x00, 0x00, 0x00, 0x00, 0x00,
  0x00, 0x00, 0x00, 0x00, 0x00, 0x00, 0x00, 0x00, 0x00, 0x00, 0x00, 0x00,
  0x00, 0x00, 0x00, 0x00, 0x00, 0x00, 0x00, 0x00, 0x00, 0x00, 0x00, 0x00,
  0x00, 0x00, 0x00, 0x00, 0x80, 0x80, 0x80, 0x02, 0x69, 0x5c, 0x55, 0xfe,
  0x67, 0x5b, 0x54, 0xff, 0x67, 0x5b, 0x54, 0xff, 0x67, 0x5b, 0x54, 0xff,
  0x67, 0x5b, 0x54, 0xff, 0x67, 0x5b, 0x54, 0xff, 0x81, 0x77, 0x70, 0xff,
  0xd3, 0xcd, 0xc9, 0xff, 0xde, 0xd9, 0xd5, 0xfe, 0xec, 0xe7, 0xe3, 0xfe,
  0xec, 0xe7, 0xe3, 0xfe, 0xf3, 0xee, 0xea, 0xfe, 0xf6, 0xf2, 0xee, 0xff,
  0xeb, 0xe4, 0xde, 0xff, 0xe7, 0xe0, 0xd8, 0xff, 0xe7, 0xe0, 0xd8, 0xff,
  0xe7, 0xe0, 0xd8, 0xff, 0xe7, 0xe0, 0xd8, 0xff, 0xe7, 0xe0, 0xd8, 0xff,
  0xe8, 0xe0, 0xd9, 0xfe, 0xbf, 0xbf, 0xbf, 0x04, 0x00, 0x00, 0x00, 0x00,
  0x00, 0x00, 0x00, 0x00, 0x00, 0x00, 0x00, 0x00, 0x00, 0x00, 0x00, 0x00,
  0x00, 0x00, 0x00, 0x00, 0x00, 0x00, 0x00, 0x00, 0x00, 0x00, 0x00, 0x00,
  0x00, 0x00, 0x00, 0x00, 0x00, 0x00, 0x00, 0x00, 0x00, 0x00, 0x00, 0x00,
  0x00, 0x00, 0x00, 0x00, 0x00, 0x00, 0x00, 0x00, 0x00, 0x00, 0x00, 0x00,
  0x00, 0x00, 0x00, 0x00, 0x00, 0x00, 0x00, 0x00, 0x00, 0x00, 0x00, 0x00,
  0x00, 0x00, 0x00, 0x00, 0x00, 0x00, 0x00, 0x00, 0x00, 0x00, 0x00, 0x00,
  0x00, 0x00, 0x00, 0x00, 0x00, 0x00, 0x00, 0x00, 0x00, 0x00, 0x00, 0x00,
  0x00, 0x00, 0x00, 0x00, 0x00, 0x00, 0x00, 0x00, 0x00, 0x00, 0x00, 0x00,
  0x00, 0x00, 0x00, 0x00, 0x00, 0x00, 0x00, 0x00, 0x00, 0x00, 0x00, 0x00,
  0x00, 0x00, 0x00, 0x00, 0x00, 0x00, 0x00, 0x00, 0x00, 0x00, 0x00, 0x00,
  0x00, 0x00, 0x00, 0x00, 0x00, 0x00, 0x00, 0x00, 0x00, 0x00, 0x00, 0x00,
  0x00, 0x00, 0x00, 0x00, 0x00, 0x00, 0x00, 0x00, 0x00, 0x00, 0x00, 0x00,
  0x00, 0x00, 0x00, 0x00, 0x00, 0x00, 0x00, 0x00, 0x70, 0x64, 0x5b, 0xfb,
  0x67, 0x5b, 0x54, 0xff, 0x67, 0x5b, 0x54, 0xff, 0x67, 0x5b, 0x54, 0xff,
  0x67, 0x5b, 0x54, 0xff, 0x67, 0x5b, 0x54, 0xff, 0x7c, 0x72, 0x6c, 0xff,
  0xd3, 0xcd, 0xc9, 0xff, 0xdd, 0xd8, 0xd3, 0xfe, 0xec, 0xe7, 0xe3, 0xfe,
  0xec, 0xe7, 0xe3, 0xfe, 0xf3, 0xef, 0xea, 0xfe, 0xf6, 0xf2, 0xee, 0xff,
  0xea, 0xe3, 0xdd, 0xff, 0xe7, 0xe0, 0xd8, 0xff, 0xe7, 0xe0, 0xd8, 0xff,
  0xe7, 0xe0, 0xd8, 0xff, 0xe7, 0xe0, 0xd8, 0xff, 0xe7, 0xe0, 0xd8, 0xff,
  0xe4, 0xdc, 0xd5, 0xfa, 0x00, 0x00, 0x00, 0x00, 0x00, 0x00, 0x00, 0x00,
  0x00, 0x00, 0x00, 0x00, 0x00, 0x00, 0x00, 0x00, 0x00, 0x00, 0x00, 0x00,
  0x00, 0x00, 0x00, 0x00, 0x00, 0x00, 0x00, 0x00, 0x00, 0x00, 0x00, 0x00,
  0x00, 0x00, 0x00, 0x00, 0x00, 0x00, 0x00, 0x00, 0x00, 0x00, 0x00, 0x00,
  0x00, 0x00, 0x00, 0x00, 0x00, 0x00, 0x00, 0x00, 0x00, 0x00, 0x00, 0x00,
  0x00, 0x00, 0x00, 0x00, 0x00, 0x00, 0x00, 0x00, 0x00, 0x00, 0x00, 0x00,
  0x00, 0x00, 0x00, 0x00, 0x00, 0x00, 0x00, 0x00, 0x00, 0x00, 0x00, 0x00,
  0x00, 0x00, 0x00, 0x00, 0x00, 0x00, 0x00, 0x00, 0x00, 0x00, 0x00, 0x00,
  0x00, 0x00, 0x00, 0x00, 0x00, 0x00, 0x00, 0x00, 0x00, 0x00, 0x00, 0x00,
  0x00, 0x00, 0x00, 0x00, 0x00, 0x00, 0x00, 0x00, 0x00, 0x00, 0x00, 0x00,
  0x00, 0x00, 0x00, 0x00, 0x00, 0x00, 0x00, 0x00, 0x00, 0x00, 0x00, 0x00,
  0x00, 0x00, 0x00, 0x00, 0x00, 0x00, 0x00, 0x00, 0x00, 0x00, 0x00, 0x00,
  0x00, 0x00, 0x00, 0x00, 0x00, 0x00, 0x00, 0x00, 0x00, 0x00, 0x00, 0x00,
  0x00, 0x00, 0x00, 0x00, 0x00, 0x00, 0x00, 0x00, 0x75, 0x69, 0x62, 0xf4,
  0x67, 0x5b, 0x54, 0xff, 0x67, 0x5b, 0x54, 0xff, 0x67, 0x5b, 0x54, 0xff,
  0x67, 0x5b, 0x54, 0xff, 0x67, 0x5b, 0x54, 0xff, 0x78, 0x6d, 0x66, 0xff,
  0xd3, 0xcd, 0xc9, 0xff, 0xdc, 0xd7, 0xd2, 0xfe, 0xec, 0xe7, 0xe3, 0xfe,
  0xec, 0xe7, 0xe3, 0xfe, 0xf4, 0xef, 0xeb, 0xfe, 0xf6, 0xf2, 0xee, 0xff,
  0xea, 0xe3, 0xdb, 0xff, 0xe7, 0xe0, 0xd8, 0xff, 0xe7, 0xe0, 0xd8, 0xff,
  0xe7, 0xe0, 0xd8, 0xff, 0xe7, 0xe0, 0xd8, 0xff, 0xe7, 0xe0, 0xd8, 0xff,
  0xe3, 0xda, 0xd2, 0xf2, 0x00, 0x00, 0x00, 0x00, 0x00, 0x00, 0x00, 0x00,
  0x00, 0x00, 0x00, 0x00, 0x00, 0x00, 0x00, 0x00, 0x00, 0x00, 0x00, 0x00,
  0x00, 0x00, 0x00, 0x00, 0x00, 0x00, 0x00, 0x00, 0x00, 0x00, 0x00, 0x00,
  0x00, 0x00, 0x00, 0x00, 0x00, 0x00, 0x00, 0x00, 0x00, 0x00, 0x00, 0x00,
  0x00, 0x00, 0x00, 0x00, 0x00, 0x00, 0x00, 0x00, 0x00, 0x00, 0x00, 0x00,
  0x00, 0x00, 0x00, 0x00, 0x00, 0x00, 0x00, 0x00, 0x00, 0x00, 0x00, 0x00,
  0x00, 0x00, 0x00, 0x00, 0x00, 0x00, 0x00, 0x00, 0x00, 0x00, 0x00, 0x00,
  0x00, 0x00, 0x00, 0x00, 0x00, 0x00, 0x00, 0x00, 0x00, 0x00, 0x00, 0x00,
  0x00, 0x00, 0x00, 0x00, 0x00, 0x00, 0x00, 0x00, 0x00, 0x00, 0x00, 0x00,
  0x00, 0x00, 0x00, 0x00, 0x00, 0x00, 0x00, 0x00, 0x00, 0x00, 0x00, 0x00,
  0x00, 0x00, 0x00, 0x00, 0x00, 0x00, 0x00, 0x00, 0x00, 0x00, 0x00, 0x00,
  0x00, 0x00, 0x00, 0x00, 0x00, 0x00, 0x00, 0x00, 0x00, 0x00, 0x00, 0x00,
  0x00, 0x00, 0x00, 0x00, 0x00, 0x00, 0x00, 0x00, 0x00, 0x00, 0x00, 0x00,
  0x00, 0x00, 0x00, 0x00, 0x00, 0x00, 0x00, 0x00, 0x79, 0x6f, 0x66, 0xe9,
  0x67, 0x5b, 0x54, 0xff, 0x67, 0x5b, 0x54, 0xff, 0x67, 0x5b, 0x54, 0xff,
  0x67, 0x5b, 0x54, 0xff, 0x67, 0x5b, 0x54, 0xff, 0x74, 0x68, 0x61, 0xff,
  0xd3, 0xcd, 0xc9, 0xff, 0xdb, 0xd5, 0xd1, 0xfe, 0xec, 0xe7, 0xe3, 0xfe,
  0xec, 0xe7, 0xe3, 0xfe, 0xf4, 0xf0, 0xec, 0xfe, 0xf6, 0xf2, 0xee, 0xff,
  0xe9, 0xe2, 0xdb, 0xff, 0xe7, 0xe0, 0xd8, 0xff, 0xe7, 0xe0, 0xd8, 0xff,
  0xe7, 0xe0, 0xd8, 0xff, 0xe7, 0xe0, 0xd8, 0xff, 0xe7, 0xe0, 0xd8, 0xff,
  0xe0, 0xd8, 0xd1, 0xe7, 0x00, 0x00, 0x00, 0x00, 0x00, 0x00, 0x00, 0x00,
  0x00, 0x00, 0x00, 0x00, 0x00, 0x00, 0x00, 0x00, 0x00, 0x00, 0x00, 0x00,
  0x00, 0x00, 0x00, 0x00, 0x00, 0x00, 0x00, 0x00, 0x00, 0x00, 0x00, 0x00,
  0x00, 0x00, 0x00, 0x00, 0x00, 0x00, 0x00, 0x00, 0x00, 0x00, 0x00, 0x00,
  0x00, 0x00, 0x00, 0x00, 0x00, 0x00, 0x00, 0x00, 0x00, 0x00, 0x00, 0x00,
  0x00, 0x00, 0x00, 0x00, 0x00, 0x00, 0x00, 0x00, 0x00, 0x00, 0x00, 0x00,
  0x00, 0x00, 0x00, 0x00, 0x00, 0x00, 0x00, 0x00, 0x00, 0x00, 0x00, 0x00,
  0x00, 0x00, 0x00, 0x00, 0x00, 0x00, 0x00, 0x00, 0x00, 0x00, 0x00, 0x00,
  0x00, 0x00, 0x00, 0x00, 0x00, 0x00, 0x00, 0x00, 0x00, 0x00, 0x00, 0x00,
  0x00, 0x00, 0x00, 0x00, 0x00, 0x00, 0x00, 0x00, 0x00, 0x00, 0x00, 0x00,
  0x00, 0x00, 0x00, 0x00, 0x00, 0x00, 0x00, 0x00, 0x00, 0x00, 0x00, 0x00,
  0x00, 0x00, 0x00, 0x00, 0x00, 0x00, 0x00, 0x00, 0x00, 0x00, 0x00, 0x00,
  0x00, 0x00, 0x00, 0x00, 0x00, 0x00, 0x00, 0x00, 0x00, 0x00, 0x00, 0x00,
  0x00, 0x00, 0x00, 0x00, 0x00, 0x00, 0x00, 0x00, 0x7e, 0x71, 0x6a, 0xda,
  0x67, 0x5b, 0x54, 0xff, 0x67, 0x5b, 0x54, 0xff, 0x67, 0x5b, 0x54, 0xff,
  0x67, 0x5b, 0x54, 0xff, 0x67, 0x5b, 0x54, 0xff, 0x6f, 0x63, 0x5d, 0xff,
  0xd3, 0xcd, 0xc9, 0xff, 0xd9, 0xd3, 0xcf, 0xff, 0xec, 0xe7, 0xe3, 0xfe,
  0xec, 0xe7, 0xe3, 0xfe, 0xf3, 0xef, 0xeb, 0xff, 0xf6, 0xf2, 0xee, 0xff,
  0xe8, 0xe1, 0xda, 0xff, 0xe7, 0xe0, 0xd8, 0xff, 0xe7, 0xe0, 0xd8, 0xff,
  0xe7, 0xe0, 0xd8, 0xff, 0xe7, 0xe0, 0xd8, 0xff, 0xe7, 0xe0, 0xd8, 0xff,
  0xdd, 0xd5, 0xcd, 0xd8, 0x00, 0x00, 0x00, 0x00, 0x00, 0x00, 0x00, 0x00,
  0x00, 0x00, 0x00, 0x00, 0x00, 0x00, 0x00, 0x00, 0x00, 0x00, 0x00, 0x00,
  0x00, 0x00, 0x00, 0x00, 0x00, 0x00, 0x00, 0x00, 0x00, 0x00, 0x00, 0x00,
  0x00, 0x00, 0x00, 0x00, 0x00, 0x00, 0x00, 0x00, 0x00, 0x00, 0x00, 0x00,
  0x00, 0x00, 0x00, 0x00, 0x00, 0x00, 0x00, 0x00, 0x00, 0x00, 0x00, 0x00,
  0x00, 0x00, 0x00, 0x00, 0x00, 0x00, 0x00, 0x00, 0x00, 0x00, 0x00, 0x00,
  0x00, 0x00, 0x00, 0x00, 0x00, 0x00, 0x00, 0x00, 0x00, 0x00, 0x00, 0x00,
  0x00, 0x00, 0x00, 0x00, 0x00, 0x00, 0x00, 0x00, 0x00, 0x00, 0x00, 0x00,
  0x00, 0x00, 0x00, 0x00, 0x00, 0x00, 0x00, 0x00, 0x00, 0x00, 0x00, 0x00,
  0x00, 0x00, 0x00, 0x00, 0x00, 0x00, 0x00, 0x00, 0x00, 0x00, 0x00, 0x00,
  0x00, 0x00, 0x00, 0x00, 0x00, 0x00, 0x00, 0x00, 0x00, 0x00, 0x00, 0x00,
  0x00, 0x00, 0x00, 0x00, 0x00, 0x00, 0x00, 0x00, 0x00, 0x00, 0x00, 0x00,
  0x00, 0x00, 0x00, 0x00, 0x00, 0x00, 0x00, 0x00, 0x00, 0x00, 0x00, 0x00,
  0x00, 0x00, 0x00, 0x00, 0x00, 0x00, 0x00, 0x00, 0x81, 0x77, 0x6e, 0xc7,
  0x67, 0x5b, 0x54, 0xff, 0x67, 0x5b, 0x54, 0xff, 0x67, 0x5b, 0x54, 0xff,
  0x67, 0x5b, 0x54, 0xff, 0x67, 0x5b, 0x54, 0xff, 0x6a, 0x5e, 0x57, 0xff,
  0xd3, 0xcd, 0xc9, 0xff, 0xd8, 0xd2, 0xce, 0xff, 0xec, 0xe7, 0xe3, 0xfe,
  0xec, 0xe7, 0xe3, 0xfe, 0xf4, 0xf0, 0xec, 0xff, 0xf6, 0xf2, 0xee, 0xff,
  0xe7, 0xe0, 0xd9, 0xff, 0xe7, 0xe0, 0xd8, 0xff, 0xe7, 0xe0, 0xd8, 0xff,
  0xe7, 0xe0, 0xd8, 0xff, 0xe7, 0xe0, 0xd8, 0xff, 0xe7, 0xe0, 0xd8, 0xff,
  0xdc, 0xd4, 0xcc, 0xc4, 0x00, 0x00, 0x00, 0x00, 0x00, 0x00, 0x00, 0x00,
  0x00, 0x00, 0x00, 0x00, 0x00, 0x00, 0x00, 0x00, 0x00, 0x00, 0x00, 0x00,
  0x00, 0x00, 0x00, 0x00, 0x00, 0x00, 0x00, 0x00, 0x00, 0x00, 0x00, 0x00,
  0x00, 0x00, 0x00, 0x00, 0x00, 0x00, 0x00, 0x00, 0x00, 0x00, 0x00, 0x00,
  0x00, 0x00, 0x00, 0x00, 0x00, 0x00, 0x00, 0x00, 0x00, 0x00, 0x00, 0x00,
  0x00, 0x00, 0x00, 0x00, 0x00, 0x00, 0x00, 0x00, 0x00, 0x00, 0x00, 0x00,
  0x00, 0x00, 0x00, 0x00, 0x00, 0x00, 0x00, 0x00, 0x00, 0x00, 0x00, 0x00,
  0x00, 0x00, 0x00, 0x00, 0x00, 0x00, 0x00, 0x00, 0x00, 0x00, 0x00, 0x00,
  0x00, 0x00, 0x00, 0x00, 0x00, 0x00, 0x00, 0x00, 0x00, 0x00, 0x00, 0x00,
  0x00, 0x00, 0x00, 0x00, 0x00, 0x00, 0x00, 0x00, 0x00, 0x00, 0x00, 0x00,
  0x00, 0x00, 0x00, 0x00, 0x00, 0x00, 0x00, 0x00, 0x00, 0x00, 0x00, 0x00,
  0x00, 0x00, 0x00, 0x00, 0x00, 0x00, 0x00, 0x00, 0x00, 0x00, 0x00, 0x00,
  0x00, 0x00, 0x00, 0x00, 0x00, 0x00, 0x00, 0x00, 0x00, 0x00, 0x00, 0x00,
  0x00, 0x00, 0x00, 0x00, 0x00, 0x00, 0x00, 0x00, 0x88, 0x7a, 0x73, 0xaf,
  0x67, 0x5b, 0x54, 0xff, 0x67, 0x5b, 0x54, 0xff, 0x67, 0x5b, 0x54, 0xff,
  0x67, 0x5b, 0x54, 0xff, 0x67, 0x5b, 0x54, 0xff, 0x67, 0x5b, 0x54, 0xff,
  0xd1, 0xcb, 0xc7, 0xff, 0xd7, 0xd1, 0xcd, 0xff, 0xec, 0xe7, 0xe3, 0xfe,
  0xec, 0xe7, 0xe3, 0xfe, 0xf5, 0xf0, 0xec, 0xff, 0xf6, 0xf2, 0xee, 0xff,
  0xe7, 0xe0, 0xd8, 0xff, 0xe7, 0xe0, 0xd8, 0xff, 0xe7, 0xe0, 0xd8, 0xff,
  0xe7, 0xe0, 0xd8, 0xff, 0xe7, 0xe0, 0xd8, 0xff, 0xe7, 0xe0, 0xd8, 0xff,
  0xda, 0xd3, 0xca, 0xad, 0x00, 0x00, 0x00, 0x00, 0x00, 0x00, 0x00, 0x00,
  0x00, 0x00, 0x00, 0x00, 0x00, 0x00, 0x00, 0x00, 0x00, 0x00, 0x00, 0x00,
  0x00, 0x00, 0x00, 0x00, 0x00, 0x00, 0x00, 0x00, 0x00, 0x00, 0x00, 0x00,
  0x00, 0x00, 0x00, 0x00, 0x00, 0x00, 0x00, 0x00, 0x00, 0x00, 0x00, 0x00,
  0x00, 0x00, 0x00, 0x00, 0x00, 0x00, 0x00, 0x00, 0x00, 0x00, 0x00, 0x00,
  0x00, 0x00, 0x00, 0x00, 0x00, 0x00, 0x00, 0x00, 0x00, 0x00, 0x00, 0x00,
  0x00, 0x00, 0x00, 0x00, 0x00, 0x00, 0x00, 0x00, 0x00, 0x00, 0x00, 0x00,
  0x00, 0x00, 0x00, 0x00, 0x00, 0x00, 0x00, 0x00, 0x00, 0x00, 0x00, 0x00,
  0x00, 0x00, 0x00, 0x00, 0x00, 0x00, 0x00, 0x00, 0x00, 0x00, 0x00, 0x00,
  0x00, 0x00, 0x00, 0x00, 0x00, 0x00, 0x00, 0x00, 0x00, 0x00, 0x00, 0x00,
  0x00, 0x00, 0x00, 0x00, 0x00, 0x00, 0x00, 0x00, 0x00, 0x00, 0x00, 0x00,
  0x00, 0x00, 0x00, 0x00, 0x00, 0x00, 0x00, 0x00, 0x00, 0x00, 0x00, 0x00,
  0x00, 0x00, 0x00, 0x00, 0x00, 0x00, 0x00, 0x00, 0x00, 0x00, 0x00, 0x00,
  0x00, 0x00, 0x00, 0x00, 0x00, 0x00, 0x00, 0x00, 0x8a, 0x80, 0x75, 0x94,
  0x67, 0x5b, 0x54, 0xff, 0x67, 0x5b, 0x54, 0xff, 0x67, 0x5b, 0x54, 0xff,
  0x67, 0x5b, 0x54, 0xff, 0x67, 0x5b, 0x54, 0xff, 0x67, 0x5b, 0x54, 0xff,
  0xcd, 0xc7, 0xc3, 0xff, 0xd5, 0xd0, 0xcc, 0xff, 0xec, 0xe7, 0xe3, 0xfe,
  0xec, 0xe7, 0xe3, 0xfe, 0xf5, 0xf1, 0xec, 0xff, 0xf5, 0xf1, 0xed, 0xff,
  0xe7, 0xe0, 0xd8, 0xff, 0xe7, 0xe0, 0xd8, 0xff, 0xe7, 0xe0, 0xd8, 0xff,
  0xe7, 0xe0, 0xd8, 0xff, 0xe7, 0xe0, 0xd8, 0xff, 0xe7, 0xe0, 0xd8, 0xff,
  0xd9, 0xd2, 0xc9, 0x92, 0x00, 0x00, 0x00, 0x00, 0x00, 0x00, 0x00, 0x00,
  0x00, 0x00, 0x00, 0x00, 0x00, 0x00, 0x00, 0x00, 0x00, 0x00, 0x00, 0x00,
  0x00, 0x00, 0x00, 0x00, 0x00, 0x00, 0x00, 0x00, 0x00, 0x00, 0x00, 0x00,
  0x00, 0x00, 0x00, 0x00, 0x00, 0x00, 0x00, 0x00, 0x00, 0x00, 0x00, 0x00,
  0x00, 0x00, 0x00, 0x00, 0x00, 0x00, 0x00, 0x00, 0x00, 0x00, 0x00, 0x00,
  0x00, 0x00, 0x00, 0x00, 0x00, 0x00, 0x00, 0x00, 0x00, 0x00, 0x00, 0x00,
  0x00, 0x00, 0x00, 0x00, 0x00, 0x00, 0x00, 0x00, 0x00, 0x00, 0x00, 0x00,
  0x00, 0x00, 0x00, 0x00, 0x00, 0x00, 0x00, 0x00, 0x00, 0x00, 0x00, 0x00,
  0x00, 0x00, 0x00, 0x00, 0x00, 0x00, 0x00, 0x00, 0x00, 0x00, 0x00, 0x00,
  0x00, 0x00, 0x00, 0x00, 0x00, 0x00, 0x00, 0x00, 0x00, 0x00, 0x00, 0x00,
  0x00, 0x00, 0x00, 0x00, 0x00, 0x00, 0x00, 0x00, 0x00, 0x00, 0x00, 0x00,
  0x00, 0x00, 0x00, 0x00, 0x00, 0x00, 0x00, 0x00, 0x00, 0x00, 0x00, 0x00,
  0x00, 0x00, 0x00, 0x00, 0x00, 0x00, 0x00, 0x00, 0x00, 0x00, 0x00, 0x00,
  0x00, 0x00, 0x00, 0x00, 0x00, 0x00, 0x00, 0x00, 0x8a, 0x80, 0x79, 0x76,
  0x67, 0x5b, 0x54, 0xff, 0x67, 0x5b, 0x54, 0xff, 0x67, 0x5b, 0x54, 0xff,
  0x67, 0x5b, 0x54, 0xff, 0x67, 0x5b, 0x54, 0xff, 0x67, 0x5b, 0x54, 0xff,
  0xc8, 0xc2, 0xbe, 0xff, 0xd4, 0xcf, 0xcb, 0xff, 0xec, 0xe7, 0xe3, 0xfe,
  0xec, 0xe7, 0xe3, 0xfe, 0xf5, 0xf2, 0xed, 0xff, 0xf5, 0xf1, 0xec, 0xff,
  0xe7, 0xe0, 0xd8, 0xff, 0xe7, 0xe0, 0xd8, 0xff, 0xe7, 0xe0, 0xd8, 0xff,
  0xe7, 0xe0, 0xd8, 0xff, 0xe7, 0xe0, 0xd8, 0xff, 0xe7, 0xe0, 0xd8, 0xff,
  0xd7, 0xd1, 0xc6, 0x74, 0x00, 0x00, 0x00, 0x00, 0x00, 0x00, 0x00, 0x00,
  0x00, 0x00, 0x00, 0x00, 0x00, 0x00, 0x00, 0x00, 0x00, 0x00, 0x00, 0x00,
  0x00, 0x00, 0x00, 0x00, 0x00, 0x00, 0x00, 0x00, 0x00, 0x00, 0x00, 0x00,
  0x00, 0x00, 0x00, 0x00, 0x00, 0x00, 0x00, 0x00, 0x00, 0x00, 0x00, 0x00,
  0x00, 0x00, 0x00, 0x00, 0x00, 0x00, 0x00, 0x00, 0x00, 0x00, 0x00, 0x00,
  0x00, 0x00, 0x00, 0x00, 0x00, 0x00, 0x00, 0x00, 0x00, 0x00, 0x00, 0x00,
  0x00, 0x00, 0x00, 0x00, 0x00, 0x00, 0x00, 0x00, 0x00, 0x00, 0x00, 0x00,
  0x00, 0x00, 0x00, 0x00, 0x00, 0x00, 0x00, 0x00, 0x00, 0x00, 0x00, 0x00,
  0x00, 0x00, 0x00, 0x00, 0x00, 0x00, 0x00, 0x00, 0x00, 0x00, 0x00, 0x00,
  0x00, 0x00, 0x00, 0x00, 0x00, 0x00, 0x00, 0x00, 0x00, 0x00, 0x00, 0x00,
  0x00, 0x00, 0x00, 0x00, 0x00, 0x00, 0x00, 0x00, 0x00, 0x00, 0x00, 0x00,
  0x00, 0x00, 0x00, 0x00, 0x00, 0x00, 0x00, 0x00, 0x00, 0x00, 0x00, 0x00,
  0x00, 0x00, 0x00, 0x00, 0x00, 0x00, 0x00, 0x00, 0x00, 0x00, 0x00, 0x00,
  0x00, 0x00, 0x00, 0x00, 0x00, 0x00, 0x00, 0x00, 0x90, 0x84, 0x78, 0x55,
  0x67, 0x5b, 0x54, 0xff, 0x67, 0x5b, 0x54, 0xff, 0x67, 0x5b, 0x54, 0xff,
  0x67, 0x5b, 0x54, 0xff, 0x67, 0x5b, 0x54, 0xff, 0x67, 0x5b, 0x54, 0xff,
  0xc3, 0xbe, 0xb9, 0xff, 0xd4, 0xce, 0xca, 0xff, 0xec, 0xe7, 0xe3, 0xfe,
  0xec, 0xe7, 0xe3, 0xfe, 0xf6, 0xf2, 0xee, 0xff, 0xf5, 0xf0, 0xeb, 0xff,
  0xe7, 0xe0, 0xd8, 0xff, 0xe7, 0xe0, 0xd8, 0xff, 0xe7, 0xe0, 0xd8, 0xff,
  0xe7, 0xe0, 0xd8, 0xff, 0xe7, 0xe0, 0xd8, 0xff, 0xe7, 0xe0, 0xd8, 0xff,
  0xda, 0xcd, 0xc7, 0x52, 0x00, 0x00, 0x00, 0x00, 0x00, 0x00, 0x00, 0x00,
  0x00, 0x00, 0x00, 0x00, 0x00, 0x00, 0x00, 0x00, 0x00, 0x00, 0x00, 0x00,
  0x00, 0x00, 0x00, 0x00, 0x00, 0x00, 0x00, 0x00, 0x00, 0x00, 0x00, 0x00,
  0x00, 0x00, 0x00, 0x00, 0x00, 0x00, 0x00, 0x00, 0x00, 0x00, 0x00, 0x00,
  0x00, 0x00, 0x00, 0x00, 0x00, 0x00, 0x00, 0x00, 0x00, 0x00, 0x00, 0x00,
  0x00, 0x00, 0x00, 0x00, 0x00, 0x00, 0x00, 0x00, 0x00, 0x00, 0x00, 0x00,
  0x00, 0x00, 0x00, 0x00, 0x00, 0x00, 0x00, 0x00, 0x00, 0x00, 0x00, 0x00,
  0x00, 0x00, 0x00, 0x00, 0x00, 0x00, 0x00, 0x00, 0x00, 0x00, 0x00, 0x00,
  0x00, 0x00, 0x00, 0x00, 0x00, 0x00, 0x00, 0x00, 0x00, 0x00, 0x00, 0x00,
  0x00, 0x00, 0x00, 0x00, 0x00, 0x00, 0x00, 0x00, 0x00, 0x00, 0x00, 0x00,
  0x00, 0x00, 0x00, 0x00, 0x00, 0x00, 0x00, 0x00, 0x00, 0x00, 0x00, 0x00,
  0x00, 0x00, 0x00, 0x00, 0x00, 0x00, 0x00, 0x00, 0x00, 0x00, 0x00, 0x00,
  0x00, 0x00, 0x00, 0x00, 0x00, 0x00, 0x00, 0x00, 0x00, 0x00, 0x00, 0x00,
  0x00, 0x00, 0x00, 0x00, 0x00, 0x00, 0x00, 0x00, 0x8d, 0x82, 0x7d, 0x2f,
  0x67, 0x5b, 0x54, 0xff, 0x67, 0x5b, 0x54, 0xff, 0x67, 0x5b, 0x54, 0xff,
  0x67, 0x5b, 0x54, 0xff, 0x67, 0x5b, 0x54, 0xff, 0x67, 0x5b, 0x54, 0xff,
  0xbe, 0xb8, 0xb4, 0xff, 0xd3, 0xcd, 0xc9, 0xff, 0xeb, 0xe7, 0xe2, 0xfe,
  0xec, 0xe7, 0xe3, 0xfe, 0xf6, 0xf2, 0xee, 0xff, 0xf4, 0xef, 0xea, 0xff,
  0xe7, 0xe0, 0xd8, 0xff, 0xe7, 0xe0, 0xd8, 0xff, 0xe7, 0xe0, 0xd8, 0xff,
  0xe7, 0xe0, 0xd8, 0xff, 0xe7, 0xe0, 0xd8, 0xff, 0xe7, 0xe0, 0xd8, 0xff,
  0xd2, 0xc6, 0xc1, 0x2d, 0x00, 0x00, 0x00, 0x00, 0x00, 0x00, 0x00, 0x00,
  0x00, 0x00, 0x00, 0x00, 0x00, 0x00, 0x00, 0x00, 0x00, 0x00, 0x00, 0x00,
  0x00, 0x00, 0x00, 0x00, 0x00, 0x00, 0x00, 0x00, 0x00, 0x00, 0x00, 0x00,
  0x00, 0x00, 0x00, 0x00, 0x00, 0x00, 0x00, 0x00, 0x00, 0x00, 0x00, 0x00,
  0x00, 0x00, 0x00, 0x00, 0x00, 0x00, 0x00, 0x00, 0x00, 0x00, 0x00, 0x00,
  0x00, 0x00, 0x00, 0x00, 0x00, 0x00, 0x00, 0x00, 0x00, 0x00, 0x00, 0x00,
  0x00, 0x00, 0x00, 0x00, 0x00, 0x00, 0x00, 0x00, 0x00, 0x00, 0x00, 0x00,
  0x00, 0x00, 0x00, 0x00, 0x00, 0x00, 0x00, 0x00, 0x00, 0x00, 0x00, 0x00,
  0x00, 0x00, 0x00, 0x00, 0x00, 0x00, 0x00, 0x00, 0x00, 0x00, 0x00, 0x00,
  0x00, 0x00, 0x00, 0x00, 0x00, 0x00, 0x00, 0x00, 0x00, 0x00, 0x00, 0x00,
  0x00, 0x00, 0x00, 0x00, 0x00, 0x00, 0x00, 0x00, 0x00, 0x00, 0x00, 0x00,
  0x00, 0x00, 0x00, 0x00, 0x00, 0x00, 0x00, 0x00, 0x00, 0x00, 0x00, 0x00,
  0x00, 0x00, 0x00, 0x00, 0x00, 0x00, 0x00, 0x00, 0x00, 0x00, 0x00, 0x00,
  0x00, 0x00, 0x00, 0x00, 0x00, 0x00, 0x00, 0x00, 0x9f, 0x80, 0x80, 0x08,
  0x68, 0x5b, 0x54, 0xff, 0x67, 0x5b, 0x54, 0xff, 0x67, 0x5b, 0x54, 0xff,
  0x67, 0x5b, 0x54, 0xff, 0x67, 0x5b, 0x54, 0xff, 0x67, 0x5b, 0x54, 0xff,
  0xba, 0xb4, 0xaf, 0xff, 0xd3, 0xcd, 0xc9, 0xff, 0xeb, 0xe6, 0xe1, 0xfe,
  0xec, 0xe8, 0xe3, 0xfe, 0xf6, 0xf2, 0xee, 0xff, 0xf3, 0xee, 0xea, 0xff,
  0xe7, 0xe0, 0xd8, 0xff, 0xe7, 0xe0, 0xd8, 0xff, 0xe7, 0xe0, 0xd8, 0xff,
  0xe7, 0xe0, 0xd8, 0xff, 0xe7, 0xe0, 0xd8, 0xff, 0xe7, 0xdf, 0xd7, 0xff,
  0xbf, 0xbf, 0xbf, 0x08, 0x00, 0x00, 0x00, 0x00, 0x00, 0x00, 0x00, 0x00,
  0x00, 0x00, 0x00, 0x00, 0x00, 0x00, 0x00, 0x00, 0x00, 0x00, 0x00, 0x00,
  0x00, 0x00, 0x00, 0x00, 0x00, 0x00, 0x00, 0x00, 0x00, 0x00, 0x00, 0x00,
  0x00, 0x00, 0x00, 0x00, 0x00, 0x00, 0x00, 0x00, 0x00, 0x00, 0x00, 0x00,
  0x00, 0x00, 0x00, 0x00, 0x00, 0x00, 0x00, 0x00, 0x00, 0x00, 0x00, 0x00,
  0x00, 0x00, 0x00, 0x00, 0x00, 0x00, 0x00, 0x00, 0x00, 0x00, 0x00, 0x00,
  0x00, 0x00, 0x00, 0x00, 0x00, 0x00, 0x00, 0x00, 0x00, 0x00, 0x00, 0x00,
  0x00, 0x00, 0x00, 0x00, 0x00, 0x00, 0x00, 0x00, 0x00, 0x00, 0x00, 0x00,
  0x00, 0x00, 0x00, 0x00, 0x00, 0x00, 0x00, 0x00, 0x00, 0x00, 0x00, 0x00,
  0x00, 0x00, 0x00, 0x00, 0x00, 0x00, 0x00, 0x00, 0x00, 0x00, 0x00, 0x00,
  0x00, 0x00, 0x00, 0x00, 0x00, 0x00, 0x00, 0x00, 0x00, 0x00, 0x00, 0x00,
  0x00, 0x00, 0x00, 0x00, 0x00, 0x00, 0x00, 0x00, 0x00, 0x00, 0x00, 0x00,
  0x00, 0x00, 0x00, 0x00, 0x00, 0x00, 0x00, 0x00, 0x00, 0x00, 0x00, 0x00,
  0x00, 0x00, 0x00, 0x00, 0x00, 0x00, 0x00, 0x00, 0x00, 0x00, 0x00, 0x00,
  0x6d, 0x61, 0x5a, 0xfc, 0x67, 0x5b, 0x54, 0xff, 0x67, 0x5b, 0x54, 0xff,
  0x67, 0x5b, 0x54, 0xff, 0x67, 0x5b, 0x54, 0xff, 0x67, 0x5b, 0x54, 0xff,
  0xb5, 0xaf, 0xab, 0xff, 0xd3, 0xcd, 0xc9, 0xff, 0xe9, 0xe5, 0xe0, 0xfe,
  0xed, 0xe9, 0xe4, 0xfe, 0xf6, 0xf2, 0xee, 0xff, 0xf3, 0xed, 0xe8, 0xff,
  0xe7, 0xe0, 0xd8, 0xff, 0xe7, 0xe0, 0xd8, 0xff, 0xe7, 0xe0, 0xd8, 0xff,
  0xe7, 0xe0, 0xd8, 0xff, 0xe7, 0xe0, 0xd8, 0xff, 0xe6, 0xdd, 0xd6, 0xfb,
  0x00, 0x00, 0x00, 0x00, 0x00, 0x00, 0x00, 0x00, 0x00, 0x00, 0x00, 0x00,
  0x00, 0x00, 0x00, 0x00, 0x00, 0x00, 0x00, 0x00, 0x00, 0x00, 0x00, 0x00,
  0x00, 0x00, 0x00, 0x00, 0x00, 0x00, 0x00, 0x00, 0x00, 0x00, 0x00, 0x00,
  0x00, 0x00, 0x00, 0x00, 0x00, 0x00, 0x00, 0x00, 0x00, 0x00, 0x00, 0x00,
  0x00, 0x00, 0x00, 0x00, 0x00, 0x00, 0x00, 0x00, 0x00, 0x00, 0x00, 0x00,
  0x00, 0x00, 0x00, 0x00, 0x00, 0x00, 0x00, 0x00, 0x00, 0x00, 0x00, 0x00,
  0x00, 0x00, 0x00, 0x00, 0x00, 0x00, 0x00, 0x00, 0x00, 0x00, 0x00, 0x00,
  0x00, 0x00, 0x00, 0x00, 0x00, 0x00, 0x00, 0x00, 0x00, 0x00, 0x00, 0x00,
  0x00, 0x00, 0x00, 0x00, 0x00, 0x00, 0x00, 0x00, 0x00, 0x00, 0x00, 0x00,
  0x00, 0x00, 0x00, 0x00, 0x00, 0x00, 0x00, 0x00, 0x00, 0x00, 0x00, 0x00,
  0x00, 0x00, 0x00, 0x00, 0x00, 0x00, 0x00, 0x00, 0x00, 0x00, 0x00, 0x00,
  0x00, 0x00, 0x00, 0x00, 0x00, 0x00, 0x00, 0x00, 0x00, 0x00, 0x00, 0x00,
  0x00, 0x00, 0x00, 0x00, 0x00, 0x00, 0x00, 0x00, 0x00, 0x00, 0x00, 0x00,
  0x00, 0x00, 0x00, 0x00, 0x00, 0x00, 0x00, 0x00, 0x00, 0x00, 0x00, 0x00,
  0x73, 0x68, 0x5f, 0xf6, 0x67, 0x5b, 0x54, 0xff, 0x67, 0x5b, 0x54, 0xff,
  0x67, 0x5b, 0x54, 0xff, 0x67, 0x5b, 0x54, 0xff, 0x67, 0x5b, 0x54, 0xff,
  0xb2, 0xaa, 0xa5, 0xff, 0xd3, 0xcd, 0xc9, 0xff, 0xe8, 0xe3, 0xdf, 0xfe,
  0xed, 0xe9, 0xe5, 0xfe, 0xf6, 0xf2, 0xee, 0xff, 0xf2, 0xed, 0xe7, 0xff,
  0xe7, 0xe0, 0xd8, 0xff, 0xe7, 0xe0, 0xd8, 0xff, 0xe7, 0xe0, 0xd8, 0xff,
  0xe7, 0xe0, 0xd8, 0xff, 0xe7, 0xe0, 0xd8, 0xff, 0xe2, 0xda, 0xd2, 0xf4,
  0x00, 0x00, 0x00, 0x00, 0x00, 0x00, 0x00, 0x00, 0x00, 0x00, 0x00, 0x00,
  0x00, 0x00, 0x00, 0x00, 0x00, 0x00, 0x00, 0x00, 0x00, 0x00, 0x00, 0x00,
  0x00, 0x00, 0x00, 0x00, 0x00, 0x00, 0x00, 0x00, 0x00, 0x00, 0x00, 0x00,
  0x00, 0x00, 0x00, 0x00, 0x00, 0x00, 0x00, 0x00, 0x00, 0x00, 0x00, 0x00,
  0x00, 0x00, 0x00, 0x00, 0x00, 0x00, 0x00, 0x00, 0x00, 0x00, 0x00, 0x00,
  0x00, 0x00, 0x00, 0x00, 0x00, 0x00, 0x00, 0x00, 0x00, 0x00, 0x00, 0x00,
  0x00, 0x00, 0x00, 0x00, 0x00, 0x00, 0x00, 0x00, 0x00, 0x00, 0x00, 0x00,
  0x00, 0x00, 0x00, 0x00, 0x00, 0x00, 0x00, 0x00, 0x00, 0x00, 0x00, 0x00,
  0x00, 0x00, 0x00, 0x00, 0x00, 0x00, 0x00, 0x00, 0x00, 0x00, 0x00, 0x00,
  0x00, 0x00, 0x00, 0x00, 0x00, 0x00, 0x00, 0x00, 0x00, 0x00, 0x00, 0x00,
  0x00, 0x00, 0x00, 0x00, 0x00, 0x00, 0x00, 0x00, 0x00, 0x00, 0x00, 0x00,
  0x00, 0x00, 0x00, 0x00, 0x00, 0x00, 0x00, 0x00, 0x00, 0x00, 0x00, 0x00,
  0x00, 0x00, 0x00, 0x00, 0x00, 0x00, 0x00, 0x00, 0x00, 0x00, 0x00, 0x00,
  0x00, 0x00, 0x00, 0x00, 0x00, 0x00, 0x00, 0x00, 0x00, 0x00, 0x00, 0x00,
  0x78, 0x6d, 0x65, 0xeb, 0x67, 0x5b, 0x54, 0xff, 0x67, 0x5b, 0x54, 0xff,
  0x67, 0x5b, 0x54, 0xff, 0x67, 0x5b, 0x54, 0xff, 0x67, 0x5b, 0x54, 0xff,
  0xad, 0xa5, 0xa0, 0xff, 0xd3, 0xcd, 0xc9, 0xff, 0xe7, 0xe2, 0xde, 0xfe,
  0xee, 0xea, 0xe5, 0xfe, 0xf6, 0xf2, 0xee, 0xff, 0xf1, 0xec, 0xe6, 0xff,
  0xe7, 0xe0, 0xd8, 0xff, 0xe7, 0xe0, 0xd8, 0xff, 0xe7, 0xe0, 0xd8, 0xff,
  0xe7, 0xe0, 0xd8, 0xff, 0xe7, 0xe0, 0xd8, 0xff, 0xe0, 0xd9, 0xd1, 0xe9,
  0x00, 0x00, 0x00, 0x00, 0x00, 0x00, 0x00, 0x00, 0x00, 0x00, 0x00, 0x00,
  0x00, 0x00, 0x00, 0x00, 0x00, 0x00, 0x00, 0x00, 0x00, 0x00, 0x00, 0x00,
  0x00, 0x00, 0x00, 0x00, 0x00, 0x00, 0x00, 0x00, 0x00, 0x00, 0x00, 0x00,
  0x00, 0x00, 0x00, 0x00, 0x00, 0x00, 0x00, 0x00, 0x00, 0x00, 0x00, 0x00,
  0x00, 0x00, 0x00, 0x00, 0x00, 0x00, 0x00, 0x00, 0x00, 0x00, 0x00, 0x00,
  0x00, 0x00, 0x00, 0x00, 0x00, 0x00, 0x00, 0x00, 0x00, 0x00, 0x00, 0x00,
  0x00, 0x00, 0x00, 0x00, 0x00, 0x00, 0x00, 0x00, 0x00, 0x00, 0x00, 0x00,
  0x00, 0x00, 0x00, 0x00, 0x00, 0x00, 0x00, 0x00, 0x00, 0x00, 0x00, 0x00,
  0x00, 0x00, 0x00, 0x00, 0x00, 0x00, 0x00, 0x00, 0x00, 0x00, 0x00, 0x00,
  0x00, 0x00, 0x00, 0x00, 0x00, 0x00, 0x00, 0x00, 0x00, 0x00, 0x00, 0x00,
  0x00, 0x00, 0x00, 0x00, 0x00, 0x00, 0x00, 0x00, 0x00, 0x00, 0x00, 0x00,
  0x00, 0x00, 0x00, 0x00, 0x00, 0x00, 0x00, 0x00, 0x00, 0x00, 0x00, 0x00,
  0x00, 0x00, 0x00, 0x00, 0x00, 0x00, 0x00, 0x00, 0x00, 0x00, 0x00, 0x00,
  0x00, 0x00, 0x00, 0x00, 0x00, 0x00, 0x00, 0x00, 0x00, 0x00, 0x00, 0x00,
  0x7d, 0x73, 0x6b, 0xdc, 0x67, 0x5b, 0x54, 0xff, 0x67, 0x5b, 0x54, 0xff,
  0x67, 0x5b, 0x54, 0xff, 0x67, 0x5b, 0x54, 0xff, 0x67, 0x5b, 0x54, 0xff,
  0xa8, 0xa0, 0x9a, 0xff, 0xd3, 0xcd, 0xc9, 0xff, 0xe6, 0xe1, 0xdd, 0xfe,
  0xef, 0xea, 0xe6, 0xfe, 0xf6, 0xf2, 0xee, 0xff, 0xf0, 0xeb, 0xe6, 0xff,
  0xe7, 0xe0, 0xd8, 0xff, 0xe7, 0xe0, 0xd8, 0xff, 0xe7, 0xe0, 0xd8, 0xff,
  0xe7, 0xe0, 0xd8, 0xff, 0xe7, 0xe0, 0xd8, 0xff, 0xdd, 0xd5, 0xce, 0xdb,
  0x00, 0x00, 0x00, 0x00, 0x00, 0x00, 0x00, 0x00, 0x00, 0x00, 0x00, 0x00,
  0x00, 0x00, 0x00, 0x00, 0x00, 0x00, 0x00, 0x00, 0x00, 0x00, 0x00, 0x00,
  0x00, 0x00, 0x00, 0x00, 0x00, 0x00, 0x00, 0x00, 0x00, 0x00, 0x00, 0x00,
  0x00, 0x00, 0x00, 0x00, 0x00, 0x00, 0x00, 0x00, 0x00, 0x00, 0x00, 0x00,
  0x00, 0x00, 0x00, 0x00, 0x00, 0x00, 0x00, 0x00, 0x00, 0x00, 0x00, 0x00,
  0x00, 0x00, 0x00, 0x00, 0x00, 0x00, 0x00, 0x00, 0x00, 0x00, 0x00, 0x00,
  0x00, 0x00, 0x00, 0x00, 0x00, 0x00, 0x00, 0x00, 0x00, 0x00, 0x00, 0x00,
  0x00, 0x00, 0x00, 0x00, 0x00, 0x00, 0x00, 0x00, 0x00, 0x00, 0x00, 0x00,
  0x00, 0x00, 0x00, 0x00, 0x00, 0x00, 0x00, 0x00, 0x00, 0x00, 0x00, 0x00,
  0x00, 0x00, 0x00, 0x00, 0x00, 0x00, 0x00, 0x00, 0x00, 0x00, 0x00, 0x00,
  0x00, 0x00, 0x00, 0x00, 0x00, 0x00, 0x00, 0x00, 0x00, 0x00, 0x00, 0x00,
  0x00, 0x00, 0x00, 0x00, 0x00, 0x00, 0x00, 0x00, 0x00, 0x00, 0x00, 0x00,
  0x00, 0x00, 0x00, 0x00, 0x00, 0x00, 0x00, 0x00, 0x00, 0x00, 0x00, 0x00,
  0x00, 0x00, 0x00, 0x00, 0x00, 0x00, 0x00, 0x00, 0x00, 0x00, 0x00, 0x00,
  0x82, 0x77, 0x6e, 0xca, 0x67, 0x5b, 0x54, 0xff, 0x67, 0x5b, 0x54, 0xff,
  0x67, 0x5b, 0x54, 0xff, 0x67, 0x5b, 0x54, 0xff, 0x67, 0x5b, 0x54, 0xff,
  0xa3, 0x9b, 0x96, 0xff, 0xd3, 0xcd, 0xc9, 0xff, 0xe5, 0xe0, 0xdc, 0xfe,
  0xef, 0xea, 0xe6, 0xfe, 0xf6, 0xf2, 0xee, 0xff, 0xf0, 0xea, 0xe5, 0xff,
  0xe7, 0xe0, 0xd8, 0xff, 0xe7, 0xe0, 0xd8, 0xff, 0xe7, 0xe0, 0xd8, 0xff,
  0xe7, 0xe0, 0xd8, 0xff, 0xe7, 0xe0, 0xd8, 0xff, 0xdd, 0xd4, 0xcc, 0xc8,
  0x00, 0x00, 0x00, 0x00, 0x00, 0x00, 0x00, 0x00, 0x00, 0x00, 0x00, 0x00,
  0x00, 0x00, 0x00, 0x00, 0x00, 0x00, 0x00, 0x00, 0x00, 0x00, 0x00, 0x00,
  0x00, 0x00, 0x00, 0x00, 0x00, 0x00, 0x00, 0x00, 0x00, 0x00, 0x00, 0x00,
  0x00, 0x00, 0x00, 0x00, 0x00, 0x00, 0x00, 0x00, 0x00, 0x00, 0x00, 0x00,
  0x00, 0x00, 0x00, 0x00, 0x00, 0x00, 0x00, 0x00, 0x00, 0x00, 0x00, 0x00,
  0x00, 0x00, 0x00, 0x00, 0x00, 0x00, 0x00, 0x00, 0x00, 0x00, 0x00, 0x00,
  0x00, 0x00, 0x00, 0x00, 0x00, 0x00, 0x00, 0x00, 0x00, 0x00, 0x00, 0x00,
  0x00, 0x00, 0x00, 0x00, 0x00, 0x00, 0x00, 0x00, 0x00, 0x00, 0x00, 0x00,
  0x00, 0x00, 0x00, 0x00, 0x00, 0x00, 0x00, 0x00, 0x00, 0x00, 0x00, 0x00,
  0x00, 0x00, 0x00, 0x00, 0x00, 0x00, 0x00, 0x00, 0x00, 0x00, 0x00, 0x00,
  0x00, 0x00, 0x00, 0x00, 0x00, 0x00, 0x00, 0x00, 0x00, 0x00, 0x00, 0x00,
  0x00, 0x00, 0x00, 0x00, 0x00, 0x00, 0x00, 0x00, 0x00, 0x00, 0x00, 0x00,
  0x00, 0x00, 0x00, 0x00, 0x00, 0x00, 0x00, 0x00, 0x00, 0x00, 0x00, 0x00,
  0x00, 0x00, 0x00, 0x00, 0x00, 0x00, 0x00, 0x00, 0x00, 0x00, 0x00, 0x00,
  0x86, 0x79, 0x72, 0xb5, 0x67, 0x5b, 0x54, 0xff, 0x67, 0x5b, 0x54, 0xff,
  0x67, 0x5b, 0x54, 0xff, 0x67, 0x5b, 0x54, 0xff, 0x67, 0x5b, 0x54, 0xff,
  0x9f, 0x96, 0x91, 0xff, 0xd3, 0xcd, 0xc9, 0xff, 0xe4, 0xdf, 0xdb, 0xfe,
  0xf0, 0xeb, 0xe7, 0xfe, 0xf6, 0xf2, 0xee, 0xff, 0xee, 0xe9, 0xe3, 0xff,
  0xe7, 0xe0, 0xd8, 0xff, 0xe7, 0xe0, 0xd8, 0xff, 0xe7, 0xe0, 0xd8, 0xff,
  0xe7, 0xe0, 0xd8, 0xff, 0xe7, 0xe0, 0xd8, 0xff, 0xdb, 0xd1, 0xca, 0xb3,
  0x00, 0x00, 0x00, 0x00, 0x00, 0x00, 0x00, 0x00, 0x00, 0x00, 0x00, 0x00,
  0x00, 0x00, 0x00, 0x00, 0x00, 0x00, 0x00, 0x00, 0x00, 0x00, 0x00, 0x00,
  0x00, 0x00, 0x00, 0x00, 0x00, 0x00, 0x00, 0x00, 0x00, 0x00, 0x00, 0x00,
  0x00, 0x00, 0x00, 0x00, 0x00, 0x00, 0x00, 0x00, 0x00, 0x00, 0x00, 0x00,
  0x00, 0x00, 0x00, 0x00, 0x00, 0x00, 0x00, 0x00, 0x00, 0x00, 0x00, 0x00,
  0x00, 0x00, 0x00, 0x00, 0x00, 0x00, 0x00, 0x00, 0x00, 0x00, 0x00, 0x00,
  0x00, 0x00, 0x00, 0x00, 0x00, 0x00, 0x00, 0x00, 0x00, 0x00, 0x00, 0x00,
  0x00, 0x00, 0x00, 0x00, 0x00, 0x00, 0x00, 0x00, 0x00, 0x00, 0x00, 0x00,
  0x00, 0x00, 0x00, 0x00, 0x00, 0x00, 0x00, 0x00, 0x00, 0x00, 0x00, 0x00,
  0x00, 0x00, 0x00, 0x00, 0x00, 0x00, 0x00, 0x00, 0x00, 0x00, 0x00, 0x00,
  0x00, 0x00, 0x00, 0x00, 0x00, 0x00, 0x00, 0x00, 0x00, 0x00, 0x00, 0x00,
  0x00, 0x00, 0x00, 0x00, 0x00, 0x00, 0x00, 0x00, 0x00, 0x00, 0x00, 0x00,
  0x00, 0x00, 0x00, 0x00, 0x00, 0x00, 0x00, 0x00, 0x00, 0x00, 0x00, 0x00,
  0x00, 0x00, 0x00, 0x00, 0x00, 0x00, 0x00, 0x00, 0x00, 0x00, 0x00, 0x00,
  0x89, 0x7d, 0x76, 0x9b, 0x67, 0x5b, 0x54, 0xff, 0x67, 0x5b, 0x54, 0xff,
  0x67, 0x5b, 0x54, 0xff, 0x67, 0x5b, 0x54, 0xff, 0x67, 0x5b, 0x54, 0xff,
  0x9a, 0x91, 0x8b, 0xff, 0xd3, 0xcd, 0xc9, 0xff, 0xe3, 0xde, 0xda, 0xfe,
  0xf0, 0xec, 0xe7, 0xfe, 0xf6, 0xf2, 0xee, 0xff, 0xee, 0xe9, 0xe2, 0xff,
  0xe7, 0xe0, 0xd8, 0xff, 0xe7, 0xe0, 0xd8, 0xff, 0xe7, 0xe0, 0xd8, 0xff,
  0xe7, 0xe0, 0xd8, 0xff, 0xe7, 0xe0, 0xd8, 0xff, 0xda, 0xd2, 0xc9, 0x98,
  0x00, 0x00, 0x00, 0x00, 0x00, 0x00, 0x00, 0x00, 0x00, 0x00, 0x00, 0x00,
  0x00, 0x00, 0x00, 0x00, 0x00, 0x00, 0x00, 0x00, 0x00, 0x00, 0x00, 0x00,
  0x00, 0x00, 0x00, 0x00, 0x00, 0x00, 0x00, 0x00, 0x00, 0x00, 0x00, 0x00,
  0x00, 0x00, 0x00, 0x00, 0x00, 0x00, 0x00, 0x00, 0x00, 0x00, 0x00, 0x00,
  0x00, 0x00, 0x00, 0x00, 0x00, 0x00, 0x00, 0x00, 0x00, 0x00, 0x00, 0x00,
  0x00, 0x00, 0x00, 0x00, 0x00, 0x00, 0x00, 0x00, 0x00, 0x00, 0x00, 0x00,
  0x00, 0x00, 0x00, 0x00, 0x00, 0x00, 0x00, 0x00, 0x00, 0x00, 0x00, 0x00,
  0x00, 0x00, 0x00, 0x00, 0x00, 0x00, 0x00, 0x00, 0x00, 0x00, 0x00, 0x00,
  0x00, 0x00, 0x00, 0x00, 0x00, 0x00, 0x00, 0x00, 0x00, 0x00, 0x00, 0x00,
  0x00, 0x00, 0x00, 0x00, 0x00, 0x00, 0x00, 0x00, 0x00, 0x00, 0x00, 0x00,
  0x00, 0x00, 0x00, 0x00, 0x00, 0x00, 0x00, 0x00, 0x00, 0x00, 0x00, 0x00,
  0x00, 0x00, 0x00, 0x00, 0x00, 0x00, 0x00, 0x00, 0x00, 0x00, 0x00, 0x00,
  0x00, 0x00, 0x00, 0x00, 0x00, 0x00, 0x00, 0x00, 0x00, 0x00, 0x00, 0x00,
  0x00, 0x00, 0x00, 0x00, 0x00, 0x00, 0x00, 0x00, 0x00, 0x00, 0x00, 0x00,
  0x8b, 0x81, 0x78, 0x7d, 0x67, 0x5b, 0x54, 0xff, 0x67, 0x5b, 0x54, 0xff,
  0x67, 0x5b, 0x54, 0xff, 0x67, 0x5b, 0x54, 0xff, 0x67, 0x5b, 0x54, 0xff,
  0x96, 0x8d, 0x87, 0xff, 0xd3, 0xcd, 0xc9, 0xff, 0xe2, 0xdd, 0xd9, 0xfe,
  0xf1, 0xec, 0xe8, 0xfe, 0xf6, 0xf2, 0xee, 0xff, 0xed, 0xe8, 0xe1, 0xff,
  0xe7, 0xe0, 0xd8, 0xff, 0xe7, 0xe0, 0xd8, 0xff, 0xe7, 0xe0, 0xd8, 0xff,
  0xe7, 0xe0, 0xd8, 0xff, 0xe7, 0xe0, 0xd8, 0xff, 0xd8, 0xcf, 0xc7, 0x7b,
  0x00, 0x00, 0x00, 0x00, 0x00, 0x00, 0x00, 0x00, 0x00, 0x00, 0x00, 0x00,
  0x00, 0x00, 0x00, 0x00, 0x00, 0x00, 0x00, 0x00, 0x00, 0x00, 0x00, 0x00,
  0x00, 0x00, 0x00, 0x00, 0x00, 0x00, 0x00, 0x00, 0x00, 0x00, 0x00, 0x00,
  0x00, 0x00, 0x00, 0x00, 0x00, 0x00, 0x00, 0x00, 0x00, 0x00, 0x00, 0x00,
  0x00, 0x00, 0x00, 0x00, 0x00, 0x00, 0x00, 0x00, 0x00, 0x00, 0x00, 0x00,
  0x00, 0x00, 0x00, 0x00, 0x00, 0x00, 0x00, 0x00, 0x00, 0x00, 0x00, 0x00,
  0x00, 0x00, 0x00, 0x00, 0x00, 0x00, 0x00, 0x00, 0x00, 0x00, 0x00, 0x00,
  0x00, 0x00, 0x00, 0x00, 0x00, 0x00, 0x00, 0x00, 0x00, 0x00, 0x00, 0x00,
  0x00, 0x00, 0x00, 0x00, 0x00, 0x00, 0x00, 0x00, 0x00, 0x00, 0x00, 0x00,
  0x00, 0x00, 0x00, 0x00, 0x00, 0x00, 0x00, 0x00, 0x00, 0x00, 0x00, 0x00,
  0x00, 0x00, 0x00, 0x00, 0x00, 0x00, 0x00, 0x00, 0x00, 0x00, 0x00, 0x00,
  0x00, 0x00, 0x00, 0x00, 0x00, 0x00, 0x00, 0x00, 0x00, 0x00, 0x00, 0x00,
  0x00, 0x00, 0x00, 0x00, 0x00, 0x00, 0x00, 0x00, 0x00, 0x00, 0x00, 0x00,
  0x00, 0x00, 0x00, 0x00, 0x00, 0x00, 0x00, 0x00, 0x00, 0x00, 0x00, 0x00,
  0x8f, 0x84, 0x7b, 0x5b, 0x67, 0x5b, 0x54, 0xff, 0x67, 0x5b, 0x54, 0xff,
  0x67, 0x5b, 0x54, 0xff, 0x67, 0x5b, 0x54, 0xff, 0x67, 0x5b, 0x54, 0xff,
  0x91, 0x88, 0x82, 0xff, 0xd3, 0xcd, 0xc9, 0xff, 0xe1, 0xdc, 0xd8, 0xfe,
  0xf1, 0xed, 0xe8, 0xfe, 0xf6, 0xf2, 0xee, 0xff, 0xed, 0xe7, 0xe0, 0xff,
  0xe7, 0xe0, 0xd8, 0xff, 0xe7, 0xe0, 0xd8, 0xff, 0xe7, 0xe0, 0xd8, 0xff,
  0xe7, 0xe0, 0xd8, 0xff, 0xe7, 0xe0, 0xd8, 0xff, 0xd7, 0xce, 0xc6, 0x59,
  0x00, 0x00, 0x00, 0x00, 0x00, 0x00, 0x00, 0x00, 0x00, 0x00, 0x00, 0x00,
  0x00, 0x00, 0x00, 0x00, 0x00, 0x00, 0x00, 0x00, 0x00, 0x00, 0x00, 0x00,
  0x00, 0x00, 0x00, 0x00, 0x00, 0x00, 0x00, 0x00, 0x00, 0x00, 0x00, 0x00,
  0x00, 0x00, 0x00, 0x00, 0x00, 0x00, 0x00, 0x00, 0x00, 0x00, 0x00, 0x00,
  0x00, 0x00, 0x00, 0x00, 0x00, 0x00, 0x00, 0x00, 0x00, 0x00, 0x00, 0x00,
  0x00, 0x00, 0x00, 0x00, 0x00, 0x00, 0x00, 0x00, 0x00, 0x00, 0x00, 0x00,
  0x00, 0x00, 0x00, 0x00, 0x00, 0x00, 0x00, 0x00, 0x00, 0x00, 0x00, 0x00,
  0x00, 0x00, 0x00, 0x00, 0x00, 0x00, 0x00, 0x00, 0x00, 0x00, 0x00, 0x00,
  0x00, 0x00, 0x00, 0x00, 0x00, 0x00, 0x00, 0x00, 0x00, 0x00, 0x00, 0x00,
  0x00, 0x00, 0x00, 0x00, 0x00, 0x00, 0x00, 0x00, 0x00, 0x00, 0x00, 0x00,
  0x00, 0x00, 0x00, 0x00, 0x00, 0x00, 0x00, 0x00, 0x00, 0x00, 0x00, 0x00,
  0x00, 0x00, 0x00, 0x00, 0x00, 0x00, 0x00, 0x00, 0x00, 0x00, 0x00, 0x00,
  0x00, 0x00, 0x00, 0x00, 0x00, 0x00, 0x00, 0x00, 0x00, 0x00, 0x00, 0x00,
  0x00, 0x00, 0x00, 0x00, 0x00, 0x00, 0x00, 0x00, 0x00, 0x00, 0x00, 0x00,
  0x90, 0x87, 0x7d, 0x35, 0x67, 0x5b, 0x54, 0xff, 0x67, 0x5b, 0x54, 0xff,
  0x67, 0x5b, 0x54, 0xff, 0x67, 0x5b, 0x54, 0xff, 0x67, 0x5b, 0x54, 0xff,
  0x8d, 0x83, 0x7d, 0xff, 0xd3, 0xcd, 0xc9, 0xff, 0xe0, 0xdb, 0xd6, 0xfe,
  0xf1, 0xed, 0xe9, 0xfe, 0xf6, 0xf2, 0xee, 0xff, 0xed, 0xe7, 0xe0, 0xff,
  0xe7, 0xe0, 0xd8, 0xff, 0xe7, 0xe0, 0xd8, 0xff, 0xe7, 0xe0, 0xd8, 0xff,
  0xe7, 0xe0, 0xd8, 0xff, 0xe7, 0xe0, 0xd8, 0xff, 0xdb, 0xd1, 0xcc, 0x32,
  0x00, 0x00, 0x00, 0x00, 0x00, 0x00, 0x00, 0x00, 0x00, 0x00, 0x00, 0x00,
  0x00, 0x00, 0x00, 0x00, 0x00, 0x00, 0x00, 0x00, 0x00, 0x00, 0x00, 0x00,
  0x00, 0x00, 0x00, 0x00, 0x00, 0x00, 0x00, 0x00, 0x00, 0x00, 0x00, 0x00,
  0x00, 0x00, 0x00, 0x00, 0x00, 0x00, 0x00, 0x00, 0x00, 0x00, 0x00, 0x00,
  0x00, 0x00, 0x00, 0x00, 0x00, 0x00, 0x00, 0x00, 0x00, 0x00, 0x00, 0x00,
  0x00, 0x00, 0x00, 0x00, 0x00, 0x00, 0x00, 0x00, 0x00, 0x00, 0x00, 0x00,
  0x00, 0x00, 0x00, 0x00, 0x00, 0x00, 0x00, 0x00, 0x00, 0x00, 0x00, 0x00,
  0x00, 0x00, 0x00, 0x00, 0x00, 0x00, 0x00, 0x00, 0x00, 0x00, 0x00, 0x00,
  0x00, 0x00, 0x00, 0x00, 0x00, 0x00, 0x00, 0x00, 0x00, 0x00, 0x00, 0x00,
  0x00, 0x00, 0x00, 0x00, 0x00, 0x00, 0x00, 0x00, 0x00, 0x00, 0x00, 0x00,
  0x00, 0x00, 0x00, 0x00, 0x00, 0x00, 0x00, 0x00, 0x00, 0x00, 0x00, 0x00,
  0x00, 0x00, 0x00, 0x00, 0x00, 0x00, 0x00, 0x00, 0x00, 0x00, 0x00, 0x00,
  0x00, 0x00, 0x00, 0x00, 0x00, 0x00, 0x00, 0x00, 0x00, 0x00, 0x00, 0x00,
  0x00, 0x00, 0x00, 0x00, 0x00, 0x00, 0x00, 0x00, 0x00, 0x00, 0x00, 0x00,
  0x92, 0x80, 0x80, 0x0e, 0x68, 0x5c, 0x54, 0xff, 0x67, 0x5b, 0x54, 0xff,
  0x67, 0x5b, 0x54, 0xff, 0x67, 0x5b, 0x54, 0xff, 0x67, 0x5b, 0x54, 0xff,
  0x88, 0x7e, 0x78, 0xff, 0xd3, 0xcd, 0xc9, 0xff, 0xdf, 0xd9, 0xd6, 0xfe,
  0xf2, 0xee, 0xe9, 0xfe, 0xf6, 0xf2, 0xee, 0xff, 0xeb, 0xe5, 0xdf, 0xff,
  0xe7, 0xe0, 0xd8, 0xff, 0xe7, 0xe0, 0xd8, 0xff, 0xe7, 0xe0, 0xd8, 0xff,
  0xe7, 0xe0, 0xd8, 0xff, 0xe7, 0xdf, 0xd8, 0xff, 0xc8, 0xc8, 0xc8, 0x0e,
  0x00, 0x00, 0x00, 0x00, 0x00, 0x00, 0x00, 0x00, 0x00, 0x00, 0x00, 0x00,
  0x00, 0x00, 0x00, 0x00, 0x00, 0x00, 0x00, 0x00, 0x00, 0x00, 0x00, 0x00,
  0x00, 0x00, 0x00, 0x00, 0x00, 0x00, 0x00, 0x00, 0x00, 0x00, 0x00, 0x00,
  0x00, 0x00, 0x00, 0x00, 0x00, 0x00, 0x00, 0x00, 0x00, 0x00, 0x00, 0x00,
  0x00, 0x00, 0x00, 0x00, 0x00, 0x00, 0x00, 0x00, 0x00, 0x00, 0x00, 0x00,
  0x00, 0x00, 0x00, 0x00, 0x00, 0x00, 0x00, 0x00, 0x00, 0x00, 0x00, 0x00,
  0x00, 0x00, 0x00, 0x00, 0x00, 0x00, 0x00, 0x00, 0x00, 0x00, 0x00, 0x00,
  0x00, 0x00, 0x00, 0x00, 0x00, 0x00, 0x00, 0x00, 0x00, 0x00, 0x00, 0x00,
  0x00, 0x00, 0x00, 0x00, 0x00, 0x00, 0x00, 0x00, 0x00, 0x00, 0x00, 0x00,
  0x00, 0x00, 0x00, 0x00, 0x00, 0x00, 0x00, 0x00, 0x00, 0x00, 0x00, 0x00,
  0x00, 0x00, 0x00, 0x00, 0x00, 0x00, 0x00, 0x00, 0x00, 0x00, 0x00, 0x00,
  0x00, 0x00, 0x00, 0x00, 0x00, 0x00, 0x00, 0x00, 0x00, 0x00, 0x00, 0x00,
  0x00, 0x00, 0x00, 0x00, 0x00, 0x00, 0x00, 0x00, 0x00, 0x00, 0x00, 0x00,
  0x00, 0x00, 0x00, 0x00, 0x00, 0x00, 0x00, 0x00, 0x00, 0x00, 0x00, 0x00,
  0x00, 0x00, 0x00, 0x00, 0x6c, 0x61, 0x59, 0xfd, 0x67, 0x5b, 0x54, 0xff,
  0x67, 0x5b, 0x54, 0xff, 0x67, 0x5b, 0x54, 0xff, 0x67, 0x5b, 0x54, 0xff,
  0x84, 0x79, 0x73, 0xff, 0xd3, 0xcd, 0xc9, 0xff, 0xde, 0xd9, 0xd4, 0xfe,
  0xf2, 0xee, 0xea, 0xfe, 0xf6, 0xf2, 0xee, 0xff, 0xeb, 0xe5, 0xdd, 0xff,
  0xe7, 0xe0, 0xd8, 0xff, 0xe7, 0xe0, 0xd8, 0xff, 0xe7, 0xe0, 0xd8, 0xff,
  0xe7, 0xe0, 0xd8, 0xff, 0xe5, 0xde, 0xd6, 0xfc, 0x00, 0x00, 0x00, 0x00,
  0x00, 0x00, 0x00, 0x00, 0x00, 0x00, 0x00, 0x00, 0x00, 0x00, 0x00, 0x00,
  0x00, 0x00, 0x00, 0x00, 0x00, 0x00, 0x00, 0x00, 0x00, 0x00, 0x00, 0x00,
  0x00, 0x00, 0x00, 0x00, 0x00, 0x00, 0x00, 0x00, 0x00, 0x00, 0x00, 0x00,
  0x00, 0x00, 0x00, 0x00, 0x00, 0x00, 0x00, 0x00, 0x00, 0x00, 0x00, 0x00,
  0x00, 0x00, 0x00, 0x00, 0x00, 0x00, 0x00, 0x00, 0x00, 0x00, 0x00, 0x00,
  0x00, 0x00, 0x00, 0x00, 0x00, 0x00, 0x00, 0x00, 0x00, 0x00, 0x00, 0x00,
  0x00, 0x00, 0x00, 0x00, 0x00, 0x00, 0x00, 0x00, 0x00, 0x00, 0x00, 0x00,
  0x00, 0x00, 0x00, 0x00, 0x00, 0x00, 0x00, 0x00, 0x00, 0x00, 0x00, 0x00,
  0x00, 0x00, 0x00, 0x00, 0x00, 0x00, 0x00, 0x00, 0x00, 0x00, 0x00, 0x00,
  0x00, 0x00, 0x00, 0x00, 0x00, 0x00, 0x00, 0x00, 0x00, 0x00, 0x00, 0x00,
  0x00, 0x00, 0x00, 0x00, 0x00, 0x00, 0x00, 0x00, 0x00, 0x00, 0x00, 0x00,
  0x00, 0x00, 0x00, 0x00, 0x00, 0x00, 0x00, 0x00, 0x00, 0x00, 0x00, 0x00,
  0x00, 0x00, 0x00, 0x00, 0x00, 0x00, 0x00, 0x00, 0x00, 0x00, 0x00, 0x00,
  0x00, 0x00, 0x00, 0x00, 0x00, 0x00, 0x00, 0x00, 0x00, 0x00, 0x00, 0x00,
  0x00, 0x00, 0x00, 0x00, 0x74, 0x66, 0x60, 0xf7, 0x67, 0x5b, 0x54, 0xff,
  0x67, 0x5b, 0x54, 0xff, 0x67, 0x5b, 0x54, 0xff, 0x67, 0x5b, 0x54, 0xff,
  0x7f, 0x75, 0x6e, 0xff, 0xd3, 0xcd, 0xc9, 0xff, 0xdd, 0xd8, 0xd3, 0xfe,
  0xf3, 0xef, 0xea, 0xfe, 0xf6, 0xf2, 0xee, 0xff, 0xea, 0xe4, 0xdc, 0xff,
  0xe7, 0xe0, 0xd8, 0xff, 0xe7, 0xe0, 0xd8, 0xff, 0xe7, 0xe0, 0xd8, 0xff,
  0xe7, 0xe0, 0xd8, 0xff, 0xe3, 0xdb, 0xd3, 0xf6, 0x00, 0x00, 0x00, 0x00,
  0x00, 0x00, 0x00, 0x00, 0x00, 0x00, 0x00, 0x00, 0x00, 0x00, 0x00, 0x00,
  0x00, 0x00, 0x00, 0x00, 0x00, 0x00, 0x00, 0x00, 0x00, 0x00, 0x00, 0x00,
  0x00, 0x00, 0x00, 0x00, 0x00, 0x00, 0x00, 0x00, 0x00, 0x00, 0x00, 0x00,
  0x00, 0x00, 0x00, 0x00, 0x00, 0x00, 0x00, 0x00, 0x00, 0x00, 0x00, 0x00,
  0x00, 0x00, 0x00, 0x00, 0x00, 0x00, 0x00, 0x00, 0x00, 0x00, 0x00, 0x00,
  0x00, 0x00, 0x00, 0x00, 0x00, 0x00, 0x00, 0x00, 0x00, 0x00, 0x00, 0x00,
  0x00, 0x00, 0x00, 0x00, 0x00, 0x00, 0x00, 0x00, 0x00, 0x00, 0x00, 0x00,
  0x00, 0x00, 0x00, 0x00, 0x00, 0x00, 0x00, 0x00, 0x00, 0x00, 0x00, 0x00,
  0x00, 0x00, 0x00, 0x00, 0x00, 0x00, 0x00, 0x00, 0x00, 0x00, 0x00, 0x00,
  0x00, 0x00, 0x00, 0x00, 0x00, 0x00, 0x00, 0x00, 0x00, 0x00, 0x00, 0x00,
  0x00, 0x00, 0x00, 0x00, 0x00, 0x00, 0x00, 0x00, 0x00, 0x00, 0x00, 0x00,
  0x00, 0x00, 0x00, 0x00, 0x00, 0x00, 0x00, 0x00, 0x00, 0x00, 0x00, 0x00,
  0x00, 0x00, 0x00, 0x00, 0x00, 0x00, 0x00, 0x00, 0x00, 0x00, 0x00, 0x00,
  0x00, 0x00, 0x00, 0x00, 0x00, 0x00, 0x00, 0x00, 0x00, 0x00, 0x00, 0x00,
  0x00, 0x00, 0x00, 0x00, 0x79, 0x6d, 0x65, 0xed, 0x67, 0x5b, 0x54, 0xff,
  0x67, 0x5b, 0x54, 0xff, 0x67, 0x5b, 0x54, 0xff, 0x67, 0x5b, 0x54, 0xff,
  0x7a, 0x70, 0x68, 0xff, 0xd3, 0xcd, 0xc9, 0xff, 0xdb, 0xd6, 0xd2, 0xfe,
  0xf3, 0xef, 0xeb, 0xfe, 0xf6, 0xf2, 0xee, 0xff, 0xe9, 0xe3, 0xdc, 0xff,
  0xe7, 0xe0, 0xd8, 0xff, 0xe7, 0xe0, 0xd8, 0xff, 0xe7, 0xe0, 0xd8, 0xff,
  0xe7, 0xe0, 0xd8, 0xff, 0xe1, 0xd8, 0xd1, 0xec, 0x00, 0x00, 0x00, 0x00,
  0x00, 0x00, 0x00, 0x00, 0x00, 0x00, 0x00, 0x00, 0x00, 0x00, 0x00, 0x00,
  0x00, 0x00, 0x00, 0x00, 0x00, 0x00, 0x00, 0x00, 0x00, 0x00, 0x00, 0x00,
  0x00, 0x00, 0x00, 0x00, 0x00, 0x00, 0x00, 0x00, 0x00, 0x00, 0x00, 0x00,
  0x00, 0x00, 0x00, 0x00, 0x00, 0x00, 0x00, 0x00, 0x00, 0x00, 0x00, 0x00,
  0x00, 0x00, 0x00, 0x00, 0x00, 0x00, 0x00, 0x00, 0x00, 0x00, 0x00, 0x00,
  0x00, 0x00, 0x00, 0x00, 0x00, 0x00, 0x00, 0x00, 0x00, 0x00, 0x00, 0x00,
  0x00, 0x00, 0x00, 0x00, 0x00, 0x00, 0x00, 0x00, 0x00, 0x00, 0x00, 0x00,
  0x00, 0x00, 0x00, 0x00, 0x00, 0x00, 0x00, 0x00, 0x00, 0x00, 0x00, 0x00,
  0x00, 0x00, 0x00, 0x00, 0x00, 0x00, 0x00, 0x00, 0x00, 0x00, 0x00, 0x00,
  0x00, 0x00, 0x00, 0x00, 0x00, 0x00, 0x00, 0x00, 0x00, 0x00, 0x00, 0x00,
  0x00, 0x00, 0x00, 0x00, 0x00, 0x00, 0x00, 0x00, 0x00, 0x00, 0x00, 0x00,
  0x00, 0x00, 0x00, 0x00, 0x00, 0x00, 0x00, 0x00, 0x00, 0x00, 0x00, 0x00,
  0x00, 0x00, 0x00, 0x00, 0x00, 0x00, 0x00, 0x00, 0x00, 0x00, 0x00, 0x00,
  0x00, 0x00, 0x00, 0x00, 0x00, 0x00, 0x00, 0x00, 0x00, 0x00, 0x00, 0x00,
  0x00, 0x00, 0x00, 0x00, 0x7c, 0x71, 0x6a, 0xe0, 0x67, 0x5b, 0x54, 0xff,
  0x67, 0x5b, 0x54, 0xff, 0x67, 0x5b, 0x54, 0xff, 0x67, 0x5b, 0x54, 0xff,
  0x75, 0x6a, 0x64, 0xff, 0xd3, 0xcd, 0xc9, 0xff, 0xdb, 0xd5, 0xd1, 0xfe,
  0xf4, 0xf0, 0xec, 0xfe, 0xf6, 0xf2, 0xee, 0xff, 0xe9, 0xe2, 0xdb, 0xff,
  0xe7, 0xe0, 0xd8, 0xff, 0xe7, 0xe0, 0xd8, 0xff, 0xe7, 0xe0, 0xd8, 0xff,
  0xe7, 0xe0, 0xd8, 0xff, 0xdf, 0xd7, 0xce, 0xde, 0x00, 0x00, 0x00, 0x00,
  0x00, 0x00, 0x00, 0x00, 0x00, 0x00, 0x00, 0x00, 0x00, 0x00, 0x00, 0x00,
  0x00, 0x00, 0x00, 0x00, 0x00, 0x00, 0x00, 0x00, 0x00, 0x00, 0x00, 0x00,
  0x00, 0x00, 0x00, 0x00, 0x00, 0x00, 0x00, 0x00, 0x00, 0x00, 0x00, 0x00,
  0x00, 0x00, 0x00, 0x00, 0x00, 0x00, 0x00, 0x00, 0x00, 0x00, 0x00, 0x00,
  0x00, 0x00, 0x00, 0x00, 0x00, 0x00, 0x00, 0x00, 0x00, 0x00, 0x00, 0x00,
  0x00, 0x00, 0x00, 0x00, 0x00, 0x00, 0x00, 0x00, 0x00, 0x00, 0x00, 0x00,
  0x00, 0x00, 0x00, 0x00, 0x00, 0x00, 0x00, 0x00, 0x00, 0x00, 0x00, 0x00,
  0x00, 0x00, 0x00, 0x00, 0x00, 0x00, 0x00, 0x00, 0x00, 0x00, 0x00, 0x00,
  0x00, 0x00, 0x00, 0x00, 0x00, 0x00, 0x00, 0x00, 0x00, 0x00, 0x00, 0x00,
  0x00, 0x00, 0x00, 0x00, 0x00, 0x00, 0x00, 0x00, 0x00, 0x00, 0x00, 0x00,
  0x00, 0x00, 0x00, 0x00, 0x00, 0x00, 0x00, 0x00, 0x00, 0x00, 0x00, 0x00,
  0x00, 0x00, 0x00, 0x00, 0x00, 0x00, 0x00, 0x00, 0x00, 0x00, 0x00, 0x00,
  0x00, 0x00, 0x00, 0x00, 0x00, 0x00, 0x00, 0x00, 0x00, 0x00, 0x00, 0x00,
  0x00, 0x00, 0x00, 0x00, 0x00, 0x00, 0x00, 0x00, 0x00, 0x00, 0x00, 0x00,
  0x00, 0x00, 0x00, 0x00, 0x82, 0x76, 0x6e, 0xce, 0x67, 0x5b, 0x54, 0xff,
  0x67, 0x5b, 0x54, 0xff, 0x67, 0x5b, 0x54, 0xff, 0x67, 0x5b, 0x54, 0xff,
  0x70, 0x65, 0x5e, 0xff, 0xd3, 0xcd, 0xc9, 0xff, 0xd9, 0xd3, 0xcf, 0xff,
  0xf4, 0xef, 0xeb, 0xff, 0xf6, 0xf2, 0xee, 0xff, 0xe9, 0xe2, 0xd9, 0xff,
  0xe7, 0xe0, 0xd8, 0xff, 0xe7, 0xe0, 0xd8, 0xff, 0xe7, 0xe0, 0xd8, 0xff,
  0xe7, 0xe0, 0xd8, 0xff, 0xdd, 0xd6, 0xcd, 0xcc, 0x00, 0x00, 0x00, 0x00,
  0x00, 0x00, 0x00, 0x00, 0x00, 0x00, 0x00, 0x00, 0x00, 0x00, 0x00, 0x00,
  0x00, 0x00, 0x00, 0x00, 0x00, 0x00, 0x00, 0x00, 0x00, 0x00, 0x00, 0x00,
  0x00, 0x00, 0x00, 0x00, 0x00, 0x00, 0x00, 0x00, 0x00, 0x00, 0x00, 0x00,
  0x00, 0x00, 0x00, 0x00, 0x00, 0x00, 0x00, 0x00, 0x00, 0x00, 0x00, 0x00,
  0x00, 0x00, 0x00, 0x00, 0x00, 0x00, 0x00, 0x00, 0x00, 0x00, 0x00, 0x00,
  0x00, 0x00, 0x00, 0x00, 0x00, 0x00, 0x00, 0x00, 0x00, 0x00, 0x00, 0x00,
  0x00, 0x00, 0x00, 0x00, 0x00, 0x00, 0x00, 0x00, 0x00, 0x00, 0x00, 0x00,
  0x00, 0x00, 0x00, 0x00, 0x00, 0x00, 0x00, 0x00, 0x00, 0x00, 0x00, 0x00,
  0x00, 0x00, 0x00, 0x00, 0x00, 0x00, 0x00, 0x00, 0x00, 0x00, 0x00, 0x00,
  0x00, 0x00, 0x00, 0x00, 0x00, 0x00, 0x00, 0x00, 0x00, 0x00, 0x00, 0x00,
  0x00, 0x00, 0x00, 0x00, 0x00, 0x00, 0x00, 0x00, 0x00, 0x00, 0x00, 0x00,
  0x00, 0x00, 0x00, 0x00, 0x00, 0x00, 0x00, 0x00, 0x00, 0x00, 0x00, 0x00,
  0x00, 0x00, 0x00, 0x00, 0x00, 0x00, 0x00, 0x00, 0x00, 0x00, 0x00, 0x00,
  0x00, 0x00, 0x00, 0x00, 0x00, 0x00, 0x00, 0x00, 0x00, 0x00, 0x00, 0x00,
  0x00, 0x00, 0x00, 0x00, 0x84, 0x79, 0x71, 0xb9, 0x67, 0x5b, 0x54, 0xff,
  0x67, 0x5b, 0x54, 0xff, 0x67, 0x5b, 0x54, 0xff, 0x67, 0x5b, 0x54, 0xff,
  0x6c, 0x60, 0x59, 0xff, 0xd3, 0xcd, 0xc9, 0xff, 0xd7, 0xd2, 0xce, 0xff,
  0xf4, 0xf0, 0xec, 0xff, 0xf6, 0xf2, 0xee, 0xff, 0xe8, 0xe1, 0xd9, 0xff,
  0xe7, 0xe0, 0xd8, 0xff, 0xe7, 0xe0, 0xd8, 0xff, 0xe7, 0xe0, 0xd8, 0xff,
  0xe7, 0xe0, 0xd8, 0xff, 0xdb, 0xd4, 0xca, 0xb7, 0x00, 0x00, 0x00, 0x00,
  0x00, 0x00, 0x00, 0x00, 0x00, 0x00, 0x00, 0x00, 0x00, 0x00, 0x00, 0x00,
  0x00, 0x00, 0x00, 0x00, 0x00, 0x00, 0x00, 0x00, 0x00, 0x00, 0x00, 0x00,
  0x00, 0x00, 0x00, 0x00, 0x00, 0x00, 0x00, 0x00, 0x00, 0x00, 0x00, 0x00,
  0x00, 0x00, 0x00, 0x00, 0x00, 0x00, 0x00, 0x00, 0x00, 0x00, 0x00, 0x00,
  0x00, 0x00, 0x00, 0x00, 0x00, 0x00, 0x00, 0x00, 0x00, 0x00, 0x00, 0x00,
  0x00, 0x00, 0x00, 0x00, 0x00, 0x00, 0x00, 0x00, 0x00, 0x00, 0x00, 0x00,
  0x00, 0x00, 0x00, 0x00, 0x00, 0x00, 0x00, 0x00, 0x00, 0x00, 0x00, 0x00,
  0x00, 0x00, 0x00, 0x00, 0x00, 0x00, 0x00, 0x00, 0x00, 0x00, 0x00, 0x00,
  0x00, 0x00, 0x00, 0x00, 0x00, 0x00, 0x00, 0x00, 0x00, 0x00, 0x00, 0x00,
  0x00, 0x00, 0x00, 0x00, 0x00, 0x00, 0x00, 0x00, 0x00, 0x00, 0x00, 0x00,
  0x00, 0x00, 0x00, 0x00, 0x00, 0x00, 0x00, 0x00, 0x00, 0x00, 0x00, 0x00,
  0x00, 0x00, 0x00, 0x00, 0x00, 0x00, 0x00, 0x00, 0x00, 0x00, 0x00, 0x00,
  0x00, 0x00, 0x00, 0x00, 0x00, 0x00, 0x00, 0x00, 0x00, 0x00, 0x00, 0x00,
  0x00, 0x00, 0x00, 0x00, 0x00, 0x00, 0x00, 0x00, 0x00, 0x00, 0x00, 0x00,
  0x00, 0x00, 0x00, 0x00, 0x87, 0x7c, 0x74, 0xa0, 0x67, 0x5b, 0x54, 0xff,
  0x67, 0x5b, 0x54, 0xff, 0x67, 0x5b, 0x54, 0xff, 0x67, 0x5b, 0x54, 0xff,
  0x68, 0x5c, 0x55, 0xff, 0xd2, 0xcd, 0xc9, 0xff, 0xd6, 0xd1, 0xcd, 0xff,
  0xf5, 0xf0, 0xec, 0xff, 0xf6, 0xf2, 0xee, 0xff, 0xe7, 0xe0, 0xd8, 0xff,
  0xe7, 0xe0, 0xd8, 0xff, 0xe7, 0xe0, 0xd8, 0xff, 0xe7, 0xe0, 0xd8, 0xff,
  0xe7, 0xe0, 0xd8, 0xff, 0xda, 0xd2, 0xcb, 0x9d, 0x00, 0x00, 0x00, 0x00,
  0x00, 0x00, 0x00, 0x00, 0x00, 0x00, 0x00, 0x00, 0x00, 0x00, 0x00, 0x00,
  0x00, 0x00, 0x00, 0x00, 0x00, 0x00, 0x00, 0x00, 0x00, 0x00, 0x00, 0x00,
  0x00, 0x00, 0x00, 0x00, 0x00, 0x00, 0x00, 0x00, 0x00, 0x00, 0x00, 0x00,
  0x00, 0x00, 0x00, 0x00, 0x00, 0x00, 0x00, 0x00, 0x00, 0x00, 0x00, 0x00,
  0x00, 0x00, 0x00, 0x00, 0x00, 0x00, 0x00, 0x00, 0x00, 0x00, 0x00, 0x00,
  0x00, 0x00, 0x00, 0x00, 0x00, 0x00, 0x00, 0x00, 0x00, 0x00, 0x00, 0x00,
  0x00, 0x00, 0x00, 0x00, 0x00, 0x00, 0x00, 0x00, 0x00, 0x00, 0x00, 0x00,
  0x00, 0x00, 0x00, 0x00, 0x00, 0x00, 0x00, 0x00, 0x00, 0x00, 0x00, 0x00,
  0x00, 0x00, 0x00, 0x00, 0x00, 0x00, 0x00, 0x00, 0x00, 0x00, 0x00, 0x00,
  0x00, 0x00, 0x00, 0x00, 0x00, 0x00, 0x00, 0x00, 0x00, 0x00, 0x00, 0x00,
  0x00, 0x00, 0x00, 0x00, 0x00, 0x00, 0x00, 0x00, 0x00, 0x00, 0x00, 0x00,
  0x00, 0x00, 0x00, 0x00, 0x00, 0x00, 0x00, 0x00, 0x00, 0x00, 0x00, 0x00,
  0x00, 0x00, 0x00, 0x00, 0x00, 0x00, 0x00, 0x00, 0x00, 0x00, 0x00, 0x00,
  0x00, 0x00, 0x00, 0x00, 0x00, 0x00, 0x00, 0x00, 0x00, 0x00, 0x00, 0x00,
  0x00, 0x00, 0x00, 0x00, 0x8a, 0x7f, 0x79, 0x83, 0x67, 0x5b, 0x54, 0xff,
  0x67, 0x5b, 0x54, 0xff, 0x67, 0x5b, 0x54, 0xff, 0x67, 0x5b, 0x54, 0xff,
  0x67, 0x5b, 0x54, 0xff, 0xcf, 0xc9, 0xc5, 0xff, 0xd5, 0xd0, 0xcc, 0xff,
  0xf5, 0xf1, 0xed, 0xff, 0xf6, 0xf2, 0xed, 0xff, 0xe7, 0xe0, 0xd8, 0xff,
  0xe7, 0xe0, 0xd8, 0xff, 0xe7, 0xe0, 0xd8, 0xff, 0xe7, 0xe0, 0xd8, 0xff,
  0xe7, 0xe0, 0xd8, 0xff, 0xd9, 0xd2, 0xca, 0x81, 0x00, 0x00, 0x00, 0x00,
  0x00, 0x00, 0x00, 0x00, 0x00, 0x00, 0x00, 0x00, 0x00, 0x00, 0x00, 0x00,
  0x00, 0x00, 0x00, 0x00, 0x00, 0x00, 0x00, 0x00, 0x00, 0x00, 0x00, 0x00,
  0x00, 0x00, 0x00, 0x00, 0x00, 0x00, 0x00, 0x00, 0x00, 0x00, 0x00, 0x00,
  0x00, 0x00, 0x00, 0x00, 0x00, 0x00, 0x00, 0x00, 0x00, 0x00, 0x00, 0x00,
  0x00, 0x00, 0x00, 0x00, 0x00, 0x00, 0x00, 0x00, 0x00, 0x00, 0x00, 0x00,
  0x00, 0x00, 0x00, 0x00, 0x00, 0x00, 0x00, 0x00, 0x00, 0x00, 0x00, 0x00,
  0x00, 0x00, 0x00, 0x00, 0x00, 0x00, 0x00, 0x00, 0x00, 0x00, 0x00, 0x00,
  0x00, 0x00, 0x00, 0x00, 0x00, 0x00, 0x00, 0x00, 0x00, 0x00, 0x00, 0x00,
  0x00, 0x00, 0x00, 0x00, 0x00, 0x00, 0x00, 0x00, 0x00, 0x00, 0x00, 0x00,
  0x00, 0x00, 0x00, 0x00, 0x00, 0x00, 0x00, 0x00, 0x00, 0x00, 0x00, 0x00,
  0x00, 0x00, 0x00, 0x00, 0x00, 0x00, 0x00, 0x00, 0x00, 0x00, 0x00, 0x00,
  0x00, 0x00, 0x00, 0x00, 0x00, 0x00, 0x00, 0x00, 0x00, 0x00, 0x00, 0x00,
  0x00, 0x00, 0x00, 0x00, 0x00, 0x00, 0x00, 0x00, 0x00, 0x00, 0x00, 0x00,
  0x00, 0x00, 0x00, 0x00, 0x00, 0x00, 0x00, 0x00, 0x00, 0x00, 0x00, 0x00,
  0x00, 0x00, 0x00, 0x00, 0x8b, 0x81, 0x79, 0x63, 0x67, 0x5b, 0x54, 0xff,
  0x67, 0x5b, 0x54, 0xff, 0x67, 0x5b, 0x54, 0xff, 0x67, 0x5b, 0x54, 0xff,
  0x67, 0x5b, 0x54, 0xff, 0xca, 0xc4, 0xc0, 0xff, 0xd4, 0xcf, 0xcb, 0xff,
  0xf5, 0xf2, 0xed, 0xff, 0xf5, 0xf1, 0xec, 0xff, 0xe7, 0xe0, 0xd8, 0xff,
  0xe7, 0xe0, 0xd8, 0xff, 0xe7, 0xe0, 0xd8, 0xff, 0xe7, 0xe0, 0xd8, 0xff,
  0xe7, 0xe0, 0xd8, 0xff, 0xd5, 0xd0, 0xc5, 0x61, 0x00, 0x00, 0x00, 0x00,
  0x00, 0x00, 0x00, 0x00, 0x00, 0x00, 0x00, 0x00, 0x00, 0x00, 0x00, 0x00,
  0x00, 0x00, 0x00, 0x00, 0x00, 0x00, 0x00, 0x00, 0x00, 0x00, 0x00, 0x00,
  0x00, 0x00, 0x00, 0x00, 0x00, 0x00, 0x00, 0x00, 0x00, 0x00, 0x00, 0x00,
  0x00, 0x00, 0x00, 0x00, 0x00, 0x00, 0x00, 0x00, 0x00, 0x00, 0x00, 0x00,
  0x00, 0x00, 0x00, 0x00, 0x00, 0x00, 0x00, 0x00, 0x00, 0x00, 0x00, 0x00,
  0x00, 0x00, 0x00, 0x00, 0x00, 0x00, 0x00, 0x00, 0x00, 0x00, 0x00, 0x00,
  0x00, 0x00, 0x00, 0x00, 0x00, 0x00, 0x00, 0x00, 0x00, 0x00, 0x00, 0x00,
  0x00, 0x00, 0x00, 0x00, 0x00, 0x00, 0x00, 0x00, 0x00, 0x00, 0x00, 0x00,
  0x00, 0x00, 0x00, 0x00, 0x00, 0x00, 0x00, 0x00, 0x00, 0x00, 0x00, 0x00,
  0x00, 0x00, 0x00, 0x00, 0x00, 0x00, 0x00, 0x00, 0x00, 0x00, 0x00, 0x00,
  0x00, 0x00, 0x00, 0x00, 0x00, 0x00, 0x00, 0x00, 0x00, 0x00, 0x00, 0x00,
  0x00, 0x00, 0x00, 0x00, 0x00, 0x00, 0x00, 0x00, 0x00, 0x00, 0x00, 0x00,
  0x00, 0x00, 0x00, 0x00, 0x00, 0x00, 0x00, 0x00, 0x00, 0x00, 0x00, 0x00,
  0x00, 0x00, 0x00, 0x00, 0x00, 0x00, 0x00, 0x00, 0x00, 0x00, 0x00, 0x00,
  0x00, 0x00, 0x00, 0x00, 0x90, 0x84, 0x7b, 0x3e, 0x67, 0x5b, 0x54, 0xff,
  0x67, 0x5b, 0x54, 0xff, 0x67, 0x5b, 0x54, 0xff, 0x67, 0x5b, 0x54, 0xff,
  0x67, 0x5b, 0x54, 0xff, 0xbf, 0xb8, 0xb3, 0xff, 0xd4, 0xce, 0xca, 0xff,
  0xf6, 0xf2, 0xee, 0xff, 0xf4, 0xef, 0xea, 0xff, 0xe7, 0xe0, 0xd8, 0xff,
  0xe7, 0xe0, 0xd8, 0xff, 0xe7, 0xe0, 0xd8, 0xff, 0xe7, 0xe0, 0xd8, 0xff,
  0xe7, 0xe0, 0xd8, 0xff, 0xd4, 0xcf, 0xc7, 0x3b, 0x00, 0x00, 0x00, 0x00,
  0x00, 0x00, 0x00, 0x00, 0x00, 0x00, 0x00, 0x00, 0x00, 0x00, 0x00, 0x00,
  0x00, 0x00, 0x00, 0x00, 0x00, 0x00, 0x00, 0x00, 0x00, 0x00, 0x00, 0x00,
  0x00, 0x00, 0x00, 0x00, 0x00, 0x00, 0x00, 0x00, 0x00, 0x00, 0x00, 0x00,
  0x00, 0x00, 0x00, 0x00, 0x00, 0x00, 0x00, 0x00, 0x00, 0x00, 0x00, 0x00,
  0x00, 0x00, 0x00, 0x00, 0x00, 0x00, 0x00, 0x00, 0x00, 0x00, 0x00, 0x00,
  0x00, 0x00, 0x00, 0x00, 0x00, 0x00, 0x00, 0x00, 0x00, 0x00, 0x00, 0x00,
  0x00, 0x00, 0x00, 0x00, 0x00, 0x00, 0x00, 0x00, 0x00, 0x00, 0x00, 0x00,
  0x00, 0x00, 0x00, 0x00, 0x00, 0x00, 0x00, 0x00, 0x00, 0x00, 0x00, 0x00,
  0x00, 0x00, 0x00, 0x00, 0x00, 0x00, 0x00, 0x00, 0x00, 0x00, 0x00, 0x00,
  0x00, 0x00, 0x00, 0x00, 0x00, 0x00, 0x00, 0x00, 0x00, 0x00, 0x00, 0x00,
  0x00, 0x00, 0x00, 0x00, 0x00, 0x00, 0x00, 0x00, 0x00, 0x00, 0x00, 0x00,
  0x00, 0x00, 0x00, 0x00, 0x00, 0x00, 0x00, 0x00, 0x00, 0x00, 0x00, 0x00,
  0x00, 0x00, 0x00, 0x00, 0x00, 0x00, 0x00, 0x00, 0x00, 0x00, 0x00, 0x00,
  0x00, 0x00, 0x00, 0x00, 0x00, 0x00, 0x00, 0x00, 0x00, 0x00, 0x00, 0x00,
  0x00, 0x00, 0x00, 0x00, 0x8b, 0x8b, 0x74, 0x16, 0x67, 0x5b, 0x54, 0xff,
  0x67, 0x5b, 0x54, 0xff, 0x67, 0x5b, 0x54, 0xff, 0x67, 0x5b, 0x54, 0xff,
  0x67, 0x5b, 0x54, 0xff, 0xab, 0xa4, 0x9f, 0xff, 0xd3, 0xcd, 0xc9, 0xff,
  0xf6, 0xf2, 0xee, 0xff, 0xf1, 0xeb, 0xe6, 0xff, 0xe7, 0xe0, 0xd8, 0xff,
  0xe7, 0xe0, 0xd8, 0xff, 0xe7, 0xe0, 0xd8, 0xff, 0xe7, 0xe0, 0xd8, 0xff,
  0xe7, 0xe0, 0xd8, 0xff, 0xce, 0xce, 0xc2, 0x15, 0x00, 0x00, 0x00, 0x00,
  0x00, 0x00, 0x00, 0x00, 0x00, 0x00, 0x00, 0x00, 0x00, 0x00, 0x00, 0x00,
  0x00, 0x00, 0x00, 0x00, 0x00, 0x00, 0x00, 0x00, 0x00, 0x00, 0x00, 0x00,
  0x00, 0x00, 0x00, 0x00, 0x00, 0x00, 0x00, 0x00, 0x00, 0x00, 0x00, 0x00,
  0x00, 0x00, 0x00, 0x00, 0x00, 0x00, 0x00, 0x00, 0x00, 0x00, 0x00, 0x00,
  0x00, 0x00, 0x00, 0x00, 0x00, 0x00, 0x00, 0x00, 0x00, 0x00, 0x00, 0x00,
  0x00, 0x00, 0x00, 0x00, 0x00, 0x00, 0x00, 0x00, 0x00, 0x00, 0x00, 0x00,
  0x00, 0x00, 0x00, 0x00, 0x00, 0x00, 0x00, 0x00, 0x00, 0x00, 0x00, 0x00,
  0x00, 0x00, 0x00, 0x00, 0x00, 0x00, 0x00, 0x00, 0x00, 0x00, 0x00, 0x00,
  0x00, 0x00, 0x00, 0x00, 0x00, 0x00, 0x00, 0x00, 0x00, 0x00, 0x00, 0x00,
  0x00, 0x00, 0x00, 0x00, 0x00, 0x00, 0x00, 0x00, 0x00, 0x00, 0x00, 0x00,
  0x00, 0x00, 0x00, 0x00, 0x00, 0x00, 0x00, 0x00, 0x00, 0x00, 0x00, 0x00,
  0x00, 0x00, 0x00, 0x00, 0x00, 0x00, 0x00, 0x00, 0x00, 0x00, 0x00, 0x00,
  0x00, 0x00, 0x00, 0x00, 0x00, 0x00, 0x00, 0x00, 0x00, 0x00, 0x00, 0x00,
  0x00, 0x00, 0x00, 0x00, 0x00, 0x00, 0x00, 0x00, 0x00, 0x00, 0x00, 0x00,
  0x00, 0x00, 0x00, 0x00, 0x00, 0x00, 0x00, 0x00, 0x76, 0x69, 0x62, 0xf3,
  0x67, 0x5b, 0x54, 0xff, 0x67, 0x5b, 0x54, 0xff, 0x67, 0x5b, 0x54, 0xff,
  0x67, 0x5b, 0x54, 0xff, 0x9a, 0x91, 0x8b, 0xff, 0xd3, 0xcd, 0xc9, 0xff,
  0xf6, 0xf2, 0xee, 0xff, 0xee, 0xe8, 0xe2, 0xff, 0xe7, 0xe0, 0xd8, 0xff,
  0xe7, 0xe0, 0xd8, 0xff, 0xe7, 0xe0, 0xd8, 0xff, 0xe7, 0xe0, 0xd8, 0xff,
  0xe1, 0xd9, 0xd2, 0xf2, 0x00, 0x00, 0x00, 0x00, 0x00, 0x00, 0x00, 0x00,
  0x00, 0x00, 0x00, 0x00, 0x00, 0x00, 0x00, 0x00, 0x00, 0x00, 0x00, 0x00,
  0x00, 0x00, 0x00, 0x00, 0x00, 0x00, 0x00, 0x00, 0x00, 0x00, 0x00, 0x00,
  0x00, 0x00, 0x00, 0x00, 0x00, 0x00, 0x00, 0x00, 0x00, 0x00, 0x00, 0x00,
  0x00, 0x00, 0x00, 0x00, 0x00, 0x00, 0x00, 0x00, 0x00, 0x00, 0x00, 0x00,
  0x00, 0x00, 0x00, 0x00, 0x00, 0x00, 0x00, 0x00, 0x00, 0x00, 0x00, 0x00,
  0x00, 0x00, 0x00, 0x00, 0x00, 0x00, 0x00, 0x00, 0x00, 0x00, 0x00, 0x00,
  0x00, 0x00, 0x00, 0x00, 0x00, 0x00, 0x00, 0x00, 0x00, 0x00, 0x00, 0x00,
  0x00, 0x00, 0x00, 0x00, 0x00, 0x00, 0x00, 0x00, 0x00, 0x00, 0x00, 0x00,
  0x00, 0x00, 0x00, 0x00, 0x00, 0x00, 0x00, 0x00, 0x00, 0x00, 0x00, 0x00,
  0x00, 0x00, 0x00, 0x00, 0x00, 0x00, 0x00, 0x00, 0x00, 0x00, 0x00, 0x00,
  0x00, 0x00, 0x00, 0x00, 0x00, 0x00, 0x00, 0x00, 0x00, 0x00, 0x00, 0x00,
  0x00, 0x00, 0x00, 0x00, 0x00, 0x00, 0x00, 0x00, 0x00, 0x00, 0x00, 0x00,
  0x00, 0x00, 0x00, 0x00, 0x00, 0x00, 0x00, 0x00, 0x00, 0x00, 0x00, 0x00,
  0x00, 0x00, 0x00, 0x00, 0x00, 0x00, 0x00, 0x00, 0x00, 0x00, 0x00, 0x00,
  0x00, 0x00, 0x00, 0x00, 0x00, 0x00, 0x00, 0x00, 0x86, 0x7b, 0x73, 0xa6,
  0x67, 0x5b, 0x54, 0xff, 0x67, 0x5b, 0x54, 0xff, 0x67, 0x5b, 0x54, 0xff,
  0x67, 0x5b, 0x54, 0xff, 0x87, 0x7d, 0x77, 0xff, 0xd3, 0xcd, 0xc9, 0xff,
  0xf6, 0xf2, 0xee, 0xff, 0xec, 0xe6, 0xde, 0xff, 0xe7, 0xe0, 0xd8, 0xff,
  0xe7, 0xe0, 0xd8, 0xff, 0xe7, 0xe0, 0xd8, 0xff, 0xe7, 0xe0, 0xd8, 0xff,
  0xd9, 0xd3, 0xca, 0xa3, 0x00, 0x00, 0x00, 0x00, 0x00, 0x00, 0x00, 0x00,
  0x00, 0x00, 0x00, 0x00, 0x00, 0x00, 0x00, 0x00, 0x00, 0x00, 0x00, 0x00,
  0x00, 0x00, 0x00, 0x00, 0x00, 0x00, 0x00, 0x00, 0x00, 0x00, 0x00, 0x00,
  0x00, 0x00, 0x00, 0x00, 0x00, 0x00, 0x00, 0x00, 0x00, 0x00, 0x00, 0x00,
  0x00, 0x00, 0x00, 0x00, 0x00, 0x00, 0x00, 0x00, 0x00, 0x00, 0x00, 0x00,
  0x00, 0x00, 0x00, 0x00, 0x00, 0x00, 0x00, 0x00, 0x00, 0x00, 0x00, 0x00,
  0x00, 0x00, 0x00, 0x00, 0x00, 0x00, 0x00, 0x00, 0x00, 0x00, 0x00, 0x00,
  0x00, 0x00, 0x00, 0x00, 0x00, 0x00, 0x00, 0x00, 0x00, 0x00, 0x00, 0x00,
  0x00, 0x00, 0x00, 0x00, 0x00, 0x00, 0x00, 0x00, 0x00, 0x00, 0x00, 0x00,
  0x00, 0x00, 0x00, 0x00, 0x00, 0x00, 0x00, 0x00, 0x00, 0x00, 0x00, 0x00,
  0x00, 0x00, 0x00, 0x00, 0x00, 0x00, 0x00, 0x00, 0x00, 0x00, 0x00, 0x00,
  0x00, 0x00, 0x00, 0x00, 0x00, 0x00, 0x00, 0x00, 0x00, 0x00, 0x00, 0x00,
  0x00, 0x00, 0x00, 0x00, 0x00, 0x00, 0x00, 0x00, 0x00, 0x00, 0x00, 0x00,
  0x00, 0x00, 0x00, 0x00, 0x00, 0x00, 0x00, 0x00, 0x00, 0x00, 0x00, 0x00,
  0x00, 0x00, 0x00, 0x00, 0x00, 0x00, 0x00, 0x00, 0x00, 0x00, 0x00, 0x00,
  0x00, 0x00, 0x00, 0x00, 0x00, 0x00, 0x00, 0x00, 0x92, 0x89, 0x80, 0x1c,
  0x6a, 0x5f, 0x57, 0xfe, 0x67, 0x5b, 0x54, 0xff, 0x67, 0x5b, 0x54, 0xff,
  0x67, 0x5b, 0x54, 0xff, 0x75, 0x6a, 0x62, 0xff, 0xd3, 0xcd, 0xc9, 0xff,
  0xf6, 0xf2, 0xee, 0xff, 0xe9, 0xe3, 0xdb, 0xff, 0xe7, 0xe0, 0xd8, 0xff,
  0xe7, 0xe0, 0xd8, 0xff, 0xe7, 0xe0, 0xd8, 0xff, 0xe5, 0xde, 0xd7, 0xfe,
  0xd7, 0xc7, 0xbf, 0x20, 0x00, 0x00, 0x00, 0x00, 0x00, 0x00, 0x00, 0x00,
  0x00, 0x00, 0x00, 0x00, 0x00, 0x00, 0x00, 0x00, 0x00, 0x00, 0x00, 0x00,
  0x00, 0x00, 0x00, 0x00, 0x00, 0x00, 0x00, 0x00, 0x00, 0x00, 0x00, 0x00,
  0x00, 0x00, 0x00, 0x00, 0x00, 0x00, 0x00, 0x00, 0x00, 0x00, 0x00, 0x00,
  0x00, 0x00, 0x00, 0x00, 0x00, 0x00, 0x00, 0x00, 0x00, 0x00, 0x00, 0x00,
  0x00, 0x00, 0x00, 0x00, 0x00, 0x00, 0x00, 0x00, 0x00, 0x00, 0x00, 0x00,
  0x00, 0x00, 0x00, 0x00, 0x00, 0x00, 0x00, 0x00, 0x00, 0x00, 0x00, 0x00,
  0x00, 0x00, 0x00, 0x00, 0x00, 0x00, 0x00, 0x00, 0x00, 0x00, 0x00, 0x00,
  0x00, 0x00, 0x00, 0x00, 0x00, 0x00, 0x00, 0x00, 0x00, 0x00, 0x00, 0x00,
  0x00, 0x00, 0x00, 0x00, 0x00, 0x00, 0x00, 0x00, 0x00, 0x00, 0x00, 0x00,
  0x00, 0x00, 0x00, 0x00, 0x00, 0x00, 0x00, 0x00, 0x00, 0x00, 0x00, 0x00,
  0x00, 0x00, 0x00, 0x00, 0x00, 0x00, 0x00, 0x00, 0x00, 0x00, 0x00, 0x00,
  0x00, 0x00, 0x00, 0x00, 0x00, 0x00, 0x00, 0x00, 0x00, 0x00, 0x00, 0x00,
  0x00, 0x00, 0x00, 0x00, 0x00, 0x00, 0x00, 0x00, 0x00, 0x00, 0x00, 0x00,
  0x00, 0x00, 0x00, 0x00, 0x00, 0x00, 0x00, 0x00, 0x00, 0x00, 0x00, 0x00,
  0x00, 0x00, 0x00, 0x00, 0x00, 0x00, 0x00, 0x00, 0x00, 0x00, 0x00, 0x00,
  0x7e, 0x73, 0x6a, 0xda, 0x67, 0x5b, 0x54, 0xff, 0x67, 0x5b, 0x54, 0xff,
  0x67, 0x5b, 0x54, 0xff, 0x68, 0x5c, 0x55, 0xff, 0xcd, 0xc7, 0xc3, 0xff,
  0xf5, 0xf1, 0xed, 0xff, 0xe7, 0xe0, 0xd8, 0xff, 0xe7, 0xe0, 0xd8, 0xff,
  0xe7, 0xe0, 0xd8, 0xff, 0xe7, 0xe0, 0xd8, 0xff, 0xde, 0xd6, 0xcf, 0xd8,
  0x00, 0x00, 0x00, 0x00, 0x00, 0x00, 0x00, 0x00, 0x00, 0x00, 0x00, 0x00,
  0x00, 0x00, 0x00, 0x00, 0x00, 0x00, 0x00, 0x00, 0x00, 0x00, 0x00, 0x00,
  0x00, 0x00, 0x00, 0x00, 0x00, 0x00, 0x00, 0x00, 0x00, 0x00, 0x00, 0x00,
  0x00, 0x00, 0x00, 0x00, 0x00, 0x00, 0x00, 0x00, 0x00, 0x00, 0x00, 0x00,
  0x00, 0x00, 0x00, 0x00, 0x00, 0x00, 0x00, 0x00, 0x00, 0x00, 0x00, 0x00,
  0x00, 0x00, 0x00, 0x00, 0x00, 0x00, 0x00, 0x00, 0x00, 0x00, 0x00, 0x00,
  0x00, 0x00, 0x00, 0x00, 0x00, 0x00, 0x00, 0x00, 0x00, 0x00, 0x00, 0x00,
  0x00, 0x00, 0x00, 0x00, 0x00, 0x00, 0x00, 0x00, 0x00, 0x00, 0x00, 0x00,
  0x00, 0x00, 0x00, 0x00, 0x00, 0x00, 0x00, 0x00, 0x00, 0x00, 0x00, 0x00,
  0x00, 0x00, 0x00, 0x00, 0x00, 0x00, 0x00, 0x00, 0x00, 0x00, 0x00, 0x00,
  0x00, 0x00, 0x00, 0x00, 0x00, 0x00, 0x00, 0x00, 0x00, 0x00, 0x00, 0x00,
  0x00, 0x00, 0x00, 0x00, 0x00, 0x00, 0x00, 0x00, 0x00, 0x00, 0x00, 0x00,
  0x00, 0x00, 0x00, 0x00, 0x00, 0x00, 0x00, 0x00, 0x00, 0x00, 0x00, 0x00,
  0x00, 0x00, 0x00, 0x00, 0x00, 0x00, 0x00, 0x00, 0x00, 0x00, 0x00, 0x00,
  0x00, 0x00, 0x00, 0x00, 0x00, 0x00, 0x00, 0x00, 0x00, 0x00, 0x00, 0x00,
  0x00, 0x00, 0x00, 0x00, 0x00, 0x00, 0x00, 0x00, 0x00, 0x00, 0x00, 0x00,
  0x8c, 0x81, 0x7a, 0x6d, 0x67, 0x5b, 0x54, 0xff, 0x67, 0x5b, 0x54, 0xff,
  0x67, 0x5b, 0x54, 0xff, 0x67, 0x5b, 0x54, 0xff, 0xba, 0xb4, 0xaf, 0xff,
  0xf3, 0xee, 0xea, 0xff, 0xe7, 0xe0, 0xd8, 0xff, 0xe7, 0xe0, 0xd8, 0xff,
  0xe7, 0xe0, 0xd8, 0xff, 0xe7, 0xe0, 0xd8, 0xff, 0xd6, 0xcf, 0xc6, 0x6b,
  0x00, 0x00, 0x00, 0x00, 0x00, 0x00, 0x00, 0x00, 0x00, 0x00, 0x00, 0x00,
  0x00, 0x00, 0x00, 0x00, 0x00, 0x00, 0x00, 0x00, 0x00, 0x00, 0x00, 0x00,
  0x00, 0x00, 0x00, 0x00, 0x00, 0x00, 0x00, 0x00, 0x00, 0x00, 0x00, 0x00,
  0x00, 0x00, 0x00, 0x00, 0x00, 0x00, 0x00, 0x00, 0x00, 0x00, 0x00, 0x00,
  0x00, 0x00, 0x00, 0x00, 0x00, 0x00, 0x00, 0x00, 0x00, 0x00, 0x00, 0x00,
  0x00, 0x00, 0x00, 0x00, 0x00, 0x00, 0x00, 0x00, 0x00, 0x00, 0x00, 0x00,
  0x00, 0x00, 0x00, 0x00, 0x00, 0x00, 0x00, 0x00, 0x00, 0x00, 0x00, 0x00,
  0x00, 0x00, 0x00, 0x00, 0x00, 0x00, 0x00, 0x00, 0x00, 0x00, 0x00, 0x00,
  0x00, 0x00, 0x00, 0x00, 0x00, 0x00, 0x00, 0x00, 0x00, 0x00, 0x00, 0x00,
  0x00, 0x00, 0x00, 0x00, 0x00, 0x00, 0x00, 0x00, 0x00, 0x00, 0x00, 0x00,
  0x00, 0x00, 0x00, 0x00, 0x00, 0x00, 0x00, 0x00, 0x00, 0x00, 0x00, 0x00,
  0x00, 0x00, 0x00, 0x00, 0x00, 0x00, 0x00, 0x00, 0x00, 0x00, 0x00, 0x00,
  0x00, 0x00, 0x00, 0x00, 0x00, 0x00, 0x00, 0x00, 0x00, 0x00, 0x00, 0x00,
  0x00, 0x00, 0x00, 0x00, 0x00, 0x00, 0x00, 0x00, 0x00, 0x00, 0x00, 0x00,
  0x00, 0x00, 0x00, 0x00, 0x00, 0x00, 0x00, 0x00, 0x00, 0x00, 0x00, 0x00,
  0x00, 0x00, 0x00, 0x00, 0x00, 0x00, 0x00, 0x00, 0x00, 0x00, 0x00, 0x00,
  0x80, 0x80, 0x80, 0x02, 0x72, 0x67, 0x5f, 0xf8, 0x67, 0x5b, 0x54, 0xff,
  0x67, 0x5b, 0x54, 0xff, 0x67, 0x5b, 0x54, 0xff, 0xa8, 0xa0, 0x9a, 0xff,
  0xf0, 0xeb, 0xe6, 0xff, 0xe7, 0xe0, 0xd8, 0xff, 0xe7, 0xe0, 0xd8, 0xff,
  0xe7, 0xe0, 0xd8, 0xff, 0xe3, 0xdc, 0xd4, 0xf8, 0xff, 0xff, 0xff, 0x02,
  0x00, 0x00, 0x00, 0x00, 0x00, 0x00, 0x00, 0x00, 0x00, 0x00, 0x00, 0x00,
  0x00, 0x00, 0x00, 0x00, 0x00, 0x00, 0x00, 0x00, 0x00, 0x00, 0x00, 0x00,
  0x00, 0x00, 0x00, 0x00, 0x00, 0x00, 0x00, 0x00, 0x00, 0x00, 0x00, 0x00,
  0x00, 0x00, 0x00, 0x00, 0x00, 0x00, 0x00, 0x00, 0x00, 0x00, 0x00, 0x00,
  0x00, 0x00, 0x00, 0x00, 0x00, 0x00, 0x00, 0x00, 0x00, 0x00, 0x00, 0x00,
  0x00, 0x00, 0x00, 0x00, 0x00, 0x00, 0x00, 0x00, 0x00, 0x00, 0x00, 0x00,
  0x00, 0x00, 0x00, 0x00, 0x00, 0x00, 0x00, 0x00, 0x00, 0x00, 0x00, 0x00,
  0x00, 0x00, 0x00, 0x00, 0x00, 0x00, 0x00, 0x00, 0x00, 0x00, 0x00, 0x00,
  0x00, 0x00, 0x00, 0x00, 0x00, 0x00, 0x00, 0x00, 0x00, 0x00, 0x00, 0x00,
  0x00, 0x00, 0x00, 0x00, 0x00, 0x00, 0x00, 0x00, 0x00, 0x00, 0x00, 0x00,
  0x00, 0x00, 0x00, 0x00, 0x00, 0x00, 0x00, 0x00, 0x00, 0x00, 0x00, 0x00,
  0x00, 0x00, 0x00, 0x00, 0x00, 0x00, 0x00, 0x00, 0x00, 0x00, 0x00, 0x00,
  0x00, 0x00, 0x00, 0x00, 0x00, 0x00, 0x00, 0x00, 0x00, 0x00, 0x00, 0x00,
  0x00, 0x00, 0x00, 0x00, 0x00, 0x00, 0x00, 0x00, 0x00, 0x00, 0x00, 0x00,
  0x00, 0x00, 0x00, 0x00, 0x00, 0x00, 0x00, 0x00, 0x00, 0x00, 0x00, 0x00,
  0x00, 0x00, 0x00, 0x00, 0x00, 0x00, 0x00, 0x00, 0x00, 0x00, 0x00, 0x00,
  0x00, 0x00, 0x00, 0x00, 0x86, 0x79, 0x72, 0xb5, 0x67, 0x5b, 0x54, 0xff,
  0x67, 0x5b, 0x54, 0xff, 0x67, 0x5b, 0x54, 0xff, 0x96, 0x8c, 0x87, 0xff,
  0xee, 0xe9, 0xe2, 0xff, 0xe7, 0xe0, 0xd8, 0xff, 0xe7, 0xe0, 0xd8, 0xff,
  0xe7, 0xe0, 0xd8, 0xff, 0xdb, 0xd1, 0xca, 0xb3, 0x00, 0x00, 0x00, 0x00,
  0x00, 0x00, 0x00, 0x00, 0x00, 0x00, 0x00, 0x00, 0x00, 0x00, 0x00, 0x00,
  0x00, 0x00, 0x00, 0x00, 0x00, 0x00, 0x00, 0x00, 0x00, 0x00, 0x00, 0x00,
  0x00, 0x00, 0x00, 0x00, 0x00, 0x00, 0x00, 0x00, 0x00, 0x00, 0x00, 0x00,
  0x00, 0x00, 0x00, 0x00, 0x00, 0x00, 0x00, 0x00, 0x00, 0x00, 0x00, 0x00,
  0x00, 0x00, 0x00, 0x00, 0x00, 0x00, 0x00, 0x00, 0x00, 0x00, 0x00, 0x00,
  0x00, 0x00, 0x00, 0x00, 0x00, 0x00, 0x00, 0x00, 0x00, 0x00, 0x00, 0x00,
  0x00, 0x00, 0x00, 0x00, 0x00, 0x00, 0x00, 0x00, 0x00, 0x00, 0x00, 0x00,
  0x00, 0x00, 0x00, 0x00, 0x00, 0x00, 0x00, 0x00, 0x00, 0x00, 0x00, 0x00,
  0x00, 0x00, 0x00, 0x00, 0x00, 0x00, 0x00, 0x00, 0x00, 0x00, 0x00, 0x00,
  0x00, 0x00, 0x00, 0x00, 0x00, 0x00, 0x00, 0x00, 0x00, 0x00, 0x00, 0x00,
  0x00, 0x00, 0x00, 0x00, 0x00, 0x00, 0x00, 0x00, 0x00, 0x00, 0x00, 0x00,
  0x00, 0x00, 0x00, 0x00, 0x00, 0x00, 0x00, 0x00, 0x00, 0x00, 0x00, 0x00,
  0x00, 0x00, 0x00, 0x00, 0x00, 0x00, 0x00, 0x00, 0x00, 0x00, 0x00, 0x00,
  0x00, 0x00, 0x00, 0x00, 0x00, 0x00, 0x00, 0x00, 0x00, 0x00, 0x00, 0x00,
  0x00, 0x00, 0x00, 0x00, 0x00, 0x00, 0x00, 0x00, 0x00, 0x00, 0x00, 0x00,
  0x00, 0x00, 0x00, 0x00, 0x00, 0x00, 0x00, 0x00, 0x00, 0x00, 0x00, 0x00,
  0x00, 0x00, 0x00, 0x00, 0x8e, 0x82, 0x7d, 0x2d, 0x69, 0x5c, 0x55, 0xfe,
  0x67, 0x5b, 0x54, 0xff, 0x67, 0x5b, 0x54, 0xff, 0x84, 0x79, 0x73, 0xff,
  0xeb, 0xe5, 0xdd, 0xff, 0xe7, 0xe0, 0xd8, 0xff, 0xe7, 0xe0, 0xd8, 0xff,
  0xe8, 0xe0, 0xd9, 0xfe, 0xd4, 0xce, 0xc3, 0x2f, 0x00, 0x00, 0x00, 0x00,
  0x00, 0x00, 0x00, 0x00, 0x00, 0x00, 0x00, 0x00, 0x00, 0x00, 0x00, 0x00,
  0x00, 0x00, 0x00, 0x00, 0x00, 0x00, 0x00, 0x00, 0x00, 0x00, 0x00, 0x00,
  0x00, 0x00, 0x00, 0x00, 0x00, 0x00, 0x00, 0x00, 0x00, 0x00, 0x00, 0x00,
  0x00, 0x00, 0x00, 0x00, 0x00, 0x00, 0x00, 0x00, 0x00, 0x00, 0x00, 0x00,
  0x00, 0x00, 0x00, 0x00, 0x00, 0x00, 0x00, 0x00, 0x00, 0x00, 0x00, 0x00,
  0x00, 0x00, 0x00, 0x00, 0x00, 0x00, 0x00, 0x00, 0x00, 0x00, 0x00, 0x00,
  0x00, 0x00, 0x00, 0x00, 0x00, 0x00, 0x00, 0x00, 0x00, 0x00, 0x00, 0x00,
  0x00, 0x00, 0x00, 0x00, 0x00, 0x00, 0x00, 0x00, 0x00, 0x00, 0x00, 0x00,
  0x00, 0x00, 0x00, 0x00, 0x00, 0x00, 0x00, 0x00, 0x00, 0x00, 0x00, 0x00,
  0x00, 0x00, 0x00, 0x00, 0x00, 0x00, 0x00, 0x00, 0x00, 0x00, 0x00, 0x00,
  0x00, 0x00, 0x00, 0x00, 0x00, 0x00, 0x00, 0x00, 0x00, 0x00, 0x00, 0x00,
  0x00, 0x00, 0x00, 0x00, 0x00, 0x00, 0x00, 0x00, 0x00, 0x00, 0x00, 0x00,
  0x00, 0x00, 0x00, 0x00, 0x00, 0x00, 0x00, 0x00, 0x00, 0x00, 0x00, 0x00,
  0x00, 0x00, 0x00, 0x00, 0x00, 0x00, 0x00, 0x00, 0x00, 0x00, 0x00, 0x00,
  0x00, 0x00, 0x00, 0x00, 0x00, 0x00, 0x00, 0x00, 0x00, 0x00, 0x00, 0x00,
  0x00, 0x00, 0x00, 0x00, 0x00, 0x00, 0x00, 0x00, 0x00, 0x00, 0x00, 0x00,
  0x00, 0x00, 0x00, 0x00, 0x00, 0x00, 0x00, 0x00, 0x7c, 0x70, 0x68, 0xe4,
  0x67, 0x5b, 0x54, 0xff, 0x67, 0x5b, 0x54, 0xff, 0x71, 0x65, 0x5e, 0xff,
  0xe9, 0xe2, 0xd9, 0xff, 0xe7, 0xe0, 0xd8, 0xff, 0xe7, 0xe0, 0xd8, 0xff,
  0xde, 0xd7, 0xcf, 0xe3, 0x00, 0x00, 0x00, 0x00, 0x00, 0x00, 0x00, 0x00,
  0x00, 0x00, 0x00, 0x00, 0x00, 0x00, 0x00, 0x00, 0x00, 0x00, 0x00, 0x00,
  0x00, 0x00, 0x00, 0x00, 0x00, 0x00, 0x00, 0x00, 0x00, 0x00, 0x00, 0x00,
  0x00, 0x00, 0x00, 0x00, 0x00, 0x00, 0x00, 0x00, 0x00, 0x00, 0x00, 0x00,
  0x00, 0x00, 0x00, 0x00, 0x00, 0x00, 0x00, 0x00, 0x00, 0x00, 0x00, 0x00,
  0x00, 0x00, 0x00, 0x00, 0x00, 0x00, 0x00, 0x00, 0x00, 0x00, 0x00, 0x00,
  0x00, 0x00, 0x00, 0x00, 0x00, 0x00, 0x00, 0x00, 0x00, 0x00, 0x00, 0x00,
  0x00, 0x00, 0x00, 0x00, 0x00, 0x00, 0x00, 0x00, 0x00, 0x00, 0x00, 0x00,
  0x00, 0x00, 0x00, 0x00, 0x00, 0x00, 0x00, 0x00, 0x00, 0x00, 0x00, 0x00,
  0x00, 0x00, 0x00, 0x00, 0x00, 0x00, 0x00, 0x00, 0x00, 0x00, 0x00, 0x00,
  0x00, 0x00, 0x00, 0x00, 0x00, 0x00, 0x00, 0x00, 0x00, 0x00, 0x00, 0x00,
  0x00, 0x00, 0x00, 0x00, 0x00, 0x00, 0x00, 0x00, 0x00, 0x00, 0x00, 0x00,
  0x00, 0x00, 0x00, 0x00, 0x00, 0x00, 0x00, 0x00, 0x00, 0x00, 0x00, 0x00,
  0x00, 0x00, 0x00, 0x00, 0x00, 0x00, 0x00, 0x00, 0x00, 0x00, 0x00, 0x00,
  0x00, 0x00, 0x00, 0x00, 0x00, 0x00, 0x00, 0x00, 0x00, 0x00, 0x00, 0x00,
  0x00, 0x00, 0x00, 0x00, 0x00, 0x00, 0x00, 0x00, 0x00, 0x00, 0x00, 0x00,
  0x00, 0x00, 0x00, 0x00, 0x00, 0x00, 0x00, 0x00, 0x00, 0x00, 0x00, 0x00,
  0x00, 0x00, 0x00, 0x00, 0x00, 0x00, 0x00, 0x00, 0x8a, 0x80, 0x79, 0x81,
  0x67, 0x5b, 0x54, 0xff, 0x67, 0x5b, 0x54, 0xff, 0x67, 0x5b, 0x54, 0xff,
  0xe7, 0xe0, 0xd8, 0xff, 0xe7, 0xe0, 0xd8, 0xff, 0xe7, 0xe0, 0xd8, 0xff,
  0xd9, 0xd1, 0xc9, 0x7f, 0x00, 0x00, 0x00, 0x00, 0x00, 0x00, 0x00, 0x00,
  0x00, 0x00, 0x00, 0x00, 0x00, 0x00, 0x00, 0x00, 0x00, 0x00, 0x00, 0x00,
  0x00, 0x00, 0x00, 0x00, 0x00, 0x00, 0x00, 0x00, 0x00, 0x00, 0x00, 0x00,
  0x00, 0x00, 0x00, 0x00, 0x00, 0x00, 0x00, 0x00, 0x00, 0x00, 0x00, 0x00,
  0x00, 0x00, 0x00, 0x00, 0x00, 0x00, 0x00, 0x00, 0x00, 0x00, 0x00, 0x00,
  0x00, 0x00, 0x00, 0x00, 0x00, 0x00, 0x00, 0x00, 0x00, 0x00, 0x00, 0x00,
  0x00, 0x00, 0x00, 0x00, 0x00, 0x00, 0x00, 0x00, 0x00, 0x00, 0x00, 0x00,
  0x00, 0x00, 0x00, 0x00, 0x00, 0x00, 0x00, 0x00, 0x00, 0x00, 0x00, 0x00,
  0x00, 0x00, 0x00, 0x00, 0x00, 0x00, 0x00, 0x00, 0x00, 0x00, 0x00, 0x00,
  0x00, 0x00, 0x00, 0x00, 0x00, 0x00, 0x00, 0x00, 0x00, 0x00, 0x00, 0x00,
  0x00, 0x00, 0x00, 0x00, 0x00, 0x00, 0x00, 0x00, 0x00, 0x00, 0x00, 0x00,
  0x00, 0x00, 0x00, 0x00, 0x00, 0x00, 0x00, 0x00, 0x00, 0x00, 0x00, 0x00,
  0x00, 0x00, 0x00, 0x00, 0x00, 0x00, 0x00, 0x00, 0x00, 0x00, 0x00, 0x00,
  0x00, 0x00, 0x00, 0x00, 0x00, 0x00, 0x00, 0x00, 0x00, 0x00, 0x00, 0x00,
  0x00, 0x00, 0x00, 0x00, 0x00, 0x00, 0x00, 0x00, 0x00, 0x00, 0x00, 0x00,
  0x00, 0x00, 0x00, 0x00, 0x00, 0x00, 0x00, 0x00, 0x00, 0x00, 0x00, 0x00,
  0x00, 0x00, 0x00, 0x00, 0x00, 0x00, 0x00, 0x00, 0x00, 0x00, 0x00, 0x00,
  0x00, 0x00, 0x00, 0x00, 0x00, 0x00, 0x00, 0x00, 0x9f, 0x80, 0x80, 0x08,
  0x6f, 0x63, 0x5b, 0xfb, 0x67, 0x5b, 0x54, 0xff, 0x67, 0x5b, 0x54, 0xff,
  0xe7, 0xe0, 0xd8, 0xff, 0xe7, 0xe0, 0xd8, 0xff, 0xe4, 0xdc, 0xd5, 0xfb,
  0xcc, 0xcc, 0xb3, 0x0a, 0x00, 0x00, 0x00, 0x00, 0x00, 0x00, 0x00, 0x00,
  0x00, 0x00, 0x00, 0x00, 0x00, 0x00, 0x00, 0x00, 0x00, 0x00, 0x00, 0x00,
  0x00, 0x00, 0x00, 0x00, 0x00, 0x00, 0x00, 0x00, 0x00, 0x00, 0x00, 0x00,
  0x00, 0x00, 0x00, 0x00, 0x00, 0x00, 0x00, 0x00, 0x00, 0x00, 0x00, 0x00,
  0x00, 0x00, 0x00, 0x00, 0x00, 0x00, 0x00, 0x00, 0x00, 0x00, 0x00, 0x00,
  0x00, 0x00, 0x00, 0x00, 0x00, 0x00, 0x00, 0x00, 0x00, 0x00, 0x00, 0x00,
  0x00, 0x00, 0x00, 0x00, 0x00, 0x00, 0x00, 0x00, 0x00, 0x00, 0x00, 0x00,
  0x00, 0x00, 0x00, 0x00, 0x00, 0x00, 0x00, 0x00, 0x00, 0x00, 0x00, 0x00,
  0x00, 0x00, 0x00, 0x00, 0x00, 0x00, 0x00, 0x00, 0x00, 0x00, 0x00, 0x00,
  0x00, 0x00, 0x00, 0x00, 0x00, 0x00, 0x00, 0x00, 0x00, 0x00, 0x00, 0x00,
  0x00, 0x00, 0x00, 0x00, 0x00, 0x00, 0x00, 0x00, 0x00, 0x00, 0x00, 0x00,
  0x00, 0x00, 0x00, 0x00, 0x00, 0x00, 0x00, 0x00, 0x00, 0x00, 0x00, 0x00,
  0x00, 0x00, 0x00, 0x00, 0x00, 0x00, 0x00, 0x00, 0x00, 0x00, 0x00, 0x00,
  0x00, 0x00, 0x00, 0x00, 0x00, 0x00, 0x00, 0x00, 0x00, 0x00, 0x00, 0x00,
  0x00, 0x00, 0x00, 0x00, 0x00, 0x00, 0x00, 0x00, 0x00, 0x00, 0x00, 0x00,
  0x00, 0x00, 0x00, 0x00, 0x00, 0x00, 0x00, 0x00, 0x00, 0x00, 0x00, 0x00,
  0x00, 0x00, 0x00, 0x00, 0x00, 0x00, 0x00, 0x00, 0x00, 0x00, 0x00, 0x00,
  0x00, 0x00, 0x00, 0x00, 0x00, 0x00, 0x00, 0x00, 0x00, 0x00, 0x00, 0x00,
  0x83, 0x77, 0x70, 0xc3, 0x67, 0x5b, 0x54, 0xff, 0x67, 0x5b, 0x54, 0xff,
  0xe7, 0xe0, 0xd8, 0xff, 0xe7, 0xe0, 0xd8, 0xff, 0xdc, 0xd5, 0xcd, 0xc0,
  0x00, 0x00, 0x00, 0x00, 0x00, 0x00, 0x00, 0x00, 0x00, 0x00, 0x00, 0x00,
  0x00, 0x00, 0x00, 0x00, 0x00, 0x00, 0x00, 0x00, 0x00, 0x00, 0x00, 0x00,
  0x00, 0x00, 0x00, 0x00, 0x00, 0x00, 0x00, 0x00, 0x00, 0x00, 0x00, 0x00,
  0x00, 0x00, 0x00, 0x00, 0x00, 0x00, 0x00, 0x00, 0x00, 0x00, 0x00, 0x00,
  0x00, 0x00, 0x00, 0x00, 0x00, 0x00, 0x00, 0x00, 0x00, 0x00, 0x00, 0x00,
  0x00, 0x00, 0x00, 0x00, 0x00, 0x00, 0x00, 0x00, 0x00, 0x00, 0x00, 0x00,
  0x00, 0x00, 0x00, 0x00, 0x00, 0x00, 0x00, 0x00, 0x00, 0x00, 0x00, 0x00,
  0x00, 0x00, 0x00, 0x00, 0x00, 0x00, 0x00, 0x00, 0x00, 0x00, 0x00, 0x00,
  0x00, 0x00, 0x00, 0x00, 0x00, 0x00, 0x00, 0x00, 0x00, 0x00, 0x00, 0x00,
  0x00, 0x00, 0x00, 0x00, 0x00, 0x00, 0x00, 0x00, 0x00, 0x00, 0x00, 0x00,
  0x00, 0x00, 0x00, 0x00, 0x00, 0x00, 0x00, 0x00, 0x00, 0x00, 0x00, 0x00,
  0x00, 0x00, 0x00, 0x00, 0x00, 0x00, 0x00, 0x00, 0x00, 0x00, 0x00, 0x00,
  0x00, 0x00, 0x00, 0x00, 0x00, 0x00, 0x00, 0x00, 0x00, 0x00, 0x00, 0x00,
  0x00, 0x00, 0x00, 0x00, 0x00, 0x00, 0x00, 0x00, 0x00, 0x00, 0x00, 0x00,
  0x00, 0x00, 0x00, 0x00, 0x00, 0x00, 0x00, 0x00, 0x00, 0x00, 0x00, 0x00,
  0x00, 0x00, 0x00, 0x00, 0x00, 0x00, 0x00, 0x00, 0x00, 0x00, 0x00, 0x00,
  0x00, 0x00, 0x00, 0x00, 0x00, 0x00, 0x00, 0x00, 0x00, 0x00, 0x00, 0x00,
  0x00, 0x00, 0x00, 0x00, 0x00, 0x00, 0x00, 0x00, 0x00, 0x00, 0x00, 0x00,
  0x90, 0x84, 0x7b, 0x3e, 0x68, 0x5c, 0x54, 0xff, 0x67, 0x5b, 0x54, 0xff,
  0xe7, 0xe0, 0xd8, 0xff, 0xe7, 0xdf, 0xd8, 0xff, 0xd5, 0xcd, 0xc9, 0x42,
  0x00, 0x00, 0x00, 0x00, 0x00, 0x00, 0x00, 0x00, 0x00, 0x00, 0x00, 0x00,
  0x00, 0x00, 0x00, 0x00, 0x00, 0x00, 0x00, 0x00, 0x00, 0x00, 0x00, 0x00,
  0x00, 0x00, 0x00, 0x00, 0x00, 0x00, 0x00, 0x00, 0x00, 0x00, 0x00, 0x00,
  0x00, 0x00, 0x00, 0x00, 0x00, 0x00, 0x00, 0x00, 0x00, 0x00, 0x00, 0x00,
  0x00, 0x00, 0x00, 0x00, 0x00, 0x00, 0x00, 0x00, 0x00, 0x00, 0x00, 0x00,
  0x00, 0x00, 0x00, 0x00, 0x00, 0x00, 0x00, 0x00, 0x00, 0x00, 0x00, 0x00,
  0x00, 0x00, 0x00, 0x00, 0x00, 0x00, 0x00, 0x00, 0x00, 0x00, 0x00, 0x00,
  0x00, 0x00, 0x00, 0x00, 0x00, 0x00, 0x00, 0x00, 0x00, 0x00, 0x00, 0x00,
  0x00, 0x00, 0x00, 0x00, 0x00, 0x00, 0x00, 0x00, 0x00, 0x00, 0x00, 0x00,
  0x00, 0x00, 0x00, 0x00, 0x00, 0x00, 0x00, 0x00, 0x00, 0x00, 0x00, 0x00,
  0x00, 0x00, 0x00, 0x00, 0x00, 0x00, 0x00, 0x00, 0x00, 0x00, 0x00, 0x00,
  0x00, 0x00, 0x00, 0x00, 0x00, 0x00, 0x00, 0x00, 0x00, 0x00, 0x00, 0x00,
  0x00, 0x00, 0x00, 0x00, 0x00, 0x00, 0x00, 0x00, 0x00, 0x00, 0x00, 0x00,
  0x00, 0x00, 0x00, 0x00, 0x00, 0x00, 0x00, 0x00, 0x00, 0x00, 0x00, 0x00,
  0x00, 0x00, 0x00, 0x00, 0x00, 0x00, 0x00, 0x00, 0x00, 0x00, 0x00, 0x00,
  0x00, 0x00, 0x00, 0x00, 0x00, 0x00, 0x00, 0x00, 0x00, 0x00, 0x00, 0x00,
  0x00, 0x00, 0x00, 0x00, 0x00, 0x00, 0x00, 0x00, 0x00, 0x00, 0x00, 0x00,
  0x00, 0x00, 0x00, 0x00, 0x00, 0x00, 0x00, 0x00, 0x00, 0x00, 0x00, 0x00,
  0x00, 0x00, 0x00, 0x00, 0x79, 0x6d, 0x66, 0xec, 0x67, 0x5b, 0x54, 0xff,
  0xe7, 0xe0, 0xd8, 0xff, 0xe1, 0xd9, 0xd0, 0xeb, 0x00, 0x00, 0x00, 0x00,
  0x00, 0x00, 0x00, 0x00, 0x00, 0x00, 0x00, 0x00, 0x00, 0x00, 0x00, 0x00,
  0x00, 0x00, 0x00, 0x00, 0x00, 0x00, 0x00, 0x00, 0x00, 0x00, 0x00, 0x00,
  0x00, 0x00, 0x00, 0x00, 0x00, 0x00, 0x00, 0x00, 0x00, 0x00, 0x00, 0x00,
  0x00, 0x00, 0x00, 0x00, 0x00, 0x00, 0x00, 0x00, 0x00, 0x00, 0x00, 0x00,
  0x00, 0x00, 0x00, 0x00, 0x00, 0x00, 0x00, 0x00, 0x00, 0x00, 0x00, 0x00,
  0x00, 0x00, 0x00, 0x00, 0x00, 0x00, 0x00, 0x00, 0x00, 0x00, 0x00, 0x00,
  0x00, 0x00, 0x00, 0x00, 0x00, 0x00, 0x00, 0x00, 0x00, 0x00, 0x00, 0x00,
  0x00, 0x00, 0x00, 0x00, 0x00, 0x00, 0x00, 0x00, 0x00, 0x00, 0x00, 0x00,
  0x00, 0x00, 0x00, 0x00, 0x00, 0x00, 0x00, 0x00, 0x00, 0x00, 0x00, 0x00,
  0x00, 0x00, 0x00, 0x00, 0x00, 0x00, 0x00, 0x00, 0x00, 0x00, 0x00, 0x00,
  0x00, 0x00, 0x00, 0x00, 0x00, 0x00, 0x00, 0x00, 0x00, 0x00, 0x00, 0x00,
  0x00, 0x00, 0x00, 0x00, 0x00, 0x00, 0x00, 0x00, 0x00, 0x00, 0x00, 0x00,
  0x00, 0x00, 0x00, 0x00, 0x00, 0x00, 0x00, 0x00, 0x00, 0x00, 0x00, 0x00,
  0x00, 0x00, 0x00, 0x00, 0x00, 0x00, 0x00, 0x00, 0x00, 0x00, 0x00, 0x00,
  0x00, 0x00, 0x00, 0x00, 0x00, 0x00, 0x00, 0x00, 0x00, 0x00, 0x00, 0x00,
  0x00, 0x00, 0x00, 0x00, 0x00, 0x00, 0x00, 0x00, 0x00, 0x00, 0x00, 0x00,
  0x00, 0x00, 0x00, 0x00, 0x00, 0x00, 0x00, 0x00, 0x00, 0x00, 0x00, 0x00,
  0x00, 0x00, 0x00, 0x00, 0x00, 0x00, 0x00, 0x00, 0x00, 0x00, 0x00, 0x00,
  0x00, 0x00, 0x00, 0x00, 0x8a, 0x80, 0x75, 0x94, 0x67, 0x5b, 0x54, 0xff,
  0xe7, 0xe0, 0xd8, 0xff, 0xd9, 0xd2, 0xc9, 0x92, 0x00, 0x00, 0x00, 0x00,
  0x00, 0x00, 0x00, 0x00, 0x00, 0x00, 0x00, 0x00, 0x00, 0x00, 0x00, 0x00,
  0x00, 0x00, 0x00, 0x00, 0x00, 0x00, 0x00, 0x00, 0x00, 0x00, 0x00, 0x00,
  0x00, 0x00, 0x00, 0x00, 0x00, 0x00, 0x00, 0x00, 0x00, 0x00, 0x00, 0x00,
  0x00, 0x00, 0x00, 0x00, 0x00, 0x00, 0x00, 0x00, 0x00, 0x00, 0x00, 0x00,
  0x00, 0x00, 0x00, 0x00, 0x00, 0x00, 0x00, 0x00, 0x00, 0x00, 0x00, 0x00,
  0x00, 0x00, 0x00, 0x00, 0x00, 0x00, 0x00, 0x00, 0x00, 0x00, 0x00, 0x00,
  0x00, 0x00, 0x00, 0x00, 0x00, 0x00, 0x00, 0x00, 0x00, 0x00, 0x00, 0x00,
  0x00, 0x00, 0x00, 0x00, 0x00, 0x00, 0x00, 0x00, 0x00, 0x00, 0x00, 0x00,
  0x00, 0x00, 0x00, 0x00, 0x00, 0x00, 0x00, 0x00, 0x00, 0x00, 0x00, 0x00,
  0x00, 0x00, 0x00, 0x00, 0x00, 0x00, 0x00, 0x00, 0x00, 0x00, 0x00, 0x00,
  0x00, 0x00, 0x00, 0x00, 0x00, 0x00, 0x00, 0x00, 0x00, 0x00, 0x00, 0x00,
  0x00, 0x00, 0x00, 0x00, 0x00, 0x00, 0x00, 0x00, 0x00, 0x00, 0x00, 0x00,
  0x00, 0x00, 0x00, 0x00, 0x00, 0x00, 0x00, 0x00, 0x00, 0x00, 0x00, 0x00,
  0x00, 0x00, 0x00, 0x00, 0x00, 0x00, 0x00, 0x00, 0x00, 0x00, 0x00, 0x00,
  0x00, 0x00, 0x00, 0x00, 0x00, 0x00, 0x00, 0x00, 0x00, 0x00, 0x00, 0x00,
  0x00, 0x00, 0x00, 0x00, 0x00, 0x00, 0x00, 0x00, 0x00, 0x00, 0x00, 0x00,
  0x00, 0x00, 0x00, 0x00, 0x00, 0x00, 0x00, 0x00, 0x00, 0x00, 0x00, 0x00,
  0x00, 0x00, 0x00, 0x00, 0x00, 0x00, 0x00, 0x00, 0x00, 0x00, 0x00, 0x00,
  0x00, 0x00, 0x00, 0x00, 0x8e, 0x80, 0x80, 0x12, 0x6d, 0x60, 0x59, 0xfd,
  0xe5, 0xdd, 0xd6, 0xfd, 0xd7, 0xc9, 0xc9, 0x13, 0x00, 0x00, 0x00, 0x00,
  0x00, 0x00, 0x00, 0x00, 0x00, 0x00, 0x00, 0x00, 0x00, 0x00, 0x00, 0x00,
  0x00, 0x00, 0x00, 0x00, 0x00, 0x00, 0x00, 0x00, 0x00, 0x00, 0x00, 0x00,
  0x00, 0x00, 0x00, 0x00, 0x00, 0x00, 0x00, 0x00, 0x00, 0x00, 0x00, 0x00,
  0x00, 0x00, 0x00, 0x00, 0x00, 0x00, 0x00, 0x00, 0x00, 0x00, 0x00, 0x00,
  0x00, 0x00, 0x00, 0x00, 0x00, 0x00, 0x00, 0x00, 0x00, 0x00, 0x00, 0x00,
  0x00, 0x00, 0x00, 0x00, 0x00, 0x00, 0x00, 0x00, 0x00, 0x00, 0x00, 0x00,
  0x00, 0x00, 0x00, 0x00, 0x00, 0x00, 0x00, 0x00, 0x00, 0x00, 0x00, 0x00,
  0x00, 0x00, 0x00, 0x00, 0x00, 0x00, 0x00, 0x00, 0x00, 0x00, 0x00, 0x00,
  0x00, 0x00, 0x00, 0x00, 0x00, 0x00, 0x00, 0x00, 0x00, 0x00, 0x00, 0x00,
  0x00, 0x00, 0x00, 0x00, 0x00, 0x00, 0x00, 0x00, 0x00, 0x00, 0x00, 0x00,
  0x00, 0x00, 0x00, 0x00, 0x00, 0x00, 0x00, 0x00, 0x00, 0x00, 0x00, 0x00,
  0x00, 0x00, 0x00, 0x00, 0x00, 0x00, 0x00, 0x00, 0x00, 0x00, 0x00, 0x00,
  0x00, 0x00, 0x00, 0x00, 0x00, 0x00, 0x00, 0x00, 0x00, 0x00, 0x00, 0x00,
  0x00, 0x00, 0x00, 0x00, 0x00, 0x00, 0x00, 0x00, 0x00, 0x00, 0x00, 0x00,
  0x00, 0x00, 0x00, 0x00, 0x00, 0x00, 0x00, 0x00, 0x00, 0x00, 0x00, 0x00,
  0x00, 0x00, 0x00, 0x00, 0x00, 0x00, 0x00, 0x00, 0x00, 0x00, 0x00, 0x00,
  0x00, 0x00, 0x00, 0x00, 0x00, 0x00, 0x00, 0x00, 0x00, 0x00, 0x00, 0x00,
  0x00, 0x00, 0x00, 0x00, 0x00, 0x00, 0x00, 0x00, 0x00, 0x00, 0x00, 0x00,
  0x00, 0x00, 0x00, 0x00, 0x00, 0x00, 0x00, 0x00, 0x80, 0x75, 0x6e, 0xcf,
  0xdd, 0xd5, 0xcd, 0xcd, 0x00, 0x00, 0x00, 0x00, 0x00, 0x00, 0x00, 0x00,
  0x00, 0x00, 0x00, 0x00, 0x00, 0x00, 0x00, 0x00, 0x00, 0x00, 0x00, 0x00,
  0x00, 0x00, 0x00, 0x00, 0x00, 0x00, 0x00, 0x00, 0x00, 0x00, 0x00, 0x00,
  0x00, 0x00, 0x00, 0x00, 0x00, 0x00, 0x00, 0x00, 0x00, 0x00, 0x00, 0x00,
  0x00, 0x00, 0x00, 0x00, 0x00, 0x00, 0x00, 0x00, 0x00, 0x00, 0x00, 0x00,
  0x00, 0x00, 0x00, 0x00, 0x00, 0x00, 0x00, 0x00, 0x00, 0x00, 0x00, 0x00,
  0x00, 0x00, 0x00, 0x00, 0x00, 0x00, 0x00, 0x00, 0x00, 0x00, 0x00, 0x00,
  0x00, 0x00, 0x00, 0x00, 0x00, 0x00, 0x00, 0x00, 0x00, 0x00, 0x00, 0x00,
  0x00, 0x00, 0x00, 0x00, 0x00, 0x00, 0x00, 0x00, 0x00, 0x00, 0x00, 0x00,
  0x00, 0x00, 0x00, 0x00, 0x00, 0x00, 0x00, 0x00, 0x00, 0x00, 0x00, 0x00,
  0x00, 0x00, 0x00, 0x00, 0x00, 0x00, 0x00, 0x00, 0x00, 0x00, 0x00, 0x00,
  0x00, 0x00, 0x00, 0x00, 0x00, 0x00, 0x00, 0x00, 0x00, 0x00, 0x00, 0x00,
  0x00, 0x00, 0x00, 0x00, 0x00, 0x00, 0x00, 0x00, 0x00, 0x00, 0x00, 0x00,
  0x00, 0x00, 0x00, 0x00, 0x00, 0x00, 0x00, 0x00, 0x00, 0x00, 0x00, 0x00,
  0x00, 0x00, 0x00, 0x00, 0x00, 0x00, 0x00, 0x00, 0x00, 0x00, 0x00, 0x00,
  0x00, 0x00, 0x00, 0x00, 0x00, 0x00, 0x00, 0x00, 0x00, 0x00, 0x00, 0x00,
  0x00, 0x00, 0x00, 0x00, 0x00, 0x00, 0x00, 0x00, 0x00, 0x00, 0x00, 0x00,
  0x00, 0x00, 0x00, 0x00, 0x00, 0x00, 0x00, 0x00, 0x00, 0x00, 0x00, 0x00,
  0x00, 0x00, 0x00, 0x00, 0x00, 0x00, 0x00, 0x00, 0x00, 0x00, 0x00, 0x00,
  0x00, 0x00, 0x00, 0x00, 0x00, 0x00, 0x00, 0x00, 0x8e, 0x80, 0x7d, 0x58,
  0xd6, 0xd0, 0xc7, 0x57, 0x00, 0x00, 0x00, 0x00, 0x00, 0x00, 0x00, 0x00,
  0x00, 0x00, 0x00, 0x00, 0x00, 0x00, 0x00, 0x00, 0x00, 0x00, 0x00, 0x00,
  0x00, 0x00, 0x00, 0x00, 0x00, 0x00, 0x00, 0x00, 0x00, 0x00, 0x00, 0x00,
  0x00, 0x00, 0x00, 0x00, 0x00, 0x00, 0x00, 0x00, 0x00, 0x00, 0x00, 0x00,
  0x00, 0x00, 0x00, 0x00, 0x00, 0x00, 0x00, 0x00, 0x00, 0x00, 0x00, 0x00,
  0x00, 0x00, 0x00, 0x00, 0x00, 0x00, 0x00, 0x00, 0x00, 0x00, 0x00, 0x00,
  0x00, 0x00, 0x00, 0x00, 0x00, 0x00, 0x00, 0x00, 0x00, 0x00, 0x00, 0x00,
  0x00, 0x00, 0x00, 0x00, 0x00, 0x00, 0x00, 0x00, 0x00, 0x00, 0x00, 0x00,
  0x00, 0x00, 0x00, 0x00, 0x00, 0x00, 0x00, 0x00, 0x00, 0x00, 0x00, 0x00,
  0x00, 0x00, 0x00, 0x00, 0x00, 0x00, 0x00, 0x00, 0x00, 0x00, 0x00, 0x00,
  0x00, 0x00, 0x00, 0x00, 0x00, 0x00, 0x00, 0x00, 0x00, 0x00, 0x00, 0x00,
  0x00, 0x00, 0x00, 0x00, 0x00, 0x00, 0x00, 0x00, 0x00, 0x00, 0x00, 0x00,
  0x00, 0x00, 0x00, 0x00, 0x00, 0x00, 0x00, 0x00, 0x00, 0x00, 0x00, 0x00,
  0x00, 0x00, 0x00, 0x00, 0x00, 0x00, 0x00, 0x00, 0x00, 0x00, 0x00, 0x00,
  0x00, 0x00, 0x00, 0x00, 0x00, 0x00, 0x00, 0x00, 0x00, 0x00, 0x00, 0x00,
  0x00, 0x00, 0x00, 0x00, 0x00, 0x00, 0x00, 0x00, 0x00, 0x00, 0x00, 0x00,
  0x00, 0x00, 0x00, 0x00, 0x00, 0x00, 0x00, 0x00, 0x00, 0x00, 0x00, 0x00,
  0x00, 0x00, 0x00, 0x00, 0x00, 0x00, 0x00, 0x00, 0x00, 0x00, 0x00, 0x00,
  0x00, 0x00, 0x00, 0x00, 0x00, 0x00, 0x00, 0x00, 0x00, 0x00, 0x00, 0x00,
  0x00, 0x00, 0x00, 0x00, 0x00, 0x00, 0x00, 0x00, 0x00, 0x00, 0x00, 0x00,
  0x00, 0x00, 0x00, 0x00, 0x00, 0x00, 0x00, 0x00, 0x00, 0x00, 0x00, 0x00,
  0x00, 0x00, 0x00, 0x00, 0x00, 0x00, 0x00, 0x00, 0x00, 0x00, 0x00, 0x00,
  0x00, 0x00, 0x00, 0x00, 0x00, 0x00, 0x00, 0x00, 0x00, 0x00, 0x00, 0x00,
  0x00, 0x00, 0x00, 0x00, 0x00, 0x00, 0x00, 0x00, 0x00, 0x00, 0x00, 0x00,
  0x00, 0x00, 0x00, 0x00, 0x00, 0x00, 0x00, 0x00, 0x00, 0x00, 0x00, 0x00,
  0x00, 0x00, 0x00, 0x00, 0x00, 0x00, 0x00, 0x00, 0x00, 0x00, 0x00, 0x00,
  0x00, 0x00, 0x00, 0x00, 0x00, 0x00, 0x00, 0x00, 0x00, 0x00, 0x00, 0x00,
  0x00, 0x00, 0x00, 0x00, 0x00, 0x00, 0x00, 0x00, 0x00, 0x00, 0x00, 0x00,
  0x00, 0x00, 0x00, 0x00, 0x00, 0x00, 0x00, 0x00, 0x00, 0x00, 0x00, 0x00,
  0x00, 0x00, 0x00, 0x00, 0x00, 0x00, 0x00, 0x00, 0x00, 0x00, 0x00, 0x00,
  0x00, 0x00, 0x00, 0x00, 0x00, 0x00, 0x00, 0x00, 0x00, 0x00, 0x00, 0x00,
  0x00, 0x00, 0x00, 0x00, 0x00, 0x00, 0x00, 0x00, 0x00, 0x00, 0x00, 0x00,
  0x00, 0x00, 0x00, 0x00, 0x00, 0x00, 0x00, 0x00, 0x00, 0x00, 0x00, 0x00,
  0x00, 0x00, 0x00, 0x00, 0x00, 0x00, 0x00, 0x00, 0x00, 0x00, 0x00, 0x00,
  0x00, 0x00, 0x00, 0x00, 0x00, 0x00, 0x00, 0x00, 0x00, 0x00, 0x00, 0x00,
  0x00, 0x00, 0x00, 0x00, 0x00, 0x00, 0x00, 0x00, 0x00, 0x00, 0x00, 0x00,
  0x00, 0x00, 0x00, 0x00, 0x00, 0x00, 0x00, 0x00, 0x00, 0x00, 0x00, 0x00,
  0x00, 0x00, 0x00, 0x00, 0x00, 0x00, 0x00, 0x00, 0x00, 0x00, 0x00, 0x00,
  0x00, 0x00, 0x00, 0x00, 0x00, 0x00, 0x00, 0x00, 0x00, 0x00, 0x00, 0x00,
  0x00, 0x00, 0x00, 0x00, 0x00, 0x00, 0x00, 0x00, 0x00, 0x00, 0x00, 0x00,
  0x00, 0x00, 0x00, 0x00, 0x00, 0x00, 0x00, 0x00, 0x00, 0x00, 0x00, 0x00,
  0x00, 0x00, 0x00, 0x00, 0x00, 0x00, 0x00, 0x00, 0x00, 0x00, 0x00, 0x00,
  0x00, 0x00, 0x00, 0x00, 0x00, 0x00, 0x00, 0x00, 0x00, 0x00, 0x00, 0x00,
  0x00, 0x00, 0x00, 0x00, 0x00, 0x00, 0x00, 0x00, 0x00, 0x00, 0x00, 0x00,
  0x00, 0x00, 0x00, 0x00, 0x00, 0x00, 0x00, 0x00, 0x00, 0x00, 0x00, 0x00,
  0x00, 0x00, 0x00, 0x00, 0x00, 0x00, 0x00, 0x00, 0x00, 0x00, 0x00, 0x00,
  0x00, 0x00, 0x00, 0x00, 0x00, 0x00, 0x00, 0x00, 0x00, 0x00, 0x00, 0x00,
  0x00, 0x00, 0x00, 0x00, 0x00, 0x00, 0x00, 0x00, 0x00, 0x00, 0x00, 0x00,
  0x00, 0x00, 0x00, 0x00, 0x00, 0x00, 0x00, 0x00, 0x00, 0x00, 0x00, 0x00,
  0x00, 0x00, 0x00, 0x00, 0x00, 0x00, 0x00, 0x00, 0x00, 0x00, 0x00, 0x00,
  0x00, 0x00, 0x00, 0x00, 0x00, 0x00, 0x00, 0x00, 0x00, 0x00, 0x00, 0x00,
  0x00, 0x00, 0x00, 0x00, 0x00, 0x00, 0x00, 0x00, 0x00, 0x00, 0x00, 0x00,
  0x00, 0x00, 0x00, 0x00, 0x00, 0x00, 0x00, 0x00, 0x00, 0x00, 0x00, 0x00,
  0x00, 0x00, 0x00, 0x00, 0x00, 0x00, 0x00, 0x00, 0x00, 0x00, 0x00, 0x00,
  0x00, 0x00, 0x00, 0x00, 0x00, 0x00, 0x00, 0x00, 0x00, 0x00, 0x00, 0x00,
  0x00, 0x00, 0x00, 0x00, 0x00, 0x00, 0x00, 0x00, 0x00, 0x00, 0x00, 0x00,
  0x00, 0x00, 0x00, 0x00, 0x00, 0x00, 0x00, 0x00, 0x00, 0x00, 0x00, 0x00,
  0x00, 0x00, 0x00, 0x00, 0x00, 0x00, 0x00, 0x00, 0x00, 0x00, 0x00, 0x00,
  0x00, 0x00, 0x00, 0x00, 0x00, 0x00, 0x00, 0x00, 0x00, 0x00, 0x00, 0x00,
  0x00, 0x00, 0x00, 0x00, 0x00, 0x00, 0x00, 0x00, 0x00, 0x00, 0x00, 0x00,
  0x00, 0x00, 0x00, 0x00, 0x00, 0x00, 0x00, 0x00, 0x00, 0x00, 0x00, 0x00,
  0x00, 0x00, 0x00, 0x00, 0x00, 0x00, 0x00, 0x00, 0x00, 0x00, 0x00, 0x00,
  0x00, 0x00, 0x00, 0x00, 0x00, 0x00, 0x00, 0x00, 0x00, 0x00, 0x00, 0x00,
  0x00, 0x00, 0x00, 0x00, 0x00, 0x00, 0x00, 0x00, 0x00, 0x00, 0x00, 0x00,
  0x00, 0x00, 0x00, 0x00, 0x00, 0x00, 0x00, 0x00, 0x00, 0x00, 0x00, 0x00,
  0x00, 0x00, 0x00, 0x00, 0x00, 0x00, 0x00, 0x00, 0x00, 0x00, 0x00, 0x00,
  0x00, 0x00, 0x00, 0x00, 0x00, 0x00, 0x00, 0x00, 0x00, 0x00, 0x00, 0x00,
  0x00, 0x00, 0x00, 0x00, 0x00, 0x00, 0x00, 0x00, 0x00, 0x00, 0x00, 0x00,
  0x00, 0x00, 0x00, 0x00, 0x00, 0x00, 0x00, 0x00, 0x00, 0x00, 0x00, 0x00,
  0x00, 0x00, 0x00, 0x00, 0x00, 0x00, 0x00, 0x00, 0x00, 0x00, 0x00, 0x00,
  0x00, 0x00, 0x00, 0x00, 0x00, 0x00, 0x00, 0x00, 0x00, 0x00, 0x00, 0x00,
  0x00, 0x00, 0x00, 0x00, 0x00, 0x00, 0x00, 0x00, 0x00, 0x00, 0x00, 0x00,
  0x00, 0x00, 0x00, 0x00, 0x00, 0x00, 0x00, 0x00, 0x00, 0x00, 0x00, 0x00,
  0x00, 0x00, 0x00, 0x00, 0x00, 0x00, 0x00, 0x00, 0x00, 0x00, 0x00, 0x00,
  0x00, 0x00, 0x00, 0x00, 0x00, 0x00, 0x00, 0x00, 0x00, 0x00, 0x00, 0x00,
  0x00, 0x00, 0x00, 0x00, 0x00, 0x00, 0x00, 0x00, 0x00, 0x00, 0x00, 0x00,
  0x00, 0x00, 0x00, 0x00, 0x00, 0x00, 0x00, 0x00, 0x00, 0x00, 0x00, 0x00,
  0x00, 0x00, 0x00, 0x00, 0x00, 0x00, 0x00, 0x00, 0x00, 0x00, 0x00, 0x00,
  0x00, 0x00, 0x00, 0x00, 0x00, 0x00, 0x00, 0x00, 0x00, 0x00, 0x00, 0x00,
  0x00, 0x00, 0x00, 0x00, 0x00, 0x00, 0x00, 0x00, 0x00, 0x00, 0x00, 0x00,
  0x00, 0x00, 0x00, 0x00, 0x00, 0x00, 0x00, 0x00, 0x00, 0x00, 0x00, 0x00,
  0x00, 0x00, 0x00, 0x00, 0x00, 0x00, 0x00, 0x00, 0x00, 0x00, 0x00, 0x00,
  0x00, 0x00, 0x00, 0x00, 0x00, 0x00, 0x00, 0x00, 0x00, 0x00, 0x00, 0x00,
  0x00, 0x00, 0x00, 0x00, 0x00, 0x00, 0x00, 0x00, 0x00, 0x00, 0x00, 0x00,
  0x00, 0x00, 0x00, 0x00, 0x00, 0x00, 0x00, 0x00, 0x00, 0x00, 0x00, 0x00,
  0x00, 0x00, 0x00, 0x00, 0x00, 0x00, 0x00, 0x00, 0x00, 0x00, 0x00, 0x00,
  0x00, 0x00, 0x00, 0x00, 0x00, 0x00, 0x00, 0x00, 0x00, 0x00, 0x00, 0x00,
  0x00, 0x00, 0x00, 0x00, 0x00, 0x00, 0x00, 0x00, 0x00, 0x00, 0x00, 0x00,
  0x00, 0x00, 0x00, 0x00, 0x00, 0x00, 0x00, 0x00, 0x00, 0x00, 0x00, 0x00,
  0x00, 0x00, 0x00, 0x00, 0x00, 0x00, 0x00, 0x00, 0x00, 0x00, 0x00, 0x00,
  0x00, 0x00, 0x00, 0x00, 0x00, 0x00, 0x00, 0x00, 0x00, 0x00, 0x00, 0x00,
  0x00, 0x00, 0x00, 0x00, 0x00, 0x00, 0x00, 0x00, 0x00, 0x00, 0x00, 0x00,
  0x00, 0x00, 0x00, 0x00, 0x00, 0x00, 0x00, 0x00, 0x00, 0x00, 0x00, 0x00,
  0x00, 0x00, 0x00, 0x00, 0x00, 0x00, 0x00, 0x00, 0x00, 0x00, 0x00, 0x00,
  0x00, 0x00, 0x00, 0x00, 0x00, 0x00, 0x00, 0x00, 0x00, 0x00, 0x00, 0x00,
  0x00, 0x00, 0x00, 0x00, 0x00, 0x00, 0x00, 0x00, 0x00, 0x00, 0x00, 0x00,
  0x00, 0x00, 0x00, 0x00, 0x00, 0x00, 0x00, 0x00, 0x00, 0x00, 0x00, 0x00,
  0x00, 0x00, 0x00, 0x00, 0x00, 0x00, 0x00, 0x00, 0x00, 0x00, 0x00, 0x00,
  0x00, 0x00, 0x00, 0x00, 0x00, 0x00, 0x00, 0x00, 0x00, 0x00, 0x00, 0x00,
  0x00, 0x00, 0x00, 0x00, 0x00, 0x00, 0x00, 0x00, 0x00, 0x00, 0x00, 0x00,
  0x00, 0x00, 0x00, 0x00, 0x00, 0x00, 0x00, 0x00, 0x00, 0x00, 0x00, 0x00,
  0x00, 0x00, 0x00, 0x00, 0x00, 0x00, 0x00, 0x00, 0x00, 0x00, 0x00, 0x00,
  0x00, 0x00, 0x00, 0x00, 0x00, 0x00, 0x00, 0x00, 0x00, 0x00, 0x00, 0x00,
  0x00, 0x00, 0x00, 0x00, 0x00, 0x00, 0x00, 0x00, 0x00, 0x00, 0x00, 0x00,
  0x00, 0x00, 0x00, 0x00, 0x00, 0x00, 0x00, 0x00, 0x00, 0x00, 0x00, 0x00,
  0x00, 0x00, 0x00, 0x00, 0x00, 0x00, 0x00, 0x00, 0x00, 0x00, 0x00, 0x00,
  0x00, 0x00, 0x00, 0x00, 0x00, 0x00, 0x00, 0x00, 0x00, 0x00, 0x00, 0x00,
  0x00, 0x00, 0x00, 0x00, 0x00, 0x00, 0x00, 0x00, 0x00, 0x00, 0x00, 0x00,
  0x00, 0x00, 0x00, 0x00, 0x00, 0x00, 0x00, 0x00, 0x00, 0x00, 0x00, 0x00,
  0x00, 0x00, 0x00, 0x00, 0x00, 0x00, 0x00, 0x00, 0x00, 0x00, 0x00, 0x00,
  0x00, 0x00, 0x00, 0x00, 0x00, 0x00, 0x00, 0x00, 0x00, 0x00, 0x00, 0x00,
  0x00, 0x00, 0x00, 0x00, 0x00, 0x00, 0x00, 0x00, 0x00, 0x00, 0x00, 0x00,
  0x00, 0x00, 0x00, 0x00, 0x00, 0x00, 0x00, 0x00, 0x00, 0x00, 0x00, 0x00,
  0x00, 0x00, 0x00, 0x00, 0x00, 0x00, 0x00, 0x00, 0x00, 0x00, 0x00, 0x00,
  0x00, 0x00, 0x00, 0x00, 0x00, 0x00, 0x00, 0x00, 0x00, 0x00, 0x00, 0x00,
  0x00, 0x00, 0x00, 0x00, 0x00, 0x00, 0x00, 0x00, 0x00, 0x00, 0x00, 0x00,
  0x00, 0x00, 0x00, 0x00, 0x00, 0x00, 0x00, 0x00, 0x00, 0x00, 0x00, 0x00,
  0x00, 0x00, 0x00, 0x00, 0x00, 0x00, 0x00, 0x00, 0x00, 0x00, 0x00, 0x00,
  0x00, 0x00, 0x00, 0x00, 0x00, 0x00, 0x00, 0x00, 0x00, 0x00, 0x00, 0x00,
  0x00, 0x00, 0x00, 0x00, 0x00, 0x00, 0x00, 0x00, 0x00, 0x00, 0x00, 0x00,
  0x00, 0x00, 0x00, 0x00, 0x00, 0x00, 0x00, 0x00, 0x00, 0x00, 0x00, 0x00,
  0x00, 0x00, 0x00, 0x00, 0x00, 0x00, 0x00, 0x00, 0x00, 0x00, 0x00, 0x00,
  0x00, 0x00, 0x00, 0x00, 0x00, 0x00, 0x00, 0x00, 0x00, 0x00, 0x00, 0x00,
  0x00, 0x00, 0x00, 0x00, 0x00, 0x00, 0x00, 0x00, 0x00, 0x00, 0x00, 0x00,
  0x00, 0x00, 0x00, 0x00, 0x00, 0x00, 0x00, 0x00, 0x00, 0x00, 0x00, 0x00,
  0x00, 0x00, 0x00, 0x00, 0x00, 0x00, 0x00, 0x00, 0x00, 0x00, 0x00, 0x00,
  0x00, 0x00, 0x00, 0x00, 0x00, 0x00, 0x00, 0x00, 0x00, 0x00, 0x00, 0x00,
  0x00, 0x00, 0x00, 0x00, 0x00, 0x00, 0x00, 0x00, 0x00, 0x00, 0x00, 0x00,
  0x00, 0x00, 0x00, 0x00, 0x00, 0x00, 0x00, 0x00, 0x00, 0x00, 0x00, 0x00,
  0x00, 0x00, 0x00, 0x00, 0x00, 0x00, 0x00, 0x00, 0x00, 0x00, 0x00, 0x00,
  0x00, 0x00, 0x00, 0x00, 0x00, 0x00, 0x00, 0x00, 0x00, 0x00, 0x00, 0x00,
  0x00, 0x00, 0x00, 0x00, 0x00, 0x00, 0x00, 0x00, 0x00, 0x00, 0x00, 0x00,
  0x00, 0x00, 0x00, 0x00, 0x00, 0x00, 0x00, 0x00, 0x00, 0x00, 0x00, 0x00,
  0x00, 0x00, 0x00, 0x00, 0x00, 0x00, 0x00, 0x00, 0x00, 0x00, 0x00, 0x00,
  0x00, 0x00, 0x00, 0x00, 0x00, 0x00, 0x00, 0x00, 0x00, 0x00, 0x00, 0x00,
  0x00, 0x00, 0x00, 0x00, 0x00, 0x00, 0x00, 0x00, 0x00, 0x00, 0x00, 0x00,
  0x00, 0x00, 0x00, 0x00, 0x00, 0x00, 0x00, 0x00, 0x00, 0x00, 0x00, 0x00,
  0x00, 0x00, 0x00, 0x00, 0x00, 0x00, 0x00, 0x00, 0x00, 0x00, 0x00, 0x00,
  0x00, 0x00, 0x00, 0x00, 0x00, 0x00, 0x00, 0x00, 0x00, 0x00, 0x00, 0x00,
  0x00, 0x00, 0x00, 0x00, 0x00, 0x00, 0x00, 0x00, 0x00, 0x00, 0x00, 0x00,
  0x00, 0x00, 0x00, 0x00, 0x00, 0x00, 0x00, 0x00, 0x00, 0x00, 0x00, 0x00,
  0x00, 0x00, 0x00, 0x00, 0x00, 0x00, 0x00, 0x00, 0x00, 0x00, 0x00, 0x00,
  0x00, 0x00, 0x00, 0x00, 0x00, 0x00, 0x00, 0x00, 0x00, 0x00, 0x00, 0x00,
  0x00, 0x00, 0x00, 0x00, 0x00, 0x00, 0x00, 0x00, 0x00, 0x00, 0x00, 0x00,
  0x00, 0x00, 0x00, 0x00, 0x00, 0x00, 0x00, 0x00, 0x00, 0x00, 0x00, 0x00,
  0x00, 0x00, 0x00, 0x00, 0x00, 0x00, 0x00, 0x00, 0x00, 0x00, 0x00, 0x00,
  0x00, 0x00, 0x00, 0x00, 0x00, 0x00, 0x00, 0x00, 0x00, 0x00, 0x00, 0x00,
  0x00, 0x00, 0x00, 0x00, 0x00, 0x00, 0x00, 0x00, 0x00, 0x00, 0x00, 0x00,
  0x00, 0x00, 0x00, 0x00, 0x00, 0x00, 0x00, 0x00, 0x00, 0x00, 0x00, 0x00,
  0x00, 0x00, 0x00, 0x00, 0x00, 0x00, 0x00, 0x00, 0x00, 0x00, 0x00, 0x00,
  0x00, 0x00, 0x00, 0x00, 0x00, 0x00, 0x00, 0x00, 0x00, 0x00, 0x00, 0x00,
  0x00, 0x00, 0x00, 0x00, 0x00, 0x00, 0x00, 0x00, 0x00, 0x00, 0x00, 0x00,
  0x00, 0x00, 0x00, 0x00, 0x00, 0x00, 0x00, 0x00, 0x00, 0x00, 0x00, 0x00,
  0x00, 0x00, 0x00, 0x00, 0x00, 0x00, 0x00, 0x00, 0x00, 0x00, 0x00, 0x00,
  0x00, 0x00, 0x00, 0x00, 0x00, 0x00, 0x00, 0x00, 0x00, 0x00, 0x00, 0x00,
  0x00, 0x00, 0x00, 0x00, 0x00, 0x00, 0x00, 0x00, 0x00, 0x00, 0x00, 0x00,
  0x00, 0x00, 0x00, 0x00, 0x00, 0x00, 0x00, 0x00, 0x00, 0x00, 0x00, 0x00,
  0x00, 0x00, 0x00, 0x00, 0x00, 0x00, 0x00, 0x00, 0x00, 0x00, 0x00, 0x00,
  0x00, 0x00, 0x00, 0x00, 0x00, 0x00, 0x00, 0x00, 0x00, 0x00, 0x00, 0x00,
  0x00, 0x00, 0x00, 0x00, 0x00, 0x00, 0x00, 0x00, 0x00, 0x00, 0x00, 0x00,
  0x00, 0x00, 0x00, 0x00, 0x00, 0x00, 0x00, 0x00, 0x00, 0x00, 0x00, 0x00,
  0x00, 0x00, 0x00, 0x00, 0x00, 0x00, 0x00, 0x00, 0x00, 0x00, 0x00, 0x00,
  0x00, 0x00, 0x00, 0x00, 0x00, 0x00, 0x00, 0x00, 0x00, 0x00, 0x00, 0x00,
  0x00, 0x00, 0x00, 0x00, 0x00, 0x00, 0x00, 0x00, 0x00, 0x00, 0x00, 0x00,
  0x00, 0x00, 0x00, 0x00, 0x00, 0x00, 0x00, 0x00, 0x00, 0x00, 0x00, 0x00,
  0x00, 0x00, 0x00, 0x00, 0x00, 0x00, 0x00, 0x00, 0x00, 0x00, 0x00, 0x00,
  0x00, 0x00, 0x00, 0x00, 0x00, 0x00, 0x00, 0x00, 0x00, 0x00, 0x00, 0x00,
  0x00, 0x00, 0x00, 0x00, 0x00, 0x00, 0x00, 0x00, 0x00, 0x00, 0x00, 0x00,
  0x00, 0x00, 0x00, 0x00, 0x00, 0x00, 0x00, 0x00, 0x00, 0x00, 0x00, 0x00,
  0x00, 0x00, 0x00, 0x00, 0x00, 0x00, 0x00, 0x00, 0x00, 0x00, 0x00, 0x00,
  0x00, 0x00, 0x00, 0x00, 0x00, 0x00, 0x00, 0x00, 0x00, 0x00, 0x00, 0x00,
  0x00, 0x00, 0x00, 0x00, 0x00, 0x00, 0x00, 0x00, 0x00, 0x00, 0x00, 0x00,
  0x00, 0x00, 0x00, 0x00, 0x00, 0x00, 0x00, 0x00, 0x00, 0x00, 0x00, 0x00,
  0x00, 0x00, 0x00, 0x00, 0x00, 0x00, 0x00, 0x00, 0x00, 0x00, 0x00, 0x00,
  0x00, 0x00, 0x00, 0x00, 0x00, 0x00, 0x00, 0x00, 0x00, 0x00, 0x00, 0x00,
  0x00, 0x00, 0x00, 0x00, 0x00, 0x00, 0x00, 0x00, 0x00, 0x00, 0x00, 0x00,
  0x00, 0x00, 0x00, 0x00, 0x00, 0x00, 0x00, 0x00, 0x00, 0x00, 0x00, 0x00,
  0x00, 0x00, 0x00, 0x00, 0x00, 0x00, 0x00, 0x00, 0x00, 0x00, 0x00, 0x00,
  0x00, 0x00, 0x00, 0x00, 0x00, 0x00, 0x00, 0x00, 0x00, 0x00, 0x00, 0x00,
  0x00, 0x00, 0x00, 0x00, 0x00, 0x00, 0x00, 0x00, 0x00, 0x00, 0x00, 0x00,
  0x00, 0x00, 0x00, 0x00, 0x00, 0x00, 0x00, 0x00, 0x00, 0x00, 0x00, 0x00,
  0x00, 0x00, 0x00, 0x00, 0x00, 0x00, 0x00, 0x00, 0x00, 0x00, 0x00, 0x00,
  0x00, 0x00, 0x00, 0x00, 0x00, 0x00, 0x00, 0x00, 0x00, 0x00, 0x00, 0x00,
  0x00, 0x00, 0x00, 0x00, 0x00, 0x00, 0x00, 0x00, 0x00, 0x00, 0x00, 0x00,
  0x00, 0x00, 0x00, 0x00, 0x00, 0x00, 0x00, 0x00, 0x00, 0x00, 0x00, 0x00,
  0x00, 0x00, 0x00, 0x00, 0x00, 0x00, 0x00, 0x00, 0x00, 0x00, 0x00, 0x00,
  0x00, 0x00, 0x00, 0x00, 0x00, 0x00, 0x00, 0x00, 0x00, 0x00, 0x00, 0x00,
  0x00, 0x00, 0x00, 0x00, 0x00, 0x00, 0x00, 0x00, 0x00, 0x00, 0x00, 0x00,
  0x00, 0x00, 0x00, 0x00, 0x00, 0x00, 0x00, 0x00, 0x00, 0x00, 0x00, 0x00,
  0x00, 0x00, 0x00, 0x00, 0x00, 0x00, 0x00, 0x00, 0x00, 0x00, 0x00, 0x00,
  0x00, 0x00, 0x00, 0x00, 0x00, 0x00, 0x00, 0x00, 0x00, 0x00, 0x00, 0x00,
  0x00, 0x00, 0x00, 0x00, 0x00, 0x00, 0x00, 0x00, 0x00, 0x00, 0x00, 0x00,
  0x00, 0x00, 0x00, 0x00, 0x00, 0x00, 0x00, 0x00, 0x00, 0x00, 0x00, 0x00,
  0x00, 0x00, 0x00, 0x00, 0x00, 0x00, 0x00, 0x00, 0x00, 0x00, 0x00, 0x00,
  0x00, 0x00, 0x00, 0x00, 0x00, 0x00, 0x00, 0x00, 0x00, 0x00, 0x00, 0x00,
  0x00, 0x00, 0x00, 0x00, 0x00, 0x00, 0x00, 0x00, 0x00, 0x00, 0x00, 0x00,
  0x00, 0x00, 0x00, 0x00, 0x00, 0x00, 0x00, 0x00, 0x00, 0x00, 0x00, 0x00,
  0x00, 0x00, 0x00, 0x00, 0x00, 0x00, 0x00, 0x00, 0x00, 0x00, 0x00, 0x00,
  0x00, 0x00, 0x00, 0x00, 0x00, 0x00, 0x00, 0x00, 0x00, 0x00, 0x00, 0x00,
  0x00, 0x00, 0x00, 0x00, 0x00, 0x00, 0x00, 0x00, 0x00, 0x00, 0x00, 0x00,
  0x00, 0x00, 0x00, 0x00, 0x00, 0x00, 0x00, 0x00, 0x00, 0x00, 0x00, 0x00,
  0x00, 0x00, 0x00, 0x00, 0x00, 0x00, 0x00, 0x00, 0x00, 0x00, 0x00, 0x00,
  0x00, 0x00, 0x00, 0x00, 0x00, 0x00, 0x00, 0x00, 0x00, 0x00, 0x00, 0x00,
  0x00, 0x00, 0x00, 0x00, 0x00, 0x00, 0x00, 0x00, 0x00, 0x00, 0x00, 0x00,
  0x00, 0x00, 0x00, 0x00, 0x00, 0x00, 0x00, 0x00, 0x00, 0x00, 0x00, 0x00,
  0x00, 0x00, 0x00, 0x00, 0x00, 0x00, 0x00, 0x00, 0x00, 0x00, 0x00, 0x00,
  0x00, 0x00, 0x00, 0x00, 0x00, 0x00, 0x00, 0x00, 0x00, 0x00, 0x00, 0x00,
  0x00, 0x00, 0x00, 0x00, 0x00, 0x00, 0x00, 0x00, 0x00, 0x00, 0x00, 0x00,
  0x00, 0x00, 0x00, 0x00, 0x00, 0x00, 0x00, 0x00, 0x00, 0x00, 0x00, 0x00,
  0x00, 0x00, 0x00, 0x00, 0x00, 0x00, 0x00, 0x00, 0x00, 0x00, 0x00, 0x00,
  0x00, 0x00, 0x00, 0x00, 0x00, 0x00, 0x00, 0x00, 0x00, 0x00, 0x00, 0x00,
  0x00, 0x00, 0x00, 0x00, 0x00, 0x00, 0x00, 0x00, 0x00, 0x00, 0x00, 0x00,
  0x00, 0x00, 0x00, 0x00, 0x00, 0x00, 0x00, 0x00, 0x00, 0x00, 0x00, 0x00,
  0x00, 0x00, 0x00, 0x00, 0x00, 0x00, 0x00, 0x00, 0x00, 0x00, 0x00, 0x00,
  0x00, 0x00, 0x00, 0x00, 0x00, 0x00, 0x00, 0x00, 0x00, 0x00, 0x00, 0x00,
  0x00, 0x00, 0x00, 0x00, 0x00, 0x00, 0x00, 0x00, 0x00, 0x00, 0x00, 0x00,
  0x00, 0x00, 0x00, 0x00, 0x00, 0x00, 0x00, 0x00, 0x00, 0x00, 0x00, 0x00,
  0x00, 0x00, 0x00, 0x00, 0x00, 0x00, 0x00, 0x00, 0x00, 0x00, 0x00, 0x00,
  0x00, 0x00, 0x00, 0x00, 0x00, 0x00, 0x00, 0x00, 0x00, 0x00, 0x00, 0x00,
  0x00, 0x00, 0x00, 0x00, 0x00, 0x00, 0x00, 0x00, 0x00, 0x00, 0x00, 0x00,
  0x00, 0x00, 0x00, 0x00, 0x00, 0x00, 0x00, 0x00, 0x00, 0x00, 0x00, 0x00,
  0x00, 0x00, 0x00, 0x00, 0x00, 0x00, 0x00, 0x00, 0x00, 0x00, 0x00, 0x00,
  0x00, 0x00, 0x00, 0x00, 0x00, 0x00, 0x00, 0x00, 0x00, 0x00, 0x00, 0x00,
  0x00, 0x00, 0x00, 0x00, 0x00, 0x00, 0x00, 0x00, 0x00, 0x00, 0x00, 0x00,
  0x00, 0x00, 0x00, 0x00, 0x00, 0x00, 0x00, 0x00, 0x00, 0x00, 0x00, 0x00,
  0x00, 0x00, 0x00, 0x00, 0x00, 0x00, 0x00, 0x00, 0x00, 0x00, 0x00, 0x00,
  0x00, 0x00, 0x00, 0x00, 0x00, 0x00, 0x00, 0x00, 0x00, 0x00, 0x00, 0x00,
  0x00, 0x00, 0x00, 0x00, 0x00, 0x00, 0x00, 0x00, 0x00, 0x00, 0x00, 0x00,
  0x00, 0x00, 0x00, 0x00, 0x00, 0x00, 0x00, 0x00, 0x00, 0x00, 0x00, 0x00,
  0x00, 0x00, 0x00, 0x00, 0x00, 0x00, 0x00, 0x00, 0x00, 0x00, 0x00, 0x00,
  0x00, 0x00, 0x00, 0x00, 0x00, 0x00, 0x00, 0x00, 0x00, 0x00, 0x00, 0x00,
  0x00, 0x00, 0x00, 0x00, 0x00, 0x00, 0x00, 0x00, 0x00, 0x00, 0x00, 0x00,
  0x00, 0x00, 0x00, 0x00, 0x00, 0x00, 0x00, 0x00, 0x00, 0x00, 0x00, 0x00,
  0x00, 0x00, 0x00, 0x00, 0x00, 0x00, 0x00, 0x00, 0x00, 0x00, 0x00, 0x00,
  0x00, 0x00, 0x00, 0x00, 0x00, 0x00, 0x00, 0x00, 0x00, 0x00, 0x00, 0x00,
  0x00, 0x00, 0x00, 0x00, 0x00, 0x00, 0x00, 0x00, 0x00, 0x00, 0x00, 0x00,
  0x00, 0x00, 0x00, 0x00, 0x00, 0x00, 0x00, 0x00, 0x00, 0x00, 0x00, 0x00,
  0x00, 0x00, 0x00, 0x00, 0x00, 0x00, 0x00, 0x00, 0x00, 0x00, 0x00, 0x00,
  0x00, 0x00, 0x00, 0x00, 0x00, 0x00, 0x00, 0x00, 0x00, 0x00, 0x00, 0x00,
  0x00, 0x00, 0x00, 0x00, 0x00, 0x00, 0x00, 0x00, 0x00, 0x00, 0x00, 0x00,
  0x00, 0x00, 0x00, 0x00, 0x00, 0x00, 0x00, 0x00, 0x00, 0x00, 0x00, 0x00,
  0x00, 0x00, 0x00, 0x00, 0x00, 0x00, 0x00, 0x00, 0x00, 0x00, 0x00, 0x00,
  0x00, 0x00, 0x00, 0x00, 0x00, 0x00, 0x00, 0x00, 0x00, 0x00, 0x00, 0x00,
  0x00, 0x00, 0x00, 0x00, 0x00, 0x00, 0x00, 0x00, 0x00, 0x00, 0x00, 0x00,
  0x00, 0x00, 0x00, 0x00, 0x00, 0x00, 0x00, 0x00, 0x00, 0x00, 0x00, 0x00,
  0x00, 0x00, 0x00, 0x00, 0x00, 0x00, 0x00, 0x00, 0x00, 0x00, 0x00, 0x00,
  0x00, 0x00, 0x00, 0x00, 0x00, 0x00, 0x00, 0x00, 0x00, 0x00, 0x00, 0x00,
  0x00, 0x00, 0x00, 0x00, 0x00, 0x00, 0x00, 0x00, 0x00, 0x00, 0x00, 0x00,
  0x00, 0x00, 0x00, 0x00, 0x00, 0x00, 0x00, 0x00, 0x00, 0x00, 0x00, 0x00,
  0x00, 0x00, 0x00, 0x00, 0x00, 0x00, 0x00, 0x00, 0x00, 0x00, 0x00, 0x00,
};

const lv_image_dsc_t analog_hour_hand = {
  .header = {
    .magic = LV_IMAGE_HEADER_MAGIC,
    .cf = LV_COLOR_FORMAT_ARGB8888,
    .flags = 0,
    .w = 60,
    .h = 208,
    .stride = 240,
    .reserved_2 = 0,
  },
  .data_size = sizeof(analog_hour_hand_map),
  .data = analog_hour_hand_map,
  .reserved = NULL,
};
